alpaca_symbol,qlib_symbol,Symbol,Security,GICS Sector,GICS Sub-Industry,Headquarters Location,Date added,CIK,Founded,universe_snapshot_source
A,A,A,Agilent Technologies,Health Care,Life Sciences Tools & Services,"Santa Clara, California",2000-06-05,1090872,1999,https://raw.githubusercontent.com/datasets/s-and-p-500-companies/main/data/constituents.csv
AAPL,AAPL,AAPL,Apple Inc.,Information Technology,"Technology Hardware, Storage & Peripherals","Cupertino, California",1982-11-30,320193,1977,https://raw.githubusercontent.com/datasets/s-and-p-500-companies/main/data/constituents.csv
ABBV,ABBV,ABBV,AbbVie,Health Care,Biotechnology,"North Chicago, Illinois",2012-12-31,1551152,2013 (1888),https://raw.githubusercontent.com/datasets/s-and-p-500-companies/main/data/constituents.csv
ABNB,ABNB,ABNB,Airbnb,Consumer Discretionary,"Hotels, Resorts & Cruise Lines","San Francisco, California",2023-09-18,1559720,2008,https://raw.githubusercontent.com/datasets/s-and-p-500-companies/main/data/constituents.csv
ABT,ABT,ABT,Abbott Laboratories,Health Care,Health Care Equipment,"North Chicago, Illinois",1957-03-04,1800,1888,https://raw.githubusercontent.com/datasets/s-and-p-500-companies/main/data/constituents.csv
ACGL,ACGL,ACGL,Arch Capital Group,Financials,Property & Casualty Insurance,"Hamilton, Bermuda",2022-11-01,947484,1995,https://raw.githubusercontent.com/datasets/s-and-p-500-companies/main/data/constituents.csv
ACN,ACN,ACN,Accenture,Information Technology,IT Consulting & Other Services,"Dublin, Ireland",2011-07-06,1467373,1989,https://raw.githubusercontent.com/datasets/s-and-p-500-companies/main/data/constituents.csv
ADBE,ADBE,ADBE,Adobe Inc.,Information Technology,Application Software,"San Jose, California",1997-05-05,796343,1982,https://raw.githubusercontent.com/datasets/s-and-p-500-companies/main/data/constituents.csv
ADI,ADI,ADI,Analog Devices,Information Technology,Semiconductors,"Wilmington, Massachusetts",1999-10-12,6281,1965,https://raw.githubusercontent.com/datasets/s-and-p-500-companies/main/data/constituents.csv
ADM,ADM,ADM,Archer Daniels Midland,Consumer Staples,Agricultural Products & Services,"Chicago, Illinois",1957-03-04,7084,1902,https://raw.githubusercontent.com/datasets/s-and-p-500-companies/main/data/constituents.csv
ADP,ADP,ADP,Automatic Data Processing,Industrials,Human Resource & Employment Services,"Roseland, New Jersey",1981-03-31,8670,1949,https://raw.githubusercontent.com/datasets/s-and-p-500-companies/main/data/constituents.csv
ADSK,ADSK,ADSK,Autodesk,Information Technology,Application Software,"San Francisco, California",1989-12-01,769397,1982,https://raw.githubusercontent.com/datasets/s-and-p-500-companies/main/data/constituents.csv
AEE,AEE,AEE,Ameren,Utilities,Multi-Utilities,"St. Louis, Missouri",1991-09-19,1002910,1902,https://raw.githubusercontent.com/datasets/s-and-p-500-companies/main/data/constituents.csv
AEP,AEP,AEP,American Electric Power,Utilities,Electric Utilities,"Columbus, Ohio",1957-03-04,4904,1906,https://raw.githubusercontent.com/datasets/s-and-p-500-companies/main/data/constituents.csv
AES,AES,AES,AES Corporation,Utilities,Independent Power Producers & Energy Traders,"Arlington, Virginia",1998-10-02,874761,1981,https://raw.githubusercontent.com/datasets/s-and-p-500-companies/main/data/constituents.csv
AFL,AFL,AFL,Aflac,Financials,Life & Health Insurance,"Columbus, Georgia",1999-05-28,4977,1955,https://raw.githubusercontent.com/datasets/s-and-p-500-companies/main/data/constituents.csv
AIG,AIG,AIG,American International Group,Financials,Multi-line Insurance,"New York City, New York",1980-03-31,5272,1919,https://raw.githubusercontent.com/datasets/s-and-p-500-companies/main/data/constituents.csv
AIZ,AIZ,AIZ,Assurant,Financials,Multi-line Insurance,"Atlanta, Georgia",2007-04-10,1267238,1892,https://raw.githubusercontent.com/datasets/s-and-p-500-companies/main/data/constituents.csv
AJG,AJG,AJG,Arthur J. Gallagher & Co.,Financials,Insurance Brokers,"Rolling Meadows, Illinois",2016-05-31,354190,1927,https://raw.githubusercontent.com/datasets/s-and-p-500-companies/main/data/constituents.csv
AKAM,AKAM,AKAM,Akamai Technologies,Information Technology,Internet Services & Infrastructure,"Cambridge, Massachusetts",2007-07-12,1086222,1998,https://raw.githubusercontent.com/datasets/s-and-p-500-companies/main/data/constituents.csv
ALB,ALB,ALB,Albemarle Corporation,Materials,Specialty Chemicals,"Charlotte, North Carolina",2016-07-01,915913,1994,https://raw.githubusercontent.com/datasets/s-and-p-500-companies/main/data/constituents.csv
ALGN,ALGN,ALGN,Align Technology,Health Care,Health Care Supplies,"Tempe, Arizona",2017-06-19,1097149,1997,https://raw.githubusercontent.com/datasets/s-and-p-500-companies/main/data/constituents.csv
ALL,ALL,ALL,Allstate,Financials,Property & Casualty Insurance,"Northbrook, Illinois",1995-07-13,899051,1931,https://raw.githubusercontent.com/datasets/s-and-p-500-companies/main/data/constituents.csv
ALLE,ALLE,ALLE,Allegion,Industrials,Building Products,"Dublin, Ireland",2013-12-02,1579241,1908,https://raw.githubusercontent.com/datasets/s-and-p-500-companies/main/data/constituents.csv
AMAT,AMAT,AMAT,Applied Materials,Information Technology,Semiconductor Materials & Equipment,"Santa Clara, California",1995-03-16,6951,1967,https://raw.githubusercontent.com/datasets/s-and-p-500-companies/main/data/constituents.csv
AMCR,AMCR,AMCR,Amcor,Materials,Paper & Plastic Packaging Products & Materials,"Warmley, Bristol, United Kingdom",2019-06-07,1748790,2019 (1860),https://raw.githubusercontent.com/datasets/s-and-p-500-companies/main/data/constituents.csv
AMD,AMD,AMD,Advanced Micro Devices,Information Technology,Semiconductors,"Santa Clara, California",2017-03-20,2488,1969,https://raw.githubusercontent.com/datasets/s-and-p-500-companies/main/data/constituents.csv
AME,AME,AME,Ametek,Industrials,Electrical Components & Equipment,"Berwyn, Pennsylvania",2013-09-23,1037868,1930,https://raw.githubusercontent.com/datasets/s-and-p-500-companies/main/data/constituents.csv
AMGN,AMGN,AMGN,Amgen,Health Care,Biotechnology,"Thousand Oaks, California",1992-01-02,318154,1980,https://raw.githubusercontent.com/datasets/s-and-p-500-companies/main/data/constituents.csv
AMP,AMP,AMP,Ameriprise Financial,Financials,Asset Management & Custody Banks,"Minneapolis, Minnesota",2005-10-03,820027,1894,https://raw.githubusercontent.com/datasets/s-and-p-500-companies/main/data/constituents.csv
AMT,AMT,AMT,American Tower,Real Estate,Telecom Tower REITs,"Boston, Massachusetts",2007-11-19,1053507,1995,https://raw.githubusercontent.com/datasets/s-and-p-500-companies/main/data/constituents.csv
AMZN,AMZN,AMZN,Amazon,Consumer Discretionary,Broadline Retail,"Seattle, Washington",2005-11-18,1018724,1994,https://raw.githubusercontent.com/datasets/s-and-p-500-companies/main/data/constituents.csv
ANET,ANET,ANET,Arista Networks,Information Technology,Communications Equipment,"Santa Clara, California",2018-08-28,1596532,2004,https://raw.githubusercontent.com/datasets/s-and-p-500-companies/main/data/constituents.csv
AON,AON,AON,Aon plc,Financials,Insurance Brokers,"London, United Kingdom",1996-04-23,315293,1982 (1919),https://raw.githubusercontent.com/datasets/s-and-p-500-companies/main/data/constituents.csv
AOS,AOS,AOS,A. O. Smith,Industrials,Building Products,"Milwaukee, Wisconsin",2017-07-26,91142,1916,https://raw.githubusercontent.com/datasets/s-and-p-500-companies/main/data/constituents.csv
APA,APA,APA,APA Corporation,Energy,Oil & Gas Exploration & Production,"Houston, Texas",1997-07-28,1841666,1954,https://raw.githubusercontent.com/datasets/s-and-p-500-companies/main/data/constituents.csv
APD,APD,APD,Air Products,Materials,Industrial Gases,"Upper Macungie Township, Pennsylvania",1985-04-30,2969,1940,https://raw.githubusercontent.com/datasets/s-and-p-500-companies/main/data/constituents.csv
APH,APH,APH,Amphenol,Information Technology,Electronic Components,"Wallingford, Connecticut",2008-09-30,820313,1932,https://raw.githubusercontent.com/datasets/s-and-p-500-companies/main/data/constituents.csv
APO,APO,APO,Apollo Global Management,Financials,Asset Management & Custody Banks,"New York City, New York",2024-12-23,1858681,1990,https://raw.githubusercontent.com/datasets/s-and-p-500-companies/main/data/constituents.csv
APP,APP,APP,AppLovin,Communication Services,Advertising,"Palo Alto, California",2025-09-22,1751008,2012,https://raw.githubusercontent.com/datasets/s-and-p-500-companies/main/data/constituents.csv
APTV,APTV,APTV,Aptiv,Consumer Discretionary,Automotive Parts & Equipment,"Schaffhausen, Switzerland",2012-12-24,1521332,1994,https://raw.githubusercontent.com/datasets/s-and-p-500-companies/main/data/constituents.csv
ARE,ARE,ARE,Alexandria Real Estate Equities,Real Estate,Office REITs,"Pasadena, California",2017-03-20,1035443,1994,https://raw.githubusercontent.com/datasets/s-and-p-500-companies/main/data/constituents.csv
ARES,ARES,ARES,Ares Management,Financials,Asset Management & Custody Banks,"Los Angeles, California",2025-12-11,1176948,1977,https://raw.githubusercontent.com/datasets/s-and-p-500-companies/main/data/constituents.csv
ATO,ATO,ATO,Atmos Energy,Utilities,Gas Utilities,"Dallas, Texas",2019-02-15,731802,1906,https://raw.githubusercontent.com/datasets/s-and-p-500-companies/main/data/constituents.csv
AVGO,AVGO,AVGO,Broadcom,Information Technology,Semiconductors,"Palo Alto, California",2014-05-08,1730168,1961,https://raw.githubusercontent.com/datasets/s-and-p-500-companies/main/data/constituents.csv
AVY,AVY,AVY,Avery Dennison,Materials,Paper & Plastic Packaging Products & Materials,"Mentor, Ohio",1987-12-31,8818,1935,https://raw.githubusercontent.com/datasets/s-and-p-500-companies/main/data/constituents.csv
AWK,AWK,AWK,American Water Works,Utilities,Water Utilities,"Camden, New Jersey",2016-03-04,1410636,1886,https://raw.githubusercontent.com/datasets/s-and-p-500-companies/main/data/constituents.csv
AXON,AXON,AXON,Axon Enterprise,Industrials,Aerospace & Defense,"Scottsdale, Arizona",2023-05-04,1069183,1993,https://raw.githubusercontent.com/datasets/s-and-p-500-companies/main/data/constituents.csv
AXP,AXP,AXP,American Express,Financials,Consumer Finance,"New York City, New York",1976-06-30,4962,1850,https://raw.githubusercontent.com/datasets/s-and-p-500-companies/main/data/constituents.csv
AZO,AZO,AZO,AutoZone,Consumer Discretionary,Automotive Retail,"Memphis, Tennessee",1997-01-02,866787,1979,https://raw.githubusercontent.com/datasets/s-and-p-500-companies/main/data/constituents.csv
BA,BA,BA,Boeing,Industrials,Aerospace & Defense,"Arlington, Virginia",1957-03-04,12927,1916,https://raw.githubusercontent.com/datasets/s-and-p-500-companies/main/data/constituents.csv
BAC,BAC,BAC,Bank of America,Financials,Diversified Banks,"Charlotte, North Carolina",1976-06-30,70858,1998 (1923 / 1874),https://raw.githubusercontent.com/datasets/s-and-p-500-companies/main/data/constituents.csv
BALL,BALL,BALL,Ball Corporation,Materials,"Metal, Glass & Plastic Containers","Broomfield, Colorado",1984-10-31,9389,1880,https://raw.githubusercontent.com/datasets/s-and-p-500-companies/main/data/constituents.csv
BAX,BAX,BAX,Baxter International,Health Care,Health Care Equipment,"Deerfield, Illinois",1972-09-30,10456,1931,https://raw.githubusercontent.com/datasets/s-and-p-500-companies/main/data/constituents.csv
BBY,BBY,BBY,Best Buy,Consumer Discretionary,Computer & Electronics Retail,"Richfield, Minnesota",1999-06-29,764478,1966,https://raw.githubusercontent.com/datasets/s-and-p-500-companies/main/data/constituents.csv
BDX,BDX,BDX,Becton Dickinson,Health Care,Health Care Equipment,"Franklin Lakes, New Jersey",1972-09-30,10795,1897,https://raw.githubusercontent.com/datasets/s-and-p-500-companies/main/data/constituents.csv
BEN,BEN,BEN,Franklin Resources,Financials,Asset Management & Custody Banks,"San Mateo, California",1998-04-30,38777,1947,https://raw.githubusercontent.com/datasets/s-and-p-500-companies/main/data/constituents.csv
BF.B,BF_B,BF.B,Brown–Forman,Consumer Staples,Distillers & Vintners,"Louisville, Kentucky",1982-10-31,14693,1870,https://raw.githubusercontent.com/datasets/s-and-p-500-companies/main/data/constituents.csv
BG,BG,BG,Bunge Global,Consumer Staples,Agricultural Products & Services,"Chesterfield, Missouri",2023-03-15,1996862,1818,https://raw.githubusercontent.com/datasets/s-and-p-500-companies/main/data/constituents.csv
BIIB,BIIB,BIIB,Biogen,Health Care,Biotechnology,"Cambridge, Massachusetts",2003-11-13,875045,1978,https://raw.githubusercontent.com/datasets/s-and-p-500-companies/main/data/constituents.csv
BKNG,BKNG,BKNG,Booking Holdings,Consumer Discretionary,"Hotels, Resorts & Cruise Lines","Norwalk, Connecticut",2009-11-06,1075531,1996,https://raw.githubusercontent.com/datasets/s-and-p-500-companies/main/data/constituents.csv
BKR,BKR,BKR,Baker Hughes,Energy,Oil & Gas Equipment & Services,"Houston, Texas",2017-07-07,1701605,2017,https://raw.githubusercontent.com/datasets/s-and-p-500-companies/main/data/constituents.csv
BLDR,BLDR,BLDR,Builders FirstSource,Industrials,Building Products,"Irving, Texas",2023-12-18,1316835,1998,https://raw.githubusercontent.com/datasets/s-and-p-500-companies/main/data/constituents.csv
BLK,BLK,BLK,BlackRock,Financials,Asset Management & Custody Banks,"New York City, New York",2011-04-04,2012383,1988,https://raw.githubusercontent.com/datasets/s-and-p-500-companies/main/data/constituents.csv
BMY,BMY,BMY,Bristol Myers Squibb,Health Care,Pharmaceuticals,"New York City, New York",1957-03-04,14272,1989 (1887),https://raw.githubusercontent.com/datasets/s-and-p-500-companies/main/data/constituents.csv
BNY,BNY,BNY,BNY Mellon,Financials,Asset Management & Custody Banks,"New York City, New York",1995-03-31,1390777,1784,https://raw.githubusercontent.com/datasets/s-and-p-500-companies/main/data/constituents.csv
BR,BR,BR,Broadridge Financial Solutions,Industrials,Data Processing & Outsourced Services,"Lake Success, New York",2018-06-18,1383312,1962,https://raw.githubusercontent.com/datasets/s-and-p-500-companies/main/data/constituents.csv
BRK.B,BRK_B,BRK.B,Berkshire Hathaway,Financials,Multi-Sector Holdings,"Omaha, Nebraska",2010-02-16,1067983,1839,https://raw.githubusercontent.com/datasets/s-and-p-500-companies/main/data/constituents.csv
BRO,BRO,BRO,Brown & Brown,Financials,Insurance Brokers,"Daytona Beach, Florida",2021-09-20,79282,1939,https://raw.githubusercontent.com/datasets/s-and-p-500-companies/main/data/constituents.csv
BSX,BSX,BSX,Boston Scientific,Health Care,Health Care Equipment,"Marlborough, Massachusetts",1995-02-24,885725,1979,https://raw.githubusercontent.com/datasets/s-and-p-500-companies/main/data/constituents.csv
BX,BX,BX,Blackstone Inc.,Financials,Asset Management & Custody Banks,"New York City, New York",2023-09-18,1393818,1985,https://raw.githubusercontent.com/datasets/s-and-p-500-companies/main/data/constituents.csv
BXP,BXP,BXP,"BXP, Inc.",Real Estate,Office REITs,"Boston, Massachusetts",2006-04-03,1037540,1970,https://raw.githubusercontent.com/datasets/s-and-p-500-companies/main/data/constituents.csv
C,C,C,Citigroup,Financials,Diversified Banks,"New York City, New York",1988-05-31,831001,1998,https://raw.githubusercontent.com/datasets/s-and-p-500-companies/main/data/constituents.csv
CAH,CAH,CAH,Cardinal Health,Health Care,Health Care Distributors,"Dublin, Ohio",1997-05-27,721371,1971,https://raw.githubusercontent.com/datasets/s-and-p-500-companies/main/data/constituents.csv
CARR,CARR,CARR,Carrier Global,Industrials,Building Products,"Palm Beach Gardens, Florida",2020-04-03,1783180,"2020 (1915, United Technologies spinoff)",https://raw.githubusercontent.com/datasets/s-and-p-500-companies/main/data/constituents.csv
CASY,CASY,CASY,Casey's,Consumer Staples,Food Retail,"Ankeny, Iowa",2026-04-09,726958,1967,https://raw.githubusercontent.com/datasets/s-and-p-500-companies/main/data/constituents.csv
CAT,CAT,CAT,Caterpillar Inc.,Industrials,Construction Machinery & Heavy Transportation Equipment,"Irving, Texas",1957-03-04,18230,1925,https://raw.githubusercontent.com/datasets/s-and-p-500-companies/main/data/constituents.csv
CB,CB,CB,Chubb Limited,Financials,Property & Casualty Insurance,"Zurich, Switzerland",2010-07-15,896159,1985,https://raw.githubusercontent.com/datasets/s-and-p-500-companies/main/data/constituents.csv
CBOE,CBOE,CBOE,Cboe Global Markets,Financials,Financial Exchanges & Data,"Chicago, Illinois",2017-03-01,1374310,1973,https://raw.githubusercontent.com/datasets/s-and-p-500-companies/main/data/constituents.csv
CBRE,CBRE,CBRE,CBRE Group,Real Estate,Real Estate Services,"Dallas, Texas",2006-11-10,1138118,1906,https://raw.githubusercontent.com/datasets/s-and-p-500-companies/main/data/constituents.csv
CCI,CCI,CCI,Crown Castle,Real Estate,Telecom Tower REITs,"Houston, Texas",2012-03-14,1051470,1994,https://raw.githubusercontent.com/datasets/s-and-p-500-companies/main/data/constituents.csv
CCL,CCL,CCL,Carnival Corporation,Consumer Discretionary,"Hotels, Resorts & Cruise Lines","Miami, Florida",1998-12-22,815097,1972,https://raw.githubusercontent.com/datasets/s-and-p-500-companies/main/data/constituents.csv
CDNS,CDNS,CDNS,Cadence Design Systems,Information Technology,Application Software,"San Jose, California",2017-09-18,813672,1988,https://raw.githubusercontent.com/datasets/s-and-p-500-companies/main/data/constituents.csv
CDW,CDW,CDW,CDW Corporation,Information Technology,Technology Distributors,"Vernon Hills, Illinois",2019-09-23,1402057,1984,https://raw.githubusercontent.com/datasets/s-and-p-500-companies/main/data/constituents.csv
CEG,CEG,CEG,Constellation Energy,Utilities,Electric Utilities,"Baltimore, Maryland",2022-02-02,1868275,1999,https://raw.githubusercontent.com/datasets/s-and-p-500-companies/main/data/constituents.csv
CF,CF,CF,CF Industries,Materials,Fertilizers & Agricultural Chemicals,"Deerfield, Illinois",2008-08-27,1324404,1946,https://raw.githubusercontent.com/datasets/s-and-p-500-companies/main/data/constituents.csv
CFG,CFG,CFG,Citizens Financial Group,Financials,Regional Banks,"Providence, Rhode Island",2016-01-29,759944,1828,https://raw.githubusercontent.com/datasets/s-and-p-500-companies/main/data/constituents.csv
CHD,CHD,CHD,Church & Dwight,Consumer Staples,Household Products,"Ewing, New Jersey",2015-12-29,313927,1847,https://raw.githubusercontent.com/datasets/s-and-p-500-companies/main/data/constituents.csv
CHRW,CHRW,CHRW,C.H. Robinson,Industrials,Air Freight & Logistics,"Eden Prairie, Minnesota",2007-03-02,1043277,1905,https://raw.githubusercontent.com/datasets/s-and-p-500-companies/main/data/constituents.csv
CHTR,CHTR,CHTR,Charter Communications,Communication Services,Cable & Satellite,"Stamford, Connecticut",2016-09-08,1091667,1993,https://raw.githubusercontent.com/datasets/s-and-p-500-companies/main/data/constituents.csv
CI,CI,CI,Cigna,Health Care,Health Care Services,"Bloomfield, Connecticut",1976-06-30,1739940,1982,https://raw.githubusercontent.com/datasets/s-and-p-500-companies/main/data/constituents.csv
CIEN,CIEN,CIEN,Ciena,Information Technology,Communications Equipment,"Hanover, Maryland",2026-02-09,936395,1992,https://raw.githubusercontent.com/datasets/s-and-p-500-companies/main/data/constituents.csv
CINF,CINF,CINF,Cincinnati Financial,Financials,Property & Casualty Insurance,"Fairfield, Ohio",1997-12-18,20286,1950,https://raw.githubusercontent.com/datasets/s-and-p-500-companies/main/data/constituents.csv
CL,CL,CL,Colgate-Palmolive,Consumer Staples,Household Products,"New York City, New York",1957-03-04,21665,1806,https://raw.githubusercontent.com/datasets/s-and-p-500-companies/main/data/constituents.csv
CLX,CLX,CLX,Clorox,Consumer Staples,Household Products,"Oakland, California",1969-03-31,21076,1913,https://raw.githubusercontent.com/datasets/s-and-p-500-companies/main/data/constituents.csv
CMCSA,CMCSA,CMCSA,Comcast,Communication Services,Cable & Satellite,"Philadelphia, Pennsylvania",2002-11-19,1166691,1963,https://raw.githubusercontent.com/datasets/s-and-p-500-companies/main/data/constituents.csv
CME,CME,CME,CME Group,Financials,Financial Exchanges & Data,"Chicago, Illinois",2006-08-11,1156375,1848,https://raw.githubusercontent.com/datasets/s-and-p-500-companies/main/data/constituents.csv
CMG,CMG,CMG,Chipotle Mexican Grill,Consumer Discretionary,Restaurants,"Newport Beach, California",2011-04-28,1058090,1993,https://raw.githubusercontent.com/datasets/s-and-p-500-companies/main/data/constituents.csv
CMI,CMI,CMI,Cummins,Industrials,Construction Machinery & Heavy Transportation Equipment,"Columbus, Indiana",1965-03-31,26172,1919,https://raw.githubusercontent.com/datasets/s-and-p-500-companies/main/data/constituents.csv
CMS,CMS,CMS,CMS Energy,Utilities,Multi-Utilities,"Jackson, Michigan",1957-03-04,811156,1886,https://raw.githubusercontent.com/datasets/s-and-p-500-companies/main/data/constituents.csv
CNC,CNC,CNC,Centene Corporation,Health Care,Managed Health Care,"St. Louis, Missouri",2016-03-30,1071739,1984,https://raw.githubusercontent.com/datasets/s-and-p-500-companies/main/data/constituents.csv
CNP,CNP,CNP,CenterPoint Energy,Utilities,Multi-Utilities,"Houston, Texas",1985-07-31,1130310,1882,https://raw.githubusercontent.com/datasets/s-and-p-500-companies/main/data/constituents.csv
COF,COF,COF,Capital One,Financials,Consumer Finance,"Tysons Corner, Virginia",1998-07-01,927628,1994,https://raw.githubusercontent.com/datasets/s-and-p-500-companies/main/data/constituents.csv
COHR,COHR,COHR,Coherent Corp.,Information Technology,Electronic Components,"Saxonburg, Pennsylvania",2026-03-23,820318,1971,https://raw.githubusercontent.com/datasets/s-and-p-500-companies/main/data/constituents.csv
COIN,COIN,COIN,Coinbase,Financials,Financial Exchanges & Data,"New York City, New York",2025-05-19,1679788,2012,https://raw.githubusercontent.com/datasets/s-and-p-500-companies/main/data/constituents.csv
COO,COO,COO,Cooper Companies (The),Health Care,Health Care Supplies,"San Ramon, California",2016-09-23,711404,1958,https://raw.githubusercontent.com/datasets/s-and-p-500-companies/main/data/constituents.csv
COP,COP,COP,ConocoPhillips,Energy,Oil & Gas Exploration & Production,"Houston, Texas",1957-03-04,1163165,2002,https://raw.githubusercontent.com/datasets/s-and-p-500-companies/main/data/constituents.csv
COR,COR,COR,Cencora,Health Care,Health Care Distributors,"Conshohocken, Pennsylvania",2001-08-30,1140859,1985,https://raw.githubusercontent.com/datasets/s-and-p-500-companies/main/data/constituents.csv
COST,COST,COST,Costco,Consumer Staples,Consumer Staples Merchandise Retail,"Issaquah, Washington",1993-10-01,909832,1976,https://raw.githubusercontent.com/datasets/s-and-p-500-companies/main/data/constituents.csv
CPAY,CPAY,CPAY,Corpay,Financials,Transaction & Payment Processing Services,"Atlanta, Georgia",2018-06-20,1175454,2000,https://raw.githubusercontent.com/datasets/s-and-p-500-companies/main/data/constituents.csv
CPRT,CPRT,CPRT,Copart,Industrials,Diversified Support Services,"Dallas, Texas",2018-07-02,900075,1982,https://raw.githubusercontent.com/datasets/s-and-p-500-companies/main/data/constituents.csv
CPT,CPT,CPT,Camden Property Trust,Real Estate,Multi-Family Residential REITs,"Houston, Texas",2022-04-04,906345,1981,https://raw.githubusercontent.com/datasets/s-and-p-500-companies/main/data/constituents.csv
CRH,CRH,CRH,CRH plc,Materials,Construction Materials,"Dublin, Ireland",2025-12-22,849395,1970,https://raw.githubusercontent.com/datasets/s-and-p-500-companies/main/data/constituents.csv
CRL,CRL,CRL,Charles River Laboratories,Health Care,Life Sciences Tools & Services,"Wilmington, Massachusetts",2021-05-14,1100682,1947,https://raw.githubusercontent.com/datasets/s-and-p-500-companies/main/data/constituents.csv
CRM,CRM,CRM,Salesforce,Information Technology,Application Software,"San Francisco, California",2008-09-15,1108524,1999,https://raw.githubusercontent.com/datasets/s-and-p-500-companies/main/data/constituents.csv
CRWD,CRWD,CRWD,CrowdStrike,Information Technology,Systems Software,"Austin, Texas",2024-06-24,1535527,2011,https://raw.githubusercontent.com/datasets/s-and-p-500-companies/main/data/constituents.csv
CSCO,CSCO,CSCO,Cisco,Information Technology,Communications Equipment,"San Jose, California",1993-12-01,858877,1984,https://raw.githubusercontent.com/datasets/s-and-p-500-companies/main/data/constituents.csv
CSGP,CSGP,CSGP,CoStar Group,Real Estate,Real Estate Services,"Washington, D.C.",2022-09-19,1057352,1987,https://raw.githubusercontent.com/datasets/s-and-p-500-companies/main/data/constituents.csv
CSX,CSX,CSX,CSX Corporation,Industrials,Rail Transportation,"Jacksonville, Florida",1957-03-04,277948,1980,https://raw.githubusercontent.com/datasets/s-and-p-500-companies/main/data/constituents.csv
CTAS,CTAS,CTAS,Cintas,Industrials,Diversified Support Services,"Mason, Ohio",2001-03-01,723254,1929,https://raw.githubusercontent.com/datasets/s-and-p-500-companies/main/data/constituents.csv
CTSH,CTSH,CTSH,Cognizant,Information Technology,IT Consulting & Other Services,"Teaneck, New Jersey",2006-11-17,1058290,1994,https://raw.githubusercontent.com/datasets/s-and-p-500-companies/main/data/constituents.csv
CTVA,CTVA,CTVA,Corteva,Materials,Fertilizers & Agricultural Chemicals,"Indianapolis, Indiana",2019-06-03,1755672,2019,https://raw.githubusercontent.com/datasets/s-and-p-500-companies/main/data/constituents.csv
CVNA,CVNA,CVNA,Carvana,Consumer Discretionary,Automotive Retail,"Tempe, Arizona",2025-12-22,1690820,2012,https://raw.githubusercontent.com/datasets/s-and-p-500-companies/main/data/constituents.csv
CVS,CVS,CVS,CVS Health,Health Care,Health Care Services,"Woonsocket, Rhode Island",1957-03-04,64803,1996,https://raw.githubusercontent.com/datasets/s-and-p-500-companies/main/data/constituents.csv
CVX,CVX,CVX,Chevron Corporation,Energy,Integrated Oil & Gas,"Houston, Texas",1957-03-04,93410,1879,https://raw.githubusercontent.com/datasets/s-and-p-500-companies/main/data/constituents.csv
D,D,D,Dominion Energy,Utilities,Multi-Utilities,"Richmond, Virginia",2016-11-30,715957,1983,https://raw.githubusercontent.com/datasets/s-and-p-500-companies/main/data/constituents.csv
DAL,DAL,DAL,Delta Air Lines,Industrials,Passenger Airlines,"Atlanta, Georgia",2013-09-11,27904,1929,https://raw.githubusercontent.com/datasets/s-and-p-500-companies/main/data/constituents.csv
DASH,DASH,DASH,DoorDash,Consumer Discretionary,Specialized Consumer Services,"San Francisco, California",2025-03-24,1792789,2012,https://raw.githubusercontent.com/datasets/s-and-p-500-companies/main/data/constituents.csv
DD,DD,DD,DuPont,Industrials,Industrial Conglomerates,"Wilmington, Delaware",2019-06-03,1666700,2017 (1802),https://raw.githubusercontent.com/datasets/s-and-p-500-companies/main/data/constituents.csv
DDOG,DDOG,DDOG,Datadog,Information Technology,Application Software,"New York City, New York",2025-07-09,1561550,2010,https://raw.githubusercontent.com/datasets/s-and-p-500-companies/main/data/constituents.csv
DE,DE,DE,Deere & Company,Industrials,Agricultural & Farm Machinery,"Moline, Illinois",1957-03-04,315189,1837,https://raw.githubusercontent.com/datasets/s-and-p-500-companies/main/data/constituents.csv
DECK,DECK,DECK,Deckers Brands,Consumer Discretionary,Footwear,"Goleta, California",2024-03-18,910521,1973,https://raw.githubusercontent.com/datasets/s-and-p-500-companies/main/data/constituents.csv
DELL,DELL,DELL,Dell Technologies,Information Technology,"Technology Hardware, Storage & Peripherals","Round Rock, Texas",2024-09-23,1571996,2016,https://raw.githubusercontent.com/datasets/s-and-p-500-companies/main/data/constituents.csv
DG,DG,DG,Dollar General,Consumer Staples,Consumer Staples Merchandise Retail,"Goodlettsville, Tennessee",2012-12-03,29534,1939,https://raw.githubusercontent.com/datasets/s-and-p-500-companies/main/data/constituents.csv
DGX,DGX,DGX,Quest Diagnostics,Health Care,Health Care Services,"Secaucus, New Jersey",2002-12-12,1022079,1967,https://raw.githubusercontent.com/datasets/s-and-p-500-companies/main/data/constituents.csv
DHI,DHI,DHI,D. R. Horton,Consumer Discretionary,Homebuilding,"Arlington, Texas",2005-06-22,882184,1978,https://raw.githubusercontent.com/datasets/s-and-p-500-companies/main/data/constituents.csv
DHR,DHR,DHR,Danaher Corporation,Health Care,Life Sciences Tools & Services,"Washington, D.C.",1998-11-18,313616,1969,https://raw.githubusercontent.com/datasets/s-and-p-500-companies/main/data/constituents.csv
DIS,DIS,DIS,Walt Disney Company (The),Communication Services,Movies & Entertainment,"Burbank, California",1976-06-30,1744489,1923,https://raw.githubusercontent.com/datasets/s-and-p-500-companies/main/data/constituents.csv
DLR,DLR,DLR,Digital Realty,Real Estate,Data Center REITs,"Austin, Texas",2016-05-18,1297996,2004,https://raw.githubusercontent.com/datasets/s-and-p-500-companies/main/data/constituents.csv
DLTR,DLTR,DLTR,Dollar Tree,Consumer Staples,Consumer Staples Merchandise Retail,"Chesapeake, Virginia",2011-12-19,935703,1986,https://raw.githubusercontent.com/datasets/s-and-p-500-companies/main/data/constituents.csv
DOC,DOC,DOC,Healthpeak Properties,Real Estate,Health Care REITs,"Denver, Colorado",2008-03-31,765880,1985,https://raw.githubusercontent.com/datasets/s-and-p-500-companies/main/data/constituents.csv
DOV,DOV,DOV,Dover Corporation,Industrials,Industrial Machinery & Supplies & Components,"Downers Grove, Illinois",1985-10-31,29905,1955,https://raw.githubusercontent.com/datasets/s-and-p-500-companies/main/data/constituents.csv
DOW,DOW,DOW,Dow Inc.,Materials,Commodity Chemicals,"Midland, Michigan",2019-04-01,1751788,2019 (1897),https://raw.githubusercontent.com/datasets/s-and-p-500-companies/main/data/constituents.csv
DPZ,DPZ,DPZ,Domino's,Consumer Discretionary,Restaurants,"Ann Arbor, Michigan",2020-05-12,1286681,1960,https://raw.githubusercontent.com/datasets/s-and-p-500-companies/main/data/constituents.csv
DRI,DRI,DRI,Darden Restaurants,Consumer Discretionary,Restaurants,"Orlando, Florida",1995-05-31,940944,1938,https://raw.githubusercontent.com/datasets/s-and-p-500-companies/main/data/constituents.csv
DTE,DTE,DTE,DTE Energy,Utilities,Multi-Utilities,"Detroit, Michigan",1957-03-04,936340,1995,https://raw.githubusercontent.com/datasets/s-and-p-500-companies/main/data/constituents.csv
DUK,DUK,DUK,Duke Energy,Utilities,Electric Utilities,"Charlotte, North Carolina",1976-06-30,1326160,1904,https://raw.githubusercontent.com/datasets/s-and-p-500-companies/main/data/constituents.csv
DVA,DVA,DVA,DaVita,Health Care,Health Care Services,"Denver, Colorado",2008-07-31,927066,1979,https://raw.githubusercontent.com/datasets/s-and-p-500-companies/main/data/constituents.csv
DVN,DVN,DVN,Devon Energy,Energy,Oil & Gas Exploration & Production,"Oklahoma City, Oklahoma",2000-08-30,1090012,1971,https://raw.githubusercontent.com/datasets/s-and-p-500-companies/main/data/constituents.csv
DXCM,DXCM,DXCM,Dexcom,Health Care,Health Care Equipment,"San Diego, California",2020-05-12,1093557,1999,https://raw.githubusercontent.com/datasets/s-and-p-500-companies/main/data/constituents.csv
EBAY,EBAY,EBAY,eBay Inc.,Consumer Discretionary,Broadline Retail,"San Jose, California",2002-07-22,1065088,1995,https://raw.githubusercontent.com/datasets/s-and-p-500-companies/main/data/constituents.csv
ECHO,ECHO,ECHO,EchoStar,Communication Services,Wireless Telecommunication Services,"Englewood, Colorado",2026-03-23,1415404,2008,https://raw.githubusercontent.com/datasets/s-and-p-500-companies/main/data/constituents.csv
ECL,ECL,ECL,Ecolab,Materials,Specialty Chemicals,"Saint Paul, Minnesota",1989-01-31,31462,1923,https://raw.githubusercontent.com/datasets/s-and-p-500-companies/main/data/constituents.csv
ED,ED,ED,Consolidated Edison,Utilities,Multi-Utilities,"New York City, New York",1957-03-04,1047862,1823,https://raw.githubusercontent.com/datasets/s-and-p-500-companies/main/data/constituents.csv
EFX,EFX,EFX,Equifax,Industrials,Research & Consulting Services,"Atlanta, Georgia",1997-06-19,33185,1899,https://raw.githubusercontent.com/datasets/s-and-p-500-companies/main/data/constituents.csv
EG,EG,EG,Everest Group,Financials,Reinsurance,"Hamilton, Bermuda",2017-06-19,1095073,1973,https://raw.githubusercontent.com/datasets/s-and-p-500-companies/main/data/constituents.csv
EIX,EIX,EIX,Edison International,Utilities,Electric Utilities,"Rosemead, California",1957-03-04,827052,1886,https://raw.githubusercontent.com/datasets/s-and-p-500-companies/main/data/constituents.csv
EL,EL,EL,Estée Lauder Companies (The),Consumer Staples,Personal Care Products,"New York City, New York",2006-01-05,1001250,1946,https://raw.githubusercontent.com/datasets/s-and-p-500-companies/main/data/constituents.csv
ELV,ELV,ELV,Elevance Health,Health Care,Managed Health Care,"Indianapolis, Indiana",2002-07-25,1156039,2014 (1946),https://raw.githubusercontent.com/datasets/s-and-p-500-companies/main/data/constituents.csv
EME,EME,EME,Emcor,Industrials,Construction & Engineering,"Norwalk, Connecticut",2025-09-22,105634,1994,https://raw.githubusercontent.com/datasets/s-and-p-500-companies/main/data/constituents.csv
EMR,EMR,EMR,Emerson Electric,Industrials,Electrical Components & Equipment,"Ferguson, Missouri",1965-03-31,32604,1890,https://raw.githubusercontent.com/datasets/s-and-p-500-companies/main/data/constituents.csv
EOG,EOG,EOG,EOG Resources,Energy,Oil & Gas Exploration & Production,"Houston, Texas",2000-11-02,821189,1999,https://raw.githubusercontent.com/datasets/s-and-p-500-companies/main/data/constituents.csv
EQIX,EQIX,EQIX,Equinix,Real Estate,Data Center REITs,"Redwood City, California",2015-03-20,1101239,1998,https://raw.githubusercontent.com/datasets/s-and-p-500-companies/main/data/constituents.csv
EQT,EQT,EQT,EQT Corporation,Energy,Oil & Gas Exploration & Production,"Pittsburgh, Pennsylvania",2022-10-03,33213,1888,https://raw.githubusercontent.com/datasets/s-and-p-500-companies/main/data/constituents.csv
ERIE,ERIE,ERIE,Erie Indemnity,Financials,Insurance Brokers,"Erie, Pennsylvania",2024-09-23,922621,1925,https://raw.githubusercontent.com/datasets/s-and-p-500-companies/main/data/constituents.csv
ES,ES,ES,Eversource Energy,Utilities,Electric Utilities,"Hartford, Connecticut",2009-07-24,72741,1966,https://raw.githubusercontent.com/datasets/s-and-p-500-companies/main/data/constituents.csv
ESS,ESS,ESS,Essex Property Trust,Real Estate,Multi-Family Residential REITs,"San Mateo, California",2014-04-02,920522,1971,https://raw.githubusercontent.com/datasets/s-and-p-500-companies/main/data/constituents.csv
ETN,ETN,ETN,Eaton Corporation,Industrials,Electrical Components & Equipment,"Dublin, Ireland",1957-03-04,1551182,1911,https://raw.githubusercontent.com/datasets/s-and-p-500-companies/main/data/constituents.csv
ETR,ETR,ETR,Entergy,Utilities,Electric Utilities,"New Orleans, Louisiana",1957-03-04,65984,1913,https://raw.githubusercontent.com/datasets/s-and-p-500-companies/main/data/constituents.csv
EVRG,EVRG,EVRG,Evergy,Utilities,Electric Utilities,"Kansas City, Missouri",2018-06-05,1711269,1909,https://raw.githubusercontent.com/datasets/s-and-p-500-companies/main/data/constituents.csv
EW,EW,EW,Edwards Lifesciences,Health Care,Health Care Equipment,"Irvine, California",2011-04-01,1099800,1958,https://raw.githubusercontent.com/datasets/s-and-p-500-companies/main/data/constituents.csv
EXC,EXC,EXC,Exelon,Utilities,Electric Utilities,"Chicago, Illinois",1957-03-04,1109357,2000,https://raw.githubusercontent.com/datasets/s-and-p-500-companies/main/data/constituents.csv
EXE,EXE,EXE,Expand Energy,Energy,Oil & Gas Exploration & Production,"Oklahoma City, Oklahoma",2025-03-24,895126,1989,https://raw.githubusercontent.com/datasets/s-and-p-500-companies/main/data/constituents.csv
EXPD,EXPD,EXPD,Expeditors International,Industrials,Air Freight & Logistics,"Seattle, Washington",2007-10-10,746515,1979,https://raw.githubusercontent.com/datasets/s-and-p-500-companies/main/data/constituents.csv
EXPE,EXPE,EXPE,Expedia Group,Consumer Discretionary,"Hotels, Resorts & Cruise Lines","Seattle, Washington",2007-10-02,1324424,1996,https://raw.githubusercontent.com/datasets/s-and-p-500-companies/main/data/constituents.csv
EXR,EXR,EXR,Extra Space Storage,Real Estate,Self-Storage REITs,"Salt Lake City, Utah",2016-01-19,1289490,1977,https://raw.githubusercontent.com/datasets/s-and-p-500-companies/main/data/constituents.csv
F,F,F,Ford Motor Company,Consumer Discretionary,Automobile Manufacturers,"Dearborn, Michigan",1957-03-04,37996,1903,https://raw.githubusercontent.com/datasets/s-and-p-500-companies/main/data/constituents.csv
FANG,FANG,FANG,Diamondback Energy,Energy,Oil & Gas Exploration & Production,"Midland, Texas",2018-12-03,1539838,2007,https://raw.githubusercontent.com/datasets/s-and-p-500-companies/main/data/constituents.csv
FAST,FAST,FAST,Fastenal,Industrials,Trading Companies & Distributors,"Winona, Minnesota",2008-09-15,815556,1967,https://raw.githubusercontent.com/datasets/s-and-p-500-companies/main/data/constituents.csv
FCX,FCX,FCX,Freeport-McMoRan,Materials,Copper,"Phoenix, Arizona",2011-07-01,831259,1912,https://raw.githubusercontent.com/datasets/s-and-p-500-companies/main/data/constituents.csv
FDS,FDS,FDS,FactSet,Financials,Financial Exchanges & Data,"Norwalk, Connecticut",2021-12-20,1013237,1978,https://raw.githubusercontent.com/datasets/s-and-p-500-companies/main/data/constituents.csv
FDX,FDX,FDX,FedEx,Industrials,Air Freight & Logistics,"Memphis, Tennessee",1980-12-31,1048911,1971,https://raw.githubusercontent.com/datasets/s-and-p-500-companies/main/data/constituents.csv
FDXF,FDXF,FDXF,FedEx Freight,Industrials,Cargo Ground Transportation,"Memphis, Tennessee",2026-06-01,2082247,1982,https://raw.githubusercontent.com/datasets/s-and-p-500-companies/main/data/constituents.csv
FE,FE,FE,FirstEnergy,Utilities,Electric Utilities,"Akron, Ohio",1997-11-28,1031296,1997,https://raw.githubusercontent.com/datasets/s-and-p-500-companies/main/data/constituents.csv
FERG,FERG,FERG,Ferguson Enterprises,Industrials,Building Products,"Newport News, Virginia",2026-08-05,2011641,1953,https://raw.githubusercontent.com/datasets/s-and-p-500-companies/main/data/constituents.csv
FFIV,FFIV,FFIV,"F5, Inc.",Information Technology,Communications Equipment,"Seattle, Washington",2010-12-20,1048695,1996,https://raw.githubusercontent.com/datasets/s-and-p-500-companies/main/data/constituents.csv
FICO,FICO,FICO,Fair Isaac,Information Technology,Application Software,"Bozeman, Montana",2023-03-20,814547,1956,https://raw.githubusercontent.com/datasets/s-and-p-500-companies/main/data/constituents.csv
FIS,FIS,FIS,Fidelity National Information Services,Financials,Transaction & Payment Processing Services,"Jacksonville, Florida",2006-11-10,1136893,1968,https://raw.githubusercontent.com/datasets/s-and-p-500-companies/main/data/constituents.csv
FISV,FISV,FISV,Fiserv,Financials,Transaction & Payment Processing Services,"Brookfield, Wisconsin",2001-04-02,798354,1984,https://raw.githubusercontent.com/datasets/s-and-p-500-companies/main/data/constituents.csv
FITB,FITB,FITB,Fifth Third Bancorp,Financials,Regional Banks,"Cincinnati, Ohio",1996-03-29,35527,1858,https://raw.githubusercontent.com/datasets/s-and-p-500-companies/main/data/constituents.csv
FIX,FIX,FIX,Comfort Systems USA,Industrials,Construction & Engineering,"Houston, Texas",2025-12-22,1035983,1997,https://raw.githubusercontent.com/datasets/s-and-p-500-companies/main/data/constituents.csv
FLEX,FLEX,FLEX,Flex Ltd.,Information Technology,Electronic Manufacturing Services,"Austin, Texas",2026-06-22,866374,1969,https://raw.githubusercontent.com/datasets/s-and-p-500-companies/main/data/constituents.csv
FOX,FOX,FOX,Fox Corporation (Class B),Communication Services,Broadcasting,"New York City, New York",2019-03-19,1754301,2019,https://raw.githubusercontent.com/datasets/s-and-p-500-companies/main/data/constituents.csv
FOXA,FOXA,FOXA,Fox Corporation (Class A),Communication Services,Broadcasting,"New York City, New York",2019-03-19,1754301,2019,https://raw.githubusercontent.com/datasets/s-and-p-500-companies/main/data/constituents.csv
FRT,FRT,FRT,Federal Realty Investment Trust,Real Estate,Retail REITs,"Rockville, Maryland",2016-02-01,34903,1962,https://raw.githubusercontent.com/datasets/s-and-p-500-companies/main/data/constituents.csv
FSLR,FSLR,FSLR,First Solar,Information Technology,Semiconductors,"Tempe, Arizona",2022-12-19,1274494,1999,https://raw.githubusercontent.com/datasets/s-and-p-500-companies/main/data/constituents.csv
FTNT,FTNT,FTNT,Fortinet,Information Technology,Systems Software,"Sunnyvale, California",2018-10-11,1262039,2000,https://raw.githubusercontent.com/datasets/s-and-p-500-companies/main/data/constituents.csv
FTV,FTV,FTV,Fortive,Industrials,Industrial Machinery & Supplies & Components,"Everett, Washington",2016-07-01,1659166,2016,https://raw.githubusercontent.com/datasets/s-and-p-500-companies/main/data/constituents.csv
GD,GD,GD,General Dynamics,Industrials,Aerospace & Defense,"Reston, Virginia",1957-03-04,40533,1899,https://raw.githubusercontent.com/datasets/s-and-p-500-companies/main/data/constituents.csv
GDDY,GDDY,GDDY,GoDaddy,Information Technology,Internet Services & Infrastructure,"Tempe, Arizona",2024-06-24,1609711,1997,https://raw.githubusercontent.com/datasets/s-and-p-500-companies/main/data/constituents.csv
GE,GE,GE,GE Aerospace,Industrials,Aerospace & Defense,"Evendale, Ohio",1957-03-04,40545,1892,https://raw.githubusercontent.com/datasets/s-and-p-500-companies/main/data/constituents.csv
GEHC,GEHC,GEHC,GE HealthCare,Health Care,Health Care Equipment,"Chicago, Illinois",2023-01-04,1932393,1994,https://raw.githubusercontent.com/datasets/s-and-p-500-companies/main/data/constituents.csv
GEN,GEN,GEN,Gen Digital,Information Technology,Systems Software,"Tempe, Arizona",2003-03-25,849399,1982,https://raw.githubusercontent.com/datasets/s-and-p-500-companies/main/data/constituents.csv
GEV,GEV,GEV,GE Vernova,Industrials,Heavy Electrical Equipment,"Cambridge, Massachusetts",2024-04-02,1996810,2024,https://raw.githubusercontent.com/datasets/s-and-p-500-companies/main/data/constituents.csv
GILD,GILD,GILD,Gilead Sciences,Health Care,Biotechnology,"Foster City, California",2004-07-01,882095,1987,https://raw.githubusercontent.com/datasets/s-and-p-500-companies/main/data/constituents.csv
GIS,GIS,GIS,General Mills,Consumer Staples,Packaged Foods & Meats,"Golden Valley, Minnesota",1957-03-04,40704,1856,https://raw.githubusercontent.com/datasets/s-and-p-500-companies/main/data/constituents.csv
GL,GL,GL,Globe Life,Financials,Life & Health Insurance,"McKinney, Texas",1989-04-30,320335,1900,https://raw.githubusercontent.com/datasets/s-and-p-500-companies/main/data/constituents.csv
GLW,GLW,GLW,Corning Inc.,Information Technology,Electronic Components,"Corning, New York",1995-02-27,24741,1851,https://raw.githubusercontent.com/datasets/s-and-p-500-companies/main/data/constituents.csv
GM,GM,GM,General Motors,Consumer Discretionary,Automobile Manufacturers,"Detroit, Michigan",2013-06-06,1467858,1908,https://raw.githubusercontent.com/datasets/s-and-p-500-companies/main/data/constituents.csv
GNRC,GNRC,GNRC,Generac,Industrials,Heavy Electrical Equipment,"Waukesha, Wisconsin",2021-03-22,1474735,1959,https://raw.githubusercontent.com/datasets/s-and-p-500-companies/main/data/constituents.csv
GOOG,GOOG,GOOG,Alphabet Inc. (Class C),Communication Services,Interactive Media & Services,"Mountain View, California",2014-04-03,1652044,1998,https://raw.githubusercontent.com/datasets/s-and-p-500-companies/main/data/constituents.csv
GOOGL,GOOGL,GOOGL,Alphabet Inc. (Class A),Communication Services,Interactive Media & Services,"Mountain View, California",2006-04-03,1652044,1998,https://raw.githubusercontent.com/datasets/s-and-p-500-companies/main/data/constituents.csv
GPC,GPC,GPC,Genuine Parts Company,Consumer Discretionary,Distributors,"Atlanta, Georgia",1973-12-31,40987,1925,https://raw.githubusercontent.com/datasets/s-and-p-500-companies/main/data/constituents.csv
GPN,GPN,GPN,Global Payments,Financials,Transaction & Payment Processing Services,"Atlanta, Georgia",2016-04-25,1123360,2000,https://raw.githubusercontent.com/datasets/s-and-p-500-companies/main/data/constituents.csv
GRMN,GRMN,GRMN,Garmin,Consumer Discretionary,Consumer Electronics,"Schaffhausen, Switzerland",2012-12-12,1121788,1989,https://raw.githubusercontent.com/datasets/s-and-p-500-companies/main/data/constituents.csv
GS,GS,GS,Goldman Sachs,Financials,Investment Banking & Brokerage,"New York City, New York",2002-07-22,886982,1869,https://raw.githubusercontent.com/datasets/s-and-p-500-companies/main/data/constituents.csv
GWW,GWW,GWW,W. W. Grainger,Industrials,Industrial Machinery & Supplies & Components,"Lake Forest, Illinois",1981-06-30,277135,1927,https://raw.githubusercontent.com/datasets/s-and-p-500-companies/main/data/constituents.csv
HAL,HAL,HAL,Halliburton,Energy,Oil & Gas Equipment & Services,"Houston, Texas",1957-03-04,45012,1919,https://raw.githubusercontent.com/datasets/s-and-p-500-companies/main/data/constituents.csv
HAS,HAS,HAS,Hasbro,Consumer Discretionary,Leisure Products,"Pawtucket, Rhode Island",1984-09-30,46080,1923,https://raw.githubusercontent.com/datasets/s-and-p-500-companies/main/data/constituents.csv
HBAN,HBAN,HBAN,Huntington Bancshares,Financials,Regional Banks,"Columbus, Ohio; Detroit, Michigan",1997-08-28,49196,1866,https://raw.githubusercontent.com/datasets/s-and-p-500-companies/main/data/constituents.csv
HCA,HCA,HCA,HCA Healthcare,Health Care,Health Care Facilities,"Nashville, Tennessee",2015-01-27,860730,1968,https://raw.githubusercontent.com/datasets/s-and-p-500-companies/main/data/constituents.csv
HD,HD,HD,Home Depot (The),Consumer Discretionary,Home Improvement Retail,"Atlanta, Georgia",1988-03-31,354950,1978,https://raw.githubusercontent.com/datasets/s-and-p-500-companies/main/data/constituents.csv
HIG,HIG,HIG,Hartford (The),Financials,Property & Casualty Insurance,"Hartford, Connecticut",1957-03-04,874766,1810,https://raw.githubusercontent.com/datasets/s-and-p-500-companies/main/data/constituents.csv
HII,HII,HII,Huntington Ingalls Industries,Industrials,Aerospace & Defense,"Newport News, Virginia",2018-01-03,1501585,2011,https://raw.githubusercontent.com/datasets/s-and-p-500-companies/main/data/constituents.csv
HLT,HLT,HLT,Hilton Worldwide,Consumer Discretionary,"Hotels, Resorts & Cruise Lines","Tysons Corner, Virginia",2017-06-19,1585689,1919,https://raw.githubusercontent.com/datasets/s-and-p-500-companies/main/data/constituents.csv
HON,HON,HON,Honeywell Technologies,Industrials,Industrial Conglomerates,"Charlotte, North Carolina",1957-03-04,773840,1906,https://raw.githubusercontent.com/datasets/s-and-p-500-companies/main/data/constituents.csv
HONA,HONA,HONA,Honeywell Aerospace,Industrials,Aerospace & Defense,"Phoenix, Arizona",2026-06-29,2089271,1914,https://raw.githubusercontent.com/datasets/s-and-p-500-companies/main/data/constituents.csv
HOOD,HOOD,HOOD,Robinhood Markets,Financials,Investment Banking & Brokerage,"Menlo Park, California",2025-09-22,1783879,2013,https://raw.githubusercontent.com/datasets/s-and-p-500-companies/main/data/constituents.csv
HPE,HPE,HPE,Hewlett Packard Enterprise,Information Technology,"Technology Hardware, Storage & Peripherals","Houston, Texas",2015-11-02,1645590,2015,https://raw.githubusercontent.com/datasets/s-and-p-500-companies/main/data/constituents.csv
HPQ,HPQ,HPQ,HP Inc.,Information Technology,"Technology Hardware, Storage & Peripherals","Palo Alto, California",1974-12-31,47217,1939 (2015),https://raw.githubusercontent.com/datasets/s-and-p-500-companies/main/data/constituents.csv
HRL,HRL,HRL,Hormel Foods,Consumer Staples,Packaged Foods & Meats,"Austin, Minnesota",2009-03-04,48465,1891,https://raw.githubusercontent.com/datasets/s-and-p-500-companies/main/data/constituents.csv
HSIC,HSIC,HSIC,Henry Schein,Health Care,Health Care Distributors,"Melville, New York",2015-03-17,1000228,1932,https://raw.githubusercontent.com/datasets/s-and-p-500-companies/main/data/constituents.csv
HST,HST,HST,Host Hotels & Resorts,Real Estate,Hotel & Resort REITs,"Bethesda, Maryland",2007-03-20,1070750,1993,https://raw.githubusercontent.com/datasets/s-and-p-500-companies/main/data/constituents.csv
HSY,HSY,HSY,Hershey Company (The),Consumer Staples,Packaged Foods & Meats,"Hershey, Pennsylvania",1957-03-04,47111,1894,https://raw.githubusercontent.com/datasets/s-and-p-500-companies/main/data/constituents.csv
HUBB,HUBB,HUBB,Hubbell Incorporated,Industrials,Industrial Machinery & Supplies & Components,"Shelton, Connecticut",2023-10-18,48898,1888,https://raw.githubusercontent.com/datasets/s-and-p-500-companies/main/data/constituents.csv
HUM,HUM,HUM,Humana,Health Care,Managed Health Care,"Louisville, Kentucky",2012-12-10,49071,1961,https://raw.githubusercontent.com/datasets/s-and-p-500-companies/main/data/constituents.csv
HWM,HWM,HWM,Howmet Aerospace,Industrials,Aerospace & Defense,"Pittsburgh, Pennsylvania",2016-10-21,4281,1888,https://raw.githubusercontent.com/datasets/s-and-p-500-companies/main/data/constituents.csv
IBKR,IBKR,IBKR,Interactive Brokers,Financials,Investment Banking & Brokerage,"Greenwich, Connecticut",2025-08-28,1381197,1977,https://raw.githubusercontent.com/datasets/s-and-p-500-companies/main/data/constituents.csv
IBM,IBM,IBM,IBM,Information Technology,IT Consulting & Other Services,"Armonk, New York",1957-03-04,51143,1911,https://raw.githubusercontent.com/datasets/s-and-p-500-companies/main/data/constituents.csv
ICE,ICE,ICE,Intercontinental Exchange,Financials,Financial Exchanges & Data,"Atlanta, Georgia",2007-09-26,1571949,2000,https://raw.githubusercontent.com/datasets/s-and-p-500-companies/main/data/constituents.csv
IDXX,IDXX,IDXX,Idexx Laboratories,Health Care,Health Care Equipment,"Westbrook, Maine",2017-01-05,874716,1983,https://raw.githubusercontent.com/datasets/s-and-p-500-companies/main/data/constituents.csv
IEX,IEX,IEX,IDEX Corporation,Industrials,Industrial Machinery & Supplies & Components,"Northbrook, Illinois",2019-08-09,832101,1988,https://raw.githubusercontent.com/datasets/s-and-p-500-companies/main/data/constituents.csv
IFF,IFF,IFF,International Flavors & Fragrances,Materials,Specialty Chemicals,"New York City, New York",1976-03-31,51253,1958 (1889),https://raw.githubusercontent.com/datasets/s-and-p-500-companies/main/data/constituents.csv
INCY,INCY,INCY,Incyte,Health Care,Biotechnology,"Wilmington, Delaware",2017-02-28,879169,1991,https://raw.githubusercontent.com/datasets/s-and-p-500-companies/main/data/constituents.csv
INTC,INTC,INTC,Intel,Information Technology,Semiconductors,"Santa Clara, California",1976-12-31,50863,1968,https://raw.githubusercontent.com/datasets/s-and-p-500-companies/main/data/constituents.csv
INTU,INTU,INTU,Intuit,Information Technology,Application Software,"Mountain View, California",2000-12-05,896878,1983,https://raw.githubusercontent.com/datasets/s-and-p-500-companies/main/data/constituents.csv
INVH,INVH,INVH,Invitation Homes,Real Estate,Single-Family Residential REITs,"Dallas, Texas",2022-09-19,1687229,2012,https://raw.githubusercontent.com/datasets/s-and-p-500-companies/main/data/constituents.csv
IP,IP,IP,International Paper,Materials,Paper & Plastic Packaging Products & Materials,"Memphis, Tennessee",1957-03-04,51434,1898,https://raw.githubusercontent.com/datasets/s-and-p-500-companies/main/data/constituents.csv
IQV,IQV,IQV,IQVIA,Health Care,Life Sciences Tools & Services,"Durham, North Carolina",2017-08-29,1478242,1982,https://raw.githubusercontent.com/datasets/s-and-p-500-companies/main/data/constituents.csv
IR,IR,IR,Ingersoll Rand,Industrials,Industrial Machinery & Supplies & Components,"Davidson, North Carolina",2020-03-03,1699150,1859,https://raw.githubusercontent.com/datasets/s-and-p-500-companies/main/data/constituents.csv
IRM,IRM,IRM,Iron Mountain,Real Estate,Other Specialized REITs,"Portsmouth, New Hampshire",2009-01-06,1020569,1951,https://raw.githubusercontent.com/datasets/s-and-p-500-companies/main/data/constituents.csv
ISRG,ISRG,ISRG,Intuitive Surgical,Health Care,Health Care Equipment,"Sunnyvale, California",2008-06-02,1035267,1995,https://raw.githubusercontent.com/datasets/s-and-p-500-companies/main/data/constituents.csv
IT,IT,IT,Gartner,Information Technology,IT Consulting & Other Services,"Stamford, Connecticut",2017-04-05,749251,1979,https://raw.githubusercontent.com/datasets/s-and-p-500-companies/main/data/constituents.csv
ITW,ITW,ITW,Illinois Tool Works,Industrials,Industrial Machinery & Supplies & Components,"Glenview, Illinois",1986-02-28,49826,1912,https://raw.githubusercontent.com/datasets/s-and-p-500-companies/main/data/constituents.csv
IVZ,IVZ,IVZ,Invesco,Financials,Asset Management & Custody Banks,"Atlanta, Georgia",2008-08-21,914208,1935,https://raw.githubusercontent.com/datasets/s-and-p-500-companies/main/data/constituents.csv
J,J,J,Jacobs Solutions,Industrials,Construction & Engineering,"Dallas, Texas",2007-10-26,52988,1947,https://raw.githubusercontent.com/datasets/s-and-p-500-companies/main/data/constituents.csv
JBHT,JBHT,JBHT,J.B. Hunt,Industrials,Cargo Ground Transportation,"Lowell, Arkansas",2015-07-01,728535,1961,https://raw.githubusercontent.com/datasets/s-and-p-500-companies/main/data/constituents.csv
JBL,JBL,JBL,Jabil,Information Technology,Electronic Manufacturing Services,"St. Petersburg, Florida",2023-12-18,898293,1966,https://raw.githubusercontent.com/datasets/s-and-p-500-companies/main/data/constituents.csv
JCI,JCI,JCI,Johnson Controls,Industrials,Building Products,"Cork, Ireland",2010-08-27,833444,1885,https://raw.githubusercontent.com/datasets/s-and-p-500-companies/main/data/constituents.csv
JKHY,JKHY,JKHY,Jack Henry & Associates,Financials,Transaction & Payment Processing Services,"Monett, Missouri",2018-11-13,779152,1976,https://raw.githubusercontent.com/datasets/s-and-p-500-companies/main/data/constituents.csv
JNJ,JNJ,JNJ,Johnson & Johnson,Health Care,Pharmaceuticals,"New Brunswick, New Jersey",1973-06-30,200406,1886,https://raw.githubusercontent.com/datasets/s-and-p-500-companies/main/data/constituents.csv
JPM,JPM,JPM,JPMorgan Chase,Financials,Diversified Banks,"New York City, New York",1975-06-30,19617,2000 (1799 / 1871),https://raw.githubusercontent.com/datasets/s-and-p-500-companies/main/data/constituents.csv
KDP,KDP,KDP,Keurig Dr Pepper,Consumer Staples,Soft Drinks & Non-alcoholic Beverages,"Burlington, Massachusetts",2022-06-21,1418135,1981,https://raw.githubusercontent.com/datasets/s-and-p-500-companies/main/data/constituents.csv
KEY,KEY,KEY,KeyCorp,Financials,Regional Banks,"Cleveland, Ohio",1994-03-01,91576,1825,https://raw.githubusercontent.com/datasets/s-and-p-500-companies/main/data/constituents.csv
KEYS,KEYS,KEYS,Keysight Technologies,Information Technology,Electronic Equipment & Instruments,"Santa Rosa, California",2018-11-06,1601046,2014 (1939),https://raw.githubusercontent.com/datasets/s-and-p-500-companies/main/data/constituents.csv
KHC,KHC,KHC,Kraft Heinz,Consumer Staples,Packaged Foods & Meats,"Chicago, Illinois; Pittsburgh, Pennsylvania",2015-07-06,1637459,2015 (1869),https://raw.githubusercontent.com/datasets/s-and-p-500-companies/main/data/constituents.csv
KIM,KIM,KIM,Kimco Realty,Real Estate,Retail REITs,"Jericho, New York",2006-04-04,879101,1958,https://raw.githubusercontent.com/datasets/s-and-p-500-companies/main/data/constituents.csv
KKR,KKR,KKR,KKR & Co.,Financials,Asset Management & Custody Banks,"New York City, New York",2024-06-24,1404912,1976,https://raw.githubusercontent.com/datasets/s-and-p-500-companies/main/data/constituents.csv
KLAC,KLAC,KLAC,KLA Corporation,Information Technology,Semiconductor Materials & Equipment,"Milpitas, California",1997-09-30,319201,1975/1977 (1997),https://raw.githubusercontent.com/datasets/s-and-p-500-companies/main/data/constituents.csv
KMB,KMB,KMB,Kimberly-Clark,Consumer Staples,Household Products,"Irving, Texas",1957-03-04,55785,1872,https://raw.githubusercontent.com/datasets/s-and-p-500-companies/main/data/constituents.csv
KMI,KMI,KMI,Kinder Morgan,Energy,Oil & Gas Storage & Transportation,"Houston, Texas",2012-05-25,1506307,1997,https://raw.githubusercontent.com/datasets/s-and-p-500-companies/main/data/constituents.csv
KO,KO,KO,Coca-Cola Company (The),Consumer Staples,Soft Drinks & Non-alcoholic Beverages,"Atlanta, Georgia",1957-03-04,21344,1886,https://raw.githubusercontent.com/datasets/s-and-p-500-companies/main/data/constituents.csv
KR,KR,KR,Kroger,Consumer Staples,Food Retail,"Cincinnati, Ohio",1957-03-04,56873,1883,https://raw.githubusercontent.com/datasets/s-and-p-500-companies/main/data/constituents.csv
KVUE,KVUE,KVUE,Kenvue,Consumer Staples,Personal Care Products,"Skillman, New Jersey",2023-08-25,1944048,2022 (Johnson & Johnson spinoff),https://raw.githubusercontent.com/datasets/s-and-p-500-companies/main/data/constituents.csv
L,L,L,Loews Corporation,Financials,Multi-line Insurance,"New York City, New York",1995-05-31,60086,1959,https://raw.githubusercontent.com/datasets/s-and-p-500-companies/main/data/constituents.csv
LDOS,LDOS,LDOS,Leidos,Industrials,Diversified Support Services,"Reston, Virginia",2019-08-09,1336920,1969,https://raw.githubusercontent.com/datasets/s-and-p-500-companies/main/data/constituents.csv
LEN,LEN,LEN,Lennar,Consumer Discretionary,Homebuilding,"Miami, Florida",2005-10-04,920760,1954,https://raw.githubusercontent.com/datasets/s-and-p-500-companies/main/data/constituents.csv
LH,LH,LH,Labcorp,Health Care,Health Care Services,"Burlington, North Carolina",2004-11-01,920148,1978,https://raw.githubusercontent.com/datasets/s-and-p-500-companies/main/data/constituents.csv
LHX,LHX,LHX,L3Harris,Industrials,Aerospace & Defense,"Melbourne, Florida",2008-09-22,202058,"2019 (L3 1997, Harris 1895)",https://raw.githubusercontent.com/datasets/s-and-p-500-companies/main/data/constituents.csv
LII,LII,LII,Lennox International,Industrials,Building Products,"Richardson, Texas",2024-12-23,1069202,1895,https://raw.githubusercontent.com/datasets/s-and-p-500-companies/main/data/constituents.csv
LIN,LIN,LIN,Linde plc,Materials,Industrial Gases,"Guildford, United Kingdom",1992-07-01,1707925,1879,https://raw.githubusercontent.com/datasets/s-and-p-500-companies/main/data/constituents.csv
LITE,LITE,LITE,Lumentum,Information Technology,Communications Equipment,"San Jose, California",2026-03-23,1633978,2015,https://raw.githubusercontent.com/datasets/s-and-p-500-companies/main/data/constituents.csv
LLY,LLY,LLY,Lilly (Eli),Health Care,Pharmaceuticals,"Indianapolis, Indiana",1970-12-31,59478,1876,https://raw.githubusercontent.com/datasets/s-and-p-500-companies/main/data/constituents.csv
LMT,LMT,LMT,Lockheed Martin,Industrials,Aerospace & Defense,"Bethesda, Maryland",1957-03-04,936468,1995,https://raw.githubusercontent.com/datasets/s-and-p-500-companies/main/data/constituents.csv
LNT,LNT,LNT,Alliant Energy,Utilities,Electric Utilities,"Madison, Wisconsin",2016-07-01,352541,1917,https://raw.githubusercontent.com/datasets/s-and-p-500-companies/main/data/constituents.csv
LOW,LOW,LOW,Lowe's,Consumer Discretionary,Home Improvement Retail,"Mooresville, North Carolina",1984-02-29,60667,1904/1946/1959,https://raw.githubusercontent.com/datasets/s-and-p-500-companies/main/data/constituents.csv
LRCX,LRCX,LRCX,Lam Research,Information Technology,Semiconductor Materials & Equipment,"Fremont, California",2012-06-29,707549,1980,https://raw.githubusercontent.com/datasets/s-and-p-500-companies/main/data/constituents.csv
LULU,LULU,LULU,Lululemon Athletica,Consumer Discretionary,"Apparel, Accessories & Luxury Goods","Vancouver, Canada",2023-10-18,1397187,1998,https://raw.githubusercontent.com/datasets/s-and-p-500-companies/main/data/constituents.csv
LUV,LUV,LUV,Southwest Airlines,Industrials,Passenger Airlines,"Dallas, Texas",1994-07-01,92380,1967,https://raw.githubusercontent.com/datasets/s-and-p-500-companies/main/data/constituents.csv
LVS,LVS,LVS,Las Vegas Sands,Consumer Discretionary,Casinos & Gaming,"Las Vegas, Nevada",2019-10-03,1300514,1988,https://raw.githubusercontent.com/datasets/s-and-p-500-companies/main/data/constituents.csv
LYB,LYB,LYB,LyondellBasell,Materials,Specialty Chemicals,"Rotterdam, Netherlands",2012-09-05,1489393,2007,https://raw.githubusercontent.com/datasets/s-and-p-500-companies/main/data/constituents.csv
LYV,LYV,LYV,Live Nation Entertainment,Communication Services,Movies & Entertainment,"Beverly Hills, California",2019-12-23,1335258,2010,https://raw.githubusercontent.com/datasets/s-and-p-500-companies/main/data/constituents.csv
MA,MA,MA,Mastercard,Financials,Transaction & Payment Processing Services,"Harrison, New York",2008-07-18,1141391,1966,https://raw.githubusercontent.com/datasets/s-and-p-500-companies/main/data/constituents.csv
MAA,MAA,MAA,Mid-America Apartment Communities,Real Estate,Multi-Family Residential REITs,"Memphis, Tennessee",2016-12-02,912595,1977,https://raw.githubusercontent.com/datasets/s-and-p-500-companies/main/data/constituents.csv
MAR,MAR,MAR,Marriott International,Consumer Discretionary,"Hotels, Resorts & Cruise Lines","Bethesda, Maryland",1998-05-29,1048286,1927,https://raw.githubusercontent.com/datasets/s-and-p-500-companies/main/data/constituents.csv
MAS,MAS,MAS,Masco,Industrials,Building Products,"Livonia, Michigan",1981-06-30,62996,1929,https://raw.githubusercontent.com/datasets/s-and-p-500-companies/main/data/constituents.csv
MCD,MCD,MCD,McDonald's,Consumer Discretionary,Restaurants,"Chicago, Illinois",1970-06-30,63908,1940,https://raw.githubusercontent.com/datasets/s-and-p-500-companies/main/data/constituents.csv
MCHP,MCHP,MCHP,Microchip Technology,Information Technology,Semiconductors,"Chandler, Arizona",2007-09-07,827054,1989,https://raw.githubusercontent.com/datasets/s-and-p-500-companies/main/data/constituents.csv
MCK,MCK,MCK,McKesson Corporation,Health Care,Health Care Distributors,"Irving, Texas",1999-01-13,927653,1833,https://raw.githubusercontent.com/datasets/s-and-p-500-companies/main/data/constituents.csv
MCO,MCO,MCO,Moody's Corporation,Financials,Financial Exchanges & Data,"New York City, New York",1998-07-01,1059556,1909,https://raw.githubusercontent.com/datasets/s-and-p-500-companies/main/data/constituents.csv
MDLZ,MDLZ,MDLZ,Mondelez International,Consumer Staples,Packaged Foods & Meats,"Chicago, Illinois",2012-10-02,1103982,2012,https://raw.githubusercontent.com/datasets/s-and-p-500-companies/main/data/constituents.csv
MDT,MDT,MDT,Medtronic,Health Care,Health Care Equipment,"Galway, Ireland",1986-10-31,1613103,1949,https://raw.githubusercontent.com/datasets/s-and-p-500-companies/main/data/constituents.csv
MET,MET,MET,MetLife,Financials,Life & Health Insurance,"New York City, New York",2000-12-11,1099219,1868,https://raw.githubusercontent.com/datasets/s-and-p-500-companies/main/data/constituents.csv
META,META,META,Meta Platforms,Communication Services,Interactive Media & Services,"Menlo Park, California",2013-12-23,1326801,2004,https://raw.githubusercontent.com/datasets/s-and-p-500-companies/main/data/constituents.csv
MGM,MGM,MGM,MGM Resorts,Consumer Discretionary,Casinos & Gaming,"Paradise, Nevada",2017-07-26,789570,1986,https://raw.githubusercontent.com/datasets/s-and-p-500-companies/main/data/constituents.csv
MKC,MKC,MKC,McCormick & Company,Consumer Staples,Packaged Foods & Meats,"Hunt Valley, Maryland",2003-03-20,63754,1889,https://raw.githubusercontent.com/datasets/s-and-p-500-companies/main/data/constituents.csv
MLM,MLM,MLM,Martin Marietta Materials,Materials,Construction Materials,"Raleigh, North Carolina",2014-07-02,916076,1993,https://raw.githubusercontent.com/datasets/s-and-p-500-companies/main/data/constituents.csv
MMM,MMM,MMM,3M,Industrials,Industrial Conglomerates,"Saint Paul, Minnesota",1957-03-04,66740,1902,https://raw.githubusercontent.com/datasets/s-and-p-500-companies/main/data/constituents.csv
MNST,MNST,MNST,Monster Beverage,Consumer Staples,Soft Drinks & Non-alcoholic Beverages,"Corona, California",2012-06-28,865752,2012 (1935),https://raw.githubusercontent.com/datasets/s-and-p-500-companies/main/data/constituents.csv
MO,MO,MO,Altria,Consumer Staples,Tobacco,"Richmond, Virginia",1957-03-04,764180,1985,https://raw.githubusercontent.com/datasets/s-and-p-500-companies/main/data/constituents.csv
MOS,MOS,MOS,Mosaic Company (The),Materials,Fertilizers & Agricultural Chemicals,"Tampa, Florida",2011-09-26,1285785,2004 (1865 / 1909),https://raw.githubusercontent.com/datasets/s-and-p-500-companies/main/data/constituents.csv
MPC,MPC,MPC,Marathon Petroleum,Energy,Oil & Gas Refining & Marketing,"Findlay, Ohio",2011-07-01,1510295,2009 (1887),https://raw.githubusercontent.com/datasets/s-and-p-500-companies/main/data/constituents.csv
MPWR,MPWR,MPWR,Monolithic Power Systems,Information Technology,Semiconductors,"Kirkland, Washington",2021-02-12,1280452,1997,https://raw.githubusercontent.com/datasets/s-and-p-500-companies/main/data/constituents.csv
MRK,MRK,MRK,Merck & Co.,Health Care,Pharmaceuticals,"Kenilworth, New Jersey",1957-03-04,310158,1891,https://raw.githubusercontent.com/datasets/s-and-p-500-companies/main/data/constituents.csv
MRNA,MRNA,MRNA,Moderna,Health Care,Biotechnology,"Cambridge, Massachusetts",2021-07-21,1682852,2010,https://raw.githubusercontent.com/datasets/s-and-p-500-companies/main/data/constituents.csv
MRSH,MRSH,MRSH,Marsh McLennan,Financials,Insurance Brokers,"New York City, New York",1987-08-31,62709,1905,https://raw.githubusercontent.com/datasets/s-and-p-500-companies/main/data/constituents.csv
MRVL,MRVL,MRVL,Marvell Technology,Information Technology,Semiconductors,"Santa Clara, California",2026-06-22,1835632,1995,https://raw.githubusercontent.com/datasets/s-and-p-500-companies/main/data/constituents.csv
MS,MS,MS,Morgan Stanley,Financials,Investment Banking & Brokerage,"New York City, New York",1993-07-29,895421,1935,https://raw.githubusercontent.com/datasets/s-and-p-500-companies/main/data/constituents.csv
MSCI,MSCI,MSCI,MSCI,Financials,Financial Exchanges & Data,"New York City, New York",2018-04-04,1408198,1969,https://raw.githubusercontent.com/datasets/s-and-p-500-companies/main/data/constituents.csv
MSFT,MSFT,MSFT,Microsoft,Information Technology,Systems Software,"Redmond, Washington",1994-06-01,789019,1975,https://raw.githubusercontent.com/datasets/s-and-p-500-companies/main/data/constituents.csv
MSI,MSI,MSI,Motorola Solutions,Information Technology,Communications Equipment,"Chicago, Illinois",1957-03-04,68505,1928 (2011),https://raw.githubusercontent.com/datasets/s-and-p-500-companies/main/data/constituents.csv
MTB,MTB,MTB,M&T Bank,Financials,Regional Banks,"Buffalo, New York",2004-02-23,36270,1856,https://raw.githubusercontent.com/datasets/s-and-p-500-companies/main/data/constituents.csv
MTD,MTD,MTD,Mettler Toledo,Health Care,Life Sciences Tools & Services,"Columbus, Ohio",2016-09-06,1037646,1945,https://raw.githubusercontent.com/datasets/s-and-p-500-companies/main/data/constituents.csv
MU,MU,MU,Micron Technology,Information Technology,Semiconductors,"Boise, Idaho",1994-09-27,723125,1978,https://raw.githubusercontent.com/datasets/s-and-p-500-companies/main/data/constituents.csv
NCLH,NCLH,NCLH,Norwegian Cruise Line Holdings,Consumer Discretionary,"Hotels, Resorts & Cruise Lines","Miami-Dade County, Florida[3]",2017-10-13,1513761,2011 (1966),https://raw.githubusercontent.com/datasets/s-and-p-500-companies/main/data/constituents.csv
NDAQ,NDAQ,NDAQ,"Nasdaq, Inc.",Financials,Financial Exchanges & Data,"New York City, New York",2008-10-22,1120193,1971,https://raw.githubusercontent.com/datasets/s-and-p-500-companies/main/data/constituents.csv
NDSN,NDSN,NDSN,Nordson Corporation,Industrials,Industrial Machinery & Supplies & Components,"Westlake, Ohio",2022-02-15,72331,1935,https://raw.githubusercontent.com/datasets/s-and-p-500-companies/main/data/constituents.csv
NEE,NEE,NEE,NextEra Energy,Utilities,Multi-Utilities,"Juno Beach, Florida",1976-06-30,753308,1984 (1925),https://raw.githubusercontent.com/datasets/s-and-p-500-companies/main/data/constituents.csv
NEM,NEM,NEM,Newmont,Materials,Gold,"Denver, Colorado",1969-06-30,1164727,1921,https://raw.githubusercontent.com/datasets/s-and-p-500-companies/main/data/constituents.csv
NFLX,NFLX,NFLX,Netflix,Communication Services,Movies & Entertainment,"Los Gatos, California",2010-12-20,1065280,1997,https://raw.githubusercontent.com/datasets/s-and-p-500-companies/main/data/constituents.csv
NI,NI,NI,NiSource,Utilities,Multi-Utilities,"Merrillville, Indiana",2000-11-02,1111711,1912,https://raw.githubusercontent.com/datasets/s-and-p-500-companies/main/data/constituents.csv
NKE,NKE,NKE,"Nike, Inc.",Consumer Discretionary,"Apparel, Accessories & Luxury Goods","Washington County, Oregon",1988-11-30,320187,1964,https://raw.githubusercontent.com/datasets/s-and-p-500-companies/main/data/constituents.csv
NOC,NOC,NOC,Northrop Grumman,Industrials,Aerospace & Defense,"West Falls Church, Virginia[2]",1957-03-04,1133421,"1994 (Northrop 1939, Grumman 1930)",https://raw.githubusercontent.com/datasets/s-and-p-500-companies/main/data/constituents.csv
NOW,NOW,NOW,ServiceNow,Information Technology,Systems Software,"Santa Clara, California",2019-11-21,1373715,2003,https://raw.githubusercontent.com/datasets/s-and-p-500-companies/main/data/constituents.csv
NRG,NRG,NRG,NRG Energy,Utilities,Independent Power Producers & Energy Traders,"Houston, Texas",2010-01-29,1013871,1992,https://raw.githubusercontent.com/datasets/s-and-p-500-companies/main/data/constituents.csv
NSC,NSC,NSC,Norfolk Southern,Industrials,Rail Transportation,"Atlanta, Georgia",1957-03-04,702165,1881/1894 (1980),https://raw.githubusercontent.com/datasets/s-and-p-500-companies/main/data/constituents.csv
NTAP,NTAP,NTAP,NetApp,Information Technology,"Technology Hardware, Storage & Peripherals","San Jose, California",1999-06-25,1002047,1992,https://raw.githubusercontent.com/datasets/s-and-p-500-companies/main/data/constituents.csv
NTRS,NTRS,NTRS,Northern Trust,Financials,Asset Management & Custody Banks,"Chicago, Illinois",1998-01-30,73124,1889,https://raw.githubusercontent.com/datasets/s-and-p-500-companies/main/data/constituents.csv
NUE,NUE,NUE,Nucor,Materials,Steel,"Charlotte, North Carolina",1985-04-30,73309,1940,https://raw.githubusercontent.com/datasets/s-and-p-500-companies/main/data/constituents.csv
NVDA,NVDA,NVDA,Nvidia,Information Technology,Semiconductors,"Santa Clara, California",2001-11-30,1045810,1993,https://raw.githubusercontent.com/datasets/s-and-p-500-companies/main/data/constituents.csv
NVR,NVR,NVR,"NVR, Inc.",Consumer Discretionary,Homebuilding,"Reston, Virginia",2019-09-26,906163,1980,https://raw.githubusercontent.com/datasets/s-and-p-500-companies/main/data/constituents.csv
NWS,NWS,NWS,News Corp (Class B),Communication Services,Publishing,"New York City, New York",2015-09-18,1564708,2013 (News Corporation 1980),https://raw.githubusercontent.com/datasets/s-and-p-500-companies/main/data/constituents.csv
NWSA,NWSA,NWSA,News Corp (Class A),Communication Services,Publishing,"New York City, New York",2013-08-01,1564708,2013 (News Corporation 1980),https://raw.githubusercontent.com/datasets/s-and-p-500-companies/main/data/constituents.csv
NXPI,NXPI,NXPI,NXP Semiconductors,Information Technology,Semiconductors,"Eindhoven, Netherlands",2021-03-22,1413447,1953,https://raw.githubusercontent.com/datasets/s-and-p-500-companies/main/data/constituents.csv
O,O,O,Realty Income,Real Estate,Retail REITs,"San Diego, California",2015-04-07,726728,1969,https://raw.githubusercontent.com/datasets/s-and-p-500-companies/main/data/constituents.csv
ODFL,ODFL,ODFL,Old Dominion,Industrials,Cargo Ground Transportation,"Thomasville, North Carolina",2019-12-09,878927,1934,https://raw.githubusercontent.com/datasets/s-and-p-500-companies/main/data/constituents.csv
OKE,OKE,OKE,Oneok,Energy,Oil & Gas Storage & Transportation,"Tulsa, Oklahoma",2010-03-15,1039684,1906,https://raw.githubusercontent.com/datasets/s-and-p-500-companies/main/data/constituents.csv
OMC,OMC,OMC,Omnicom Group,Communication Services,Advertising,"New York City, New York",1997-12-31,29989,1986,https://raw.githubusercontent.com/datasets/s-and-p-500-companies/main/data/constituents.csv
ON,ON,ON,ON Semiconductor,Information Technology,Semiconductors,"Phoenix, Arizona",2022-06-21,1097864,1999,https://raw.githubusercontent.com/datasets/s-and-p-500-companies/main/data/constituents.csv
ORCL,ORCL,ORCL,Oracle Corporation,Information Technology,Application Software,"Austin, Texas",1989-08-31,1341439,1977,https://raw.githubusercontent.com/datasets/s-and-p-500-companies/main/data/constituents.csv
ORLY,ORLY,ORLY,O'Reilly Automotive,Consumer Discretionary,Automotive Retail,"Springfield, Missouri",2009-03-27,898173,1957,https://raw.githubusercontent.com/datasets/s-and-p-500-companies/main/data/constituents.csv
OTIS,OTIS,OTIS,Otis Worldwide,Industrials,Industrial Machinery & Supplies & Components,"Farmington, Connecticut",2020-04-03,1781335,"2020 (1853, United Technologies spinoff)",https://raw.githubusercontent.com/datasets/s-and-p-500-companies/main/data/constituents.csv
OXY,OXY,OXY,Occidental Petroleum,Energy,Oil & Gas Exploration & Production,"Houston, Texas",1957-03-04,797468,1920,https://raw.githubusercontent.com/datasets/s-and-p-500-companies/main/data/constituents.csv
PANW,PANW,PANW,Palo Alto Networks,Information Technology,Systems Software,"Santa Clara, California",2023-06-20,1327567,2005,https://raw.githubusercontent.com/datasets/s-and-p-500-companies/main/data/constituents.csv
PAYX,PAYX,PAYX,Paychex,Industrials,Human Resource & Employment Services,"Penfield, New York",1998-10-01,723531,1971,https://raw.githubusercontent.com/datasets/s-and-p-500-companies/main/data/constituents.csv
PCAR,PCAR,PCAR,Paccar,Industrials,Construction Machinery & Heavy Transportation Equipment,"Bellevue, Washington",1980-12-31,75362,1905,https://raw.githubusercontent.com/datasets/s-and-p-500-companies/main/data/constituents.csv
PCG,PCG,PCG,PG&E Corporation,Utilities,Multi-Utilities,"Oakland, California",2022-10-03,1004980,1905,https://raw.githubusercontent.com/datasets/s-and-p-500-companies/main/data/constituents.csv
PEG,PEG,PEG,Public Service Enterprise Group,Utilities,Electric Utilities,"Newark, New Jersey",1957-03-04,788784,1903,https://raw.githubusercontent.com/datasets/s-and-p-500-companies/main/data/constituents.csv
PEP,PEP,PEP,PepsiCo,Consumer Staples,Soft Drinks & Non-alcoholic Beverages,"Purchase, New York",1957-03-04,77476,1898,https://raw.githubusercontent.com/datasets/s-and-p-500-companies/main/data/constituents.csv
PFE,PFE,PFE,Pfizer,Health Care,Pharmaceuticals,"New York City, New York",1957-03-04,78003,1849,https://raw.githubusercontent.com/datasets/s-and-p-500-companies/main/data/constituents.csv
PFG,PFG,PFG,Principal Financial Group,Financials,Life & Health Insurance,"Des Moines, Iowa",2002-07-22,1126328,1879,https://raw.githubusercontent.com/datasets/s-and-p-500-companies/main/data/constituents.csv
PG,PG,PG,Procter & Gamble,Consumer Staples,Personal Care Products,"Cincinnati, Ohio",1957-03-04,80424,1837,https://raw.githubusercontent.com/datasets/s-and-p-500-companies/main/data/constituents.csv
PGR,PGR,PGR,Progressive Corporation,Financials,Property & Casualty Insurance,"Mayfield Village, Ohio",1997-08-04,80661,1937,https://raw.githubusercontent.com/datasets/s-and-p-500-companies/main/data/constituents.csv
PH,PH,PH,Parker Hannifin,Industrials,Industrial Machinery & Supplies & Components,"Cleveland, Ohio",1985-11-30,76334,1917,https://raw.githubusercontent.com/datasets/s-and-p-500-companies/main/data/constituents.csv
PHM,PHM,PHM,PulteGroup,Consumer Discretionary,Homebuilding,"Atlanta, Georgia",1984-04-30,822416,1956,https://raw.githubusercontent.com/datasets/s-and-p-500-companies/main/data/constituents.csv
PKG,PKG,PKG,Packaging Corporation of America,Materials,Paper & Plastic Packaging Products & Materials,"Lake Forest, Illinois",2017-07-26,75677,1959,https://raw.githubusercontent.com/datasets/s-and-p-500-companies/main/data/constituents.csv
PLD,PLD,PLD,Prologis,Real Estate,Industrial REITs,"San Francisco, California",2003-07-17,1045609,1983,https://raw.githubusercontent.com/datasets/s-and-p-500-companies/main/data/constituents.csv
PLTR,PLTR,PLTR,Palantir Technologies,Information Technology,Application Software,"Aventura, Florida",2024-09-23,1321655,2003,https://raw.githubusercontent.com/datasets/s-and-p-500-companies/main/data/constituents.csv
PM,PM,PM,Philip Morris International,Consumer Staples,Tobacco,"New York City, New York",2008-03-31,1413329,2008 (1847),https://raw.githubusercontent.com/datasets/s-and-p-500-companies/main/data/constituents.csv
PNC,PNC,PNC,PNC Financial Services,Financials,Diversified Banks,"Pittsburgh, Pennsylvania",1988-04-30,713676,1845,https://raw.githubusercontent.com/datasets/s-and-p-500-companies/main/data/constituents.csv
PNR,PNR,PNR,Pentair,Industrials,Industrial Machinery & Supplies & Components,"Worsley, United Kingdom",2012-10-01,77360,1966,https://raw.githubusercontent.com/datasets/s-and-p-500-companies/main/data/constituents.csv
PNW,PNW,PNW,Pinnacle West Capital,Utilities,Multi-Utilities,"Phoenix, Arizona",1999-10-04,764622,1985,https://raw.githubusercontent.com/datasets/s-and-p-500-companies/main/data/constituents.csv
PODD,PODD,PODD,Insulet Corporation,Health Care,Health Care Equipment,"Acton, Massachusetts",2023-03-15,1145197,2000,https://raw.githubusercontent.com/datasets/s-and-p-500-companies/main/data/constituents.csv
PPG,PPG,PPG,PPG Industries,Materials,Specialty Chemicals,"Pittsburgh, Pennsylvania",1957-03-04,79879,1883,https://raw.githubusercontent.com/datasets/s-and-p-500-companies/main/data/constituents.csv
PPL,PPL,PPL,PPL Corporation,Utilities,Electric Utilities,"Allentown, Pennsylvania",2001-10-01,922224,1920,https://raw.githubusercontent.com/datasets/s-and-p-500-companies/main/data/constituents.csv
PRU,PRU,PRU,Prudential Financial,Financials,Life & Health Insurance,"Newark, New Jersey",2002-07-22,1137774,1875,https://raw.githubusercontent.com/datasets/s-and-p-500-companies/main/data/constituents.csv
PSA,PSA,PSA,Public Storage,Real Estate,Self-Storage REITs,"Glendale, California",2005-08-19,1393311,1972,https://raw.githubusercontent.com/datasets/s-and-p-500-companies/main/data/constituents.csv
PSKY,PSKY,PSKY,Paramount Skydance Corporation,Communication Services,Movies & Entertainment,"Los Angeles, California",1994-09-30,2041610,2025 (Paramount Pictures 1912),https://raw.githubusercontent.com/datasets/s-and-p-500-companies/main/data/constituents.csv
PSX,PSX,PSX,Phillips 66,Energy,Oil & Gas Refining & Marketing,"Houston, Texas",2012-05-01,1534701,2012 (1917),https://raw.githubusercontent.com/datasets/s-and-p-500-companies/main/data/constituents.csv
PTC,PTC,PTC,PTC Inc.,Information Technology,Application Software,"Boston, Massachusetts",2021-04-20,857005,1985,https://raw.githubusercontent.com/datasets/s-and-p-500-companies/main/data/constituents.csv
PWR,PWR,PWR,Quanta Services,Industrials,Construction & Engineering,"Houston, Texas",2009-07-01,1050915,1997,https://raw.githubusercontent.com/datasets/s-and-p-500-companies/main/data/constituents.csv
PYPL,PYPL,PYPL,PayPal,Financials,Transaction & Payment Processing Services,"San Jose, California",2015-07-20,1633917,1998,https://raw.githubusercontent.com/datasets/s-and-p-500-companies/main/data/constituents.csv
Q,Q,Q,Qnity Electronics,Information Technology,Semiconductor Materials & Equipment,"Wilmington, Delaware",2025-11-03,2058873,2025,https://raw.githubusercontent.com/datasets/s-and-p-500-companies/main/data/constituents.csv
QCOM,QCOM,QCOM,Qualcomm,Information Technology,Semiconductors,"San Diego, California",1999-07-22,804328,1985,https://raw.githubusercontent.com/datasets/s-and-p-500-companies/main/data/constituents.csv
RCL,RCL,RCL,Royal Caribbean Group,Consumer Discretionary,"Hotels, Resorts & Cruise Lines","Miami, Florida",2014-12-05,884887,1997,https://raw.githubusercontent.com/datasets/s-and-p-500-companies/main/data/constituents.csv
RDDT,RDDT,RDDT,Reddit,Communication Services,Interactive Media & Services,"San Francisco, California",2026-08-18,1713445,2005,https://raw.githubusercontent.com/datasets/s-and-p-500-companies/main/data/constituents.csv
REG,REG,REG,Regency Centers,Real Estate,Retail REITs,"Jacksonville, Florida",2017-03-02,910606,1963,https://raw.githubusercontent.com/datasets/s-and-p-500-companies/main/data/constituents.csv
REGN,REGN,REGN,Regeneron Pharmaceuticals,Health Care,Biotechnology,"Tarrytown, New York",2013-05-01,872589,1988,https://raw.githubusercontent.com/datasets/s-and-p-500-companies/main/data/constituents.csv
RF,RF,RF,Regions Financial Corporation,Financials,Regional Banks,"Birmingham, Alabama",1998-08-28,1281761,1971,https://raw.githubusercontent.com/datasets/s-and-p-500-companies/main/data/constituents.csv
RJF,RJF,RJF,Raymond James Financial,Financials,Investment Banking & Brokerage,"St. Petersburg, Florida",2017-03-20,720005,1962,https://raw.githubusercontent.com/datasets/s-and-p-500-companies/main/data/constituents.csv
RL,RL,RL,Ralph Lauren Corporation,Consumer Discretionary,"Apparel, Accessories & Luxury Goods","New York City, New York",2007-02-02,1037038,1967,https://raw.githubusercontent.com/datasets/s-and-p-500-companies/main/data/constituents.csv
RMD,RMD,RMD,ResMed|,Health Care,Health Care Equipment,"San Diego, California",2017-07-26,943819,1989,https://raw.githubusercontent.com/datasets/s-and-p-500-companies/main/data/constituents.csv
ROK,ROK,ROK,Rockwell Automation,Industrials,Electrical Components & Equipment,"Milwaukee, Wisconsin",2000-03-12,1024478,1903,https://raw.githubusercontent.com/datasets/s-and-p-500-companies/main/data/constituents.csv
ROL,ROL,ROL,"Rollins, Inc.",Industrials,Environmental & Facilities Services,"Atlanta, Georgia",2018-10-01,84839,1948,https://raw.githubusercontent.com/datasets/s-and-p-500-companies/main/data/constituents.csv
ROP,ROP,ROP,Roper Technologies,Information Technology,Electronic Equipment & Instruments,"Sarasota, Florida",2009-12-23,882835,1981,https://raw.githubusercontent.com/datasets/s-and-p-500-companies/main/data/constituents.csv
ROST,ROST,ROST,Ross Stores,Consumer Discretionary,Apparel Retail,"Dublin, California",2009-12-21,745732,1982,https://raw.githubusercontent.com/datasets/s-and-p-500-companies/main/data/constituents.csv
RSG,RSG,RSG,Republic Services,Industrials,Environmental & Facilities Services,"Phoenix, Arizona",2008-12-05,1060391,1998 (1981),https://raw.githubusercontent.com/datasets/s-and-p-500-companies/main/data/constituents.csv
RTX,RTX,RTX,RTX Corporation,Industrials,Aerospace & Defense,"Waltham, Massachusetts",1957-03-04,101829,1922,https://raw.githubusercontent.com/datasets/s-and-p-500-companies/main/data/constituents.csv
RVTY,RVTY,RVTY,Revvity,Health Care,Health Care Equipment,"Waltham, Massachusetts",1985-05-31,31791,1937,https://raw.githubusercontent.com/datasets/s-and-p-500-companies/main/data/constituents.csv
SBAC,SBAC,SBAC,SBA Communications,Real Estate,Telecom Tower REITs,"Boca Raton, Florida",2017-09-01,1034054,1989,https://raw.githubusercontent.com/datasets/s-and-p-500-companies/main/data/constituents.csv
SBUX,SBUX,SBUX,Starbucks,Consumer Discretionary,Restaurants,"Seattle, Washington",2000-06-07,829224,1971,https://raw.githubusercontent.com/datasets/s-and-p-500-companies/main/data/constituents.csv
SCHW,SCHW,SCHW,Charles Schwab Corporation,Financials,Investment Banking & Brokerage,"Westlake, Texas",1997-06-02,316709,1971,https://raw.githubusercontent.com/datasets/s-and-p-500-companies/main/data/constituents.csv
SHW,SHW,SHW,Sherwin-Williams,Materials,Specialty Chemicals,"Cleveland, Ohio",1964-06-30,89800,1866,https://raw.githubusercontent.com/datasets/s-and-p-500-companies/main/data/constituents.csv
SJM,SJM,SJM,J.M. Smucker Company (The),Consumer Staples,Packaged Foods & Meats,"Orrville, Ohio",2008-11-06,91419,1897,https://raw.githubusercontent.com/datasets/s-and-p-500-companies/main/data/constituents.csv
SLB,SLB,SLB,Schlumberger,Energy,Oil & Gas Equipment & Services,"Houston, Texas",1957-03-04,87347,1926,https://raw.githubusercontent.com/datasets/s-and-p-500-companies/main/data/constituents.csv
SMCI,SMCI,SMCI,Supermicro,Information Technology,"Technology Hardware, Storage & Peripherals","San Jose, California",2024-03-18,1375365,1993,https://raw.githubusercontent.com/datasets/s-and-p-500-companies/main/data/constituents.csv
SNA,SNA,SNA,Snap-on,Industrials,Industrial Machinery & Supplies & Components,"Kenosha, Wisconsin",1982-09-30,91440,1920,https://raw.githubusercontent.com/datasets/s-and-p-500-companies/main/data/constituents.csv
SNDK,SNDK,SNDK,Sandisk,Information Technology,"Technology Hardware, Storage & Peripherals","Milpitas, California",2025-11-28,2023554,1988,https://raw.githubusercontent.com/datasets/s-and-p-500-companies/main/data/constituents.csv
SNPS,SNPS,SNPS,Synopsys,Information Technology,Application Software,"Sunnyvale, California",2017-03-16,883241,1986,https://raw.githubusercontent.com/datasets/s-and-p-500-companies/main/data/constituents.csv
SO,SO,SO,Southern Company,Utilities,Electric Utilities,"Atlanta, Georgia",1957-03-04,92122,1945,https://raw.githubusercontent.com/datasets/s-and-p-500-companies/main/data/constituents.csv
SOLV,SOLV,SOLV,Solventum,Health Care,Health Care Technology,"Saint Paul, Minnesota",2024-04-01,1964738,2023,https://raw.githubusercontent.com/datasets/s-and-p-500-companies/main/data/constituents.csv
SPG,SPG,SPG,Simon Property Group,Real Estate,Retail REITs,"Indianapolis, Indiana",2002-06-26,1063761,2003,https://raw.githubusercontent.com/datasets/s-and-p-500-companies/main/data/constituents.csv
SPGI,SPGI,SPGI,S&P Global,Financials,Financial Exchanges & Data,"New York City, New York",1957-03-04,64040,1917,https://raw.githubusercontent.com/datasets/s-and-p-500-companies/main/data/constituents.csv
SRE,SRE,SRE,Sempra,Utilities,Multi-Utilities,"San Diego, California",2017-03-17,1032208,1998,https://raw.githubusercontent.com/datasets/s-and-p-500-companies/main/data/constituents.csv
STE,STE,STE,Steris,Health Care,Health Care Equipment,"Dublin, Ireland",2019-12-23,1757898,1985,https://raw.githubusercontent.com/datasets/s-and-p-500-companies/main/data/constituents.csv
STLD,STLD,STLD,Steel Dynamics,Materials,Steel,"Fort Wayne, Indiana",2022-12-22,1022671,1993,https://raw.githubusercontent.com/datasets/s-and-p-500-companies/main/data/constituents.csv
STT,STT,STT,State Street Corporation,Financials,Asset Management & Custody Banks,"Boston, Massachusetts",2003-03-14,93751,1792,https://raw.githubusercontent.com/datasets/s-and-p-500-companies/main/data/constituents.csv
STX,STX,STX,Seagate Technology,Information Technology,"Technology Hardware, Storage & Peripherals","Dublin, Ireland",2012-07-02,1137789,1979,https://raw.githubusercontent.com/datasets/s-and-p-500-companies/main/data/constituents.csv
STZ,STZ,STZ,Constellation Brands,Consumer Staples,Distillers & Vintners,"Rochester, New York",2005-07-01,16918,1945,https://raw.githubusercontent.com/datasets/s-and-p-500-companies/main/data/constituents.csv
SW,SW,SW,Smurfit Westrock,Materials,Paper & Plastic Packaging Products & Materials,"Dublin, Ireland",2024-07-08,2005951,1934,https://raw.githubusercontent.com/datasets/s-and-p-500-companies/main/data/constituents.csv
SWK,SWK,SWK,Stanley Black & Decker,Industrials,Industrial Machinery & Supplies & Components,"New Britain, Connecticut",1982-09-30,93556,1843,https://raw.githubusercontent.com/datasets/s-and-p-500-companies/main/data/constituents.csv
SWKS,SWKS,SWKS,Skyworks Solutions,Information Technology,Semiconductors,"Irvine, California",2015-03-12,4127,2002,https://raw.githubusercontent.com/datasets/s-and-p-500-companies/main/data/constituents.csv
SYF,SYF,SYF,Synchrony Financial,Financials,Consumer Finance,"Stamford, Connecticut",2015-11-18,1601712,2003,https://raw.githubusercontent.com/datasets/s-and-p-500-companies/main/data/constituents.csv
SYK,SYK,SYK,Stryker Corporation,Health Care,Health Care Equipment,"Kalamazoo, Michigan",2000-12-12,310764,1941,https://raw.githubusercontent.com/datasets/s-and-p-500-companies/main/data/constituents.csv
SYY,SYY,SYY,Sysco,Consumer Staples,Food Distributors,"Houston, Texas",1986-12-31,96021,1969,https://raw.githubusercontent.com/datasets/s-and-p-500-companies/main/data/constituents.csv
T,T,T,AT&T,Communication Services,Integrated Telecommunication Services,"Dallas, Texas",1983-11-30,732717,1983 (1885),https://raw.githubusercontent.com/datasets/s-and-p-500-companies/main/data/constituents.csv
TAP,TAP,TAP,Molson Coors Beverage Company,Consumer Staples,Brewers,"Chicago, Illinois",1976-06-30,24545,"2005 (Molson 1786, Coors 1873)",https://raw.githubusercontent.com/datasets/s-and-p-500-companies/main/data/constituents.csv
TDG,TDG,TDG,TransDigm Group,Industrials,Aerospace & Defense,"Cleveland, Ohio",2016-06-03,1260221,1993,https://raw.githubusercontent.com/datasets/s-and-p-500-companies/main/data/constituents.csv
TDY,TDY,TDY,Teledyne Technologies,Information Technology,Electronic Equipment & Instruments,"Thousand Oaks, California",2020-06-22,1094285,1960,https://raw.githubusercontent.com/datasets/s-and-p-500-companies/main/data/constituents.csv
TECH,TECH,TECH,Bio-Techne,Health Care,Life Sciences Tools & Services,"Minneapolis, Minnesota",2021-08-30,842023,1976,https://raw.githubusercontent.com/datasets/s-and-p-500-companies/main/data/constituents.csv
TEL,TEL,TEL,TE Connectivity,Information Technology,Electronic Manufacturing Services,"Galway, Ireland",2011-10-17,1385157,2007,https://raw.githubusercontent.com/datasets/s-and-p-500-companies/main/data/constituents.csv
TER,TER,TER,Teradyne,Information Technology,Semiconductor Materials & Equipment,"North Reading, Massachusetts",2020-09-21,97210,1960,https://raw.githubusercontent.com/datasets/s-and-p-500-companies/main/data/constituents.csv
TFC,TFC,TFC,Truist Financial,Financials,Diversified Banks,"Charlotte, North Carolina",1997-12-04,92230,1872,https://raw.githubusercontent.com/datasets/s-and-p-500-companies/main/data/constituents.csv
TGT,TGT,TGT,Target Corporation,Consumer Staples,Consumer Staples Merchandise Retail,"Minneapolis, Minnesota",1976-12-31,27419,1902,https://raw.githubusercontent.com/datasets/s-and-p-500-companies/main/data/constituents.csv
TJX,TJX,TJX,TJX Companies,Consumer Discretionary,Apparel Retail,"Framingham, Massachusetts",1985-09-30,109198,1987,https://raw.githubusercontent.com/datasets/s-and-p-500-companies/main/data/constituents.csv
TKO,TKO,TKO,TKO Group Holdings,Communication Services,Movies & Entertainment,"New York City, New York",2025-03-24,1973266,2023,https://raw.githubusercontent.com/datasets/s-and-p-500-companies/main/data/constituents.csv
TMO,TMO,TMO,Thermo Fisher Scientific,Health Care,Life Sciences Tools & Services,"Waltham, Massachusetts",2004-08-03,97745,2006 (1902),https://raw.githubusercontent.com/datasets/s-and-p-500-companies/main/data/constituents.csv
TMUS,TMUS,TMUS,T-Mobile US,Communication Services,Wireless Telecommunication Services,"Bellevue, Washington",2019-07-15,1283699,1994,https://raw.githubusercontent.com/datasets/s-and-p-500-companies/main/data/constituents.csv
TPL,TPL,TPL,Texas Pacific Land Corporation,Energy,Oil & Gas Exploration & Production,"Dallas, Texas",2024-11-26,1811074,1888,https://raw.githubusercontent.com/datasets/s-and-p-500-companies/main/data/constituents.csv
TPR,TPR,TPR,"Tapestry, Inc.",Consumer Discretionary,"Apparel, Accessories & Luxury Goods","New York City, New York",2004-09-01,1116132,2017,https://raw.githubusercontent.com/datasets/s-and-p-500-companies/main/data/constituents.csv
TRGP,TRGP,TRGP,Targa Resources,Energy,Oil & Gas Storage & Transportation,"Houston, Texas",2022-10-12,1389170,2005,https://raw.githubusercontent.com/datasets/s-and-p-500-companies/main/data/constituents.csv
TRMB,TRMB,TRMB,Trimble Inc.,Information Technology,Application Software,"Westminster, Colorado",2021-01-21,864749,1978,https://raw.githubusercontent.com/datasets/s-and-p-500-companies/main/data/constituents.csv
TROW,TROW,TROW,T. Rowe Price,Financials,Asset Management & Custody Banks,"Baltimore, Maryland",2019-07-29,1113169,1937,https://raw.githubusercontent.com/datasets/s-and-p-500-companies/main/data/constituents.csv
TRV,TRV,TRV,Travelers Companies (The),Financials,Property & Casualty Insurance,"New York City, New York",2002-08-21,86312,1853,https://raw.githubusercontent.com/datasets/s-and-p-500-companies/main/data/constituents.csv
TSCO,TSCO,TSCO,Tractor Supply,Consumer Discretionary,Other Specialty Retail,"Brentwood, Tennessee",2014-01-24,916365,1938,https://raw.githubusercontent.com/datasets/s-and-p-500-companies/main/data/constituents.csv
TSLA,TSLA,TSLA,"Tesla, Inc.",Consumer Discretionary,Automobile Manufacturers,"Austin, Texas",2020-12-21,1318605,2003,https://raw.githubusercontent.com/datasets/s-and-p-500-companies/main/data/constituents.csv
TSN,TSN,TSN,Tyson Foods,Consumer Staples,Packaged Foods & Meats,"Springdale, Arkansas",2005-08-10,100493,1935,https://raw.githubusercontent.com/datasets/s-and-p-500-companies/main/data/constituents.csv
TT,TT,TT,Trane Technologies,Industrials,Building Products,"Dublin, Ireland",2010-11-17,1466258,1871,https://raw.githubusercontent.com/datasets/s-and-p-500-companies/main/data/constituents.csv
TTD,TTD,TTD,Trade Desk (The),Communication Services,Advertising,"Ventura, California",2025-07-18,1671933,2009,https://raw.githubusercontent.com/datasets/s-and-p-500-companies/main/data/constituents.csv
TTWO,TTWO,TTWO,Take-Two Interactive,Communication Services,Interactive Home Entertainment,"New York City, New York",2018-03-19,946581,1993,https://raw.githubusercontent.com/datasets/s-and-p-500-companies/main/data/constituents.csv
TXN,TXN,TXN,Texas Instruments,Information Technology,Semiconductors,"Dallas, Texas",2001-03-12,97476,1930,https://raw.githubusercontent.com/datasets/s-and-p-500-companies/main/data/constituents.csv
TXT,TXT,TXT,Textron,Industrials,Aerospace & Defense,"Providence, Rhode Island",1978-12-31,217346,1923,https://raw.githubusercontent.com/datasets/s-and-p-500-companies/main/data/constituents.csv
TYL,TYL,TYL,Tyler Technologies,Information Technology,Application Software,"Plano, Texas",2020-06-22,860731,1966,https://raw.githubusercontent.com/datasets/s-and-p-500-companies/main/data/constituents.csv
UAL,UAL,UAL,United Airlines Holdings,Industrials,Passenger Airlines,"Chicago, Illinois",2015-09-03,100517,1967,https://raw.githubusercontent.com/datasets/s-and-p-500-companies/main/data/constituents.csv
UBER,UBER,UBER,Uber,Industrials,Passenger Ground Transportation,"San Francisco, California",2023-12-18,1543151,2009,https://raw.githubusercontent.com/datasets/s-and-p-500-companies/main/data/constituents.csv
UDR,UDR,UDR,"UDR, Inc.",Real Estate,Multi-Family Residential REITs,"Highlands Ranch, Colorado",2016-03-07,74208,1972,https://raw.githubusercontent.com/datasets/s-and-p-500-companies/main/data/constituents.csv
UHS,UHS,UHS,Universal Health Services,Health Care,Health Care Facilities,"King of Prussia, Pennsylvania",2014-09-20,352915,1979,https://raw.githubusercontent.com/datasets/s-and-p-500-companies/main/data/constituents.csv
ULTA,ULTA,ULTA,Ulta Beauty,Consumer Discretionary,Other Specialty Retail,"Bolingbrook, Illinois",2016-04-18,1403568,1990,https://raw.githubusercontent.com/datasets/s-and-p-500-companies/main/data/constituents.csv
UNH,UNH,UNH,UnitedHealth Group,Health Care,Managed Health Care,"Eden Prairie, Minnesota",1994-07-01,731766,1977,https://raw.githubusercontent.com/datasets/s-and-p-500-companies/main/data/constituents.csv
UNP,UNP,UNP,Union Pacific Corporation,Industrials,Rail Transportation,"Omaha, Nebraska",1957-03-04,100885,1862,https://raw.githubusercontent.com/datasets/s-and-p-500-companies/main/data/constituents.csv
UPS,UPS,UPS,United Parcel Service,Industrials,Air Freight & Logistics,"Sandy Springs, Georgia",2002-07-22,1090727,1907,https://raw.githubusercontent.com/datasets/s-and-p-500-companies/main/data/constituents.csv
URI,URI,URI,United Rentals,Industrials,Trading Companies & Distributors,"Stamford, Connecticut",2014-09-20,1067701,1997,https://raw.githubusercontent.com/datasets/s-and-p-500-companies/main/data/constituents.csv
USB,USB,USB,U.S. Bancorp,Financials,Diversified Banks,"Minneapolis, Minnesota",1999-11-01,36104,1968,https://raw.githubusercontent.com/datasets/s-and-p-500-companies/main/data/constituents.csv
V,V,V,Visa Inc.,Financials,Transaction & Payment Processing Services,"San Francisco, California",2009-12-21,1403161,1958,https://raw.githubusercontent.com/datasets/s-and-p-500-companies/main/data/constituents.csv
VEEV,VEEV,VEEV,Veeva Systems,Health Care,Health Care Technology,"Pleasanton, California",2026-05-07,1393052,2007,https://raw.githubusercontent.com/datasets/s-and-p-500-companies/main/data/constituents.csv
VICI,VICI,VICI,Vici Properties,Real Estate,Hotel & Resort REITs,"New York City, New York",2022-06-08,1705696,2017,https://raw.githubusercontent.com/datasets/s-and-p-500-companies/main/data/constituents.csv
VLO,VLO,VLO,Valero Energy,Energy,Oil & Gas Refining & Marketing,"San Antonio, Texas",2002-12-20,1035002,1980,https://raw.githubusercontent.com/datasets/s-and-p-500-companies/main/data/constituents.csv
VLTO,VLTO,VLTO,Veralto,Industrials,Environmental & Facilities Services,"Waltham, Massachusetts",2023-10-02,1967680,2023,https://raw.githubusercontent.com/datasets/s-and-p-500-companies/main/data/constituents.csv
VMC,VMC,VMC,Vulcan Materials Company,Materials,Construction Materials,"Birmingham, Alabama",1999-06-30,1396009,1909,https://raw.githubusercontent.com/datasets/s-and-p-500-companies/main/data/constituents.csv
VMRK,VMRK,VMRK,Vivmark Residential,Real Estate,Multi-Family Residential REITs,"Chicago, Illinois",2001-12-03,906107,1969,https://raw.githubusercontent.com/datasets/s-and-p-500-companies/main/data/constituents.csv
VRSK,VRSK,VRSK,Verisk Analytics,Industrials,Research & Consulting Services,"Jersey City, New Jersey",2015-10-08,1442145,1971,https://raw.githubusercontent.com/datasets/s-and-p-500-companies/main/data/constituents.csv
VRSN,VRSN,VRSN,Verisign,Information Technology,Internet Services & Infrastructure,"Reston, Virginia",2006-02-01,1014473,1995,https://raw.githubusercontent.com/datasets/s-and-p-500-companies/main/data/constituents.csv
VRT,VRT,VRT,Vertiv,Industrials,Electrical Components & Equipment,"Westerville, Ohio",2026-03-23,1674101,2016,https://raw.githubusercontent.com/datasets/s-and-p-500-companies/main/data/constituents.csv
VRTX,VRTX,VRTX,Vertex Pharmaceuticals,Health Care,Biotechnology,"Boston, Massachusetts",2013-09-23,875320,1989,https://raw.githubusercontent.com/datasets/s-and-p-500-companies/main/data/constituents.csv
VST,VST,VST,Vistra Corp.,Utilities,Electric Utilities,"Irving, Texas",2024-05-08,1692819,2016,https://raw.githubusercontent.com/datasets/s-and-p-500-companies/main/data/constituents.csv
VTR,VTR,VTR,Ventas,Real Estate,Health Care REITs,"Chicago, Illinois",2009-03-04,740260,1998,https://raw.githubusercontent.com/datasets/s-and-p-500-companies/main/data/constituents.csv
VTRS,VTRS,VTRS,Viatris,Health Care,Pharmaceuticals,"Pittsburgh, Pennsylvania",2004-04-23,1792044,1961,https://raw.githubusercontent.com/datasets/s-and-p-500-companies/main/data/constituents.csv
VZ,VZ,VZ,Verizon,Communication Services,Integrated Telecommunication Services,"New York City, New York",1983-11-30,732712,1983 (1877),https://raw.githubusercontent.com/datasets/s-and-p-500-companies/main/data/constituents.csv
WAB,WAB,WAB,Wabtec,Industrials,Construction Machinery & Heavy Transportation Equipment,"Pittsburgh, Pennsylvania",2019-02-27,943452,1999 (1869),https://raw.githubusercontent.com/datasets/s-and-p-500-companies/main/data/constituents.csv
WAT,WAT,WAT,Waters Corporation,Health Care,Life Sciences Tools & Services,"Milford, Massachusetts",2002-01-02,1000697,1958,https://raw.githubusercontent.com/datasets/s-and-p-500-companies/main/data/constituents.csv
WBD,WBD,WBD,Warner Bros. Discovery,Communication Services,Broadcasting,"New York City, New York",2022-04-11,1437107,2022 (Warner Bros. 1923),https://raw.githubusercontent.com/datasets/s-and-p-500-companies/main/data/constituents.csv
WDAY,WDAY,WDAY,"Workday, Inc.",Information Technology,Application Software,"Pleasanton, California",2024-12-23,1327811,2005,https://raw.githubusercontent.com/datasets/s-and-p-500-companies/main/data/constituents.csv
WDC,WDC,WDC,Western Digital,Information Technology,"Technology Hardware, Storage & Peripherals","San Jose, California",2009-07-01,106040,1970,https://raw.githubusercontent.com/datasets/s-and-p-500-companies/main/data/constituents.csv
WEC,WEC,WEC,WEC Energy Group,Utilities,Electric Utilities,"Milwaukee, Wisconsin",2008-10-31,783325,1896,https://raw.githubusercontent.com/datasets/s-and-p-500-companies/main/data/constituents.csv
WELL,WELL,WELL,Welltower,Real Estate,Health Care REITs,"Toledo, Ohio",2009-01-30,766704,1970,https://raw.githubusercontent.com/datasets/s-and-p-500-companies/main/data/constituents.csv
WFC,WFC,WFC,Wells Fargo,Financials,Diversified Banks,"San Francisco, California",1976-06-30,72971,1852,https://raw.githubusercontent.com/datasets/s-and-p-500-companies/main/data/constituents.csv
WM,WM,WM,Waste Management,Industrials,Environmental & Facilities Services,"Houston, Texas",1998-08-31,823768,1968,https://raw.githubusercontent.com/datasets/s-and-p-500-companies/main/data/constituents.csv
WMB,WMB,WMB,Williams Companies,Energy,Oil & Gas Storage & Transportation,"Tulsa, Oklahoma",1975-03-31,107263,1908,https://raw.githubusercontent.com/datasets/s-and-p-500-companies/main/data/constituents.csv
WMT,WMT,WMT,Walmart,Consumer Staples,Consumer Staples Merchandise Retail,"Bentonville, Arkansas",1982-08-31,104169,1962,https://raw.githubusercontent.com/datasets/s-and-p-500-companies/main/data/constituents.csv
WRB,WRB,WRB,W. R. Berkley Corporation,Financials,Property & Casualty Insurance,"Greenwich, Connecticut",2019-12-05,11544,1967,https://raw.githubusercontent.com/datasets/s-and-p-500-companies/main/data/constituents.csv
WSM,WSM,WSM,"Williams-Sonoma, Inc.",Consumer Discretionary,Homefurnishing Retail,"San Francisco, California",2025-03-24,719955,1956,https://raw.githubusercontent.com/datasets/s-and-p-500-companies/main/data/constituents.csv
WST,WST,WST,West Pharmaceutical Services,Health Care,Health Care Supplies,"Exton, Pennsylvania",2020-05-22,105770,1923,https://raw.githubusercontent.com/datasets/s-and-p-500-companies/main/data/constituents.csv
WTW,WTW,WTW,Willis Towers Watson,Financials,Insurance Brokers,"London, United Kingdom",2016-01-05,1140536,2016,https://raw.githubusercontent.com/datasets/s-and-p-500-companies/main/data/constituents.csv
WY,WY,WY,Weyerhaeuser,Real Estate,Timber REITs,"Seattle, Washington",1979-10-01,106535,1900,https://raw.githubusercontent.com/datasets/s-and-p-500-companies/main/data/constituents.csv
WYNN,WYNN,WYNN,Wynn Resorts,Consumer Discretionary,Casinos & Gaming,"Paradise, Nevada",2008-11-14,1174922,2002,https://raw.githubusercontent.com/datasets/s-and-p-500-companies/main/data/constituents.csv
XEL,XEL,XEL,Xcel Energy,Utilities,Multi-Utilities,"Minneapolis, Minnesota",1957-03-04,72903,1909,https://raw.githubusercontent.com/datasets/s-and-p-500-companies/main/data/constituents.csv
XOM,XOM,XOM,ExxonMobil,Energy,Integrated Oil & Gas,"Irving, Texas",1957-03-04,2115436,1999,https://raw.githubusercontent.com/datasets/s-and-p-500-companies/main/data/constituents.csv
XYL,XYL,XYL,Xylem Inc.,Industrials,Industrial Machinery & Supplies & Components,"White Plains, New York",2011-11-01,1524472,2011,https://raw.githubusercontent.com/datasets/s-and-p-500-companies/main/data/constituents.csv
XYZ,XYZ,XYZ,"Block, Inc.",Financials,Transaction & Payment Processing Services,none,2025-07-23,1512673,2009,https://raw.githubusercontent.com/datasets/s-and-p-500-companies/main/data/constituents.csv
YUM,YUM,YUM,Yum! Brands,Consumer Discretionary,Restaurants,"Louisville, Kentucky",1997-10-06,1041061,1997,https://raw.githubusercontent.com/datasets/s-and-p-500-companies/main/data/constituents.csv
ZBH,ZBH,ZBH,Zimmer Biomet,Health Care,Health Care Equipment,"Warsaw, Indiana",2001-08-07,1136869,1927,https://raw.githubusercontent.com/datasets/s-and-p-500-companies/main/data/constituents.csv
ZBRA,ZBRA,ZBRA,Zebra Technologies,Information Technology,Electronic Equipment & Instruments,"Lincolnshire, Illinois",2019-12-23,877212,1969,https://raw.githubusercontent.com/datasets/s-and-p-500-companies/main/data/constituents.csv
ZTS,ZTS,ZTS,Zoetis,Health Care,Pharmaceuticals,"Parsippany, New Jersey",2013-06-21,1555280,1952,https://raw.githubusercontent.com/datasets/s-and-p-500-companies/main/data/constituents.csv
