alpaca_symbol,security_name,exchange,ETF,Test Issue,qlib_symbol,universe_snapshot_source
A,"Agilent Technologies, Inc. Common Stock",NYSE,N,N,A,Nasdaq Trader Symbol Directory
AA,Alcoa Corporation Common Stock ,NYSE,N,N,AA,Nasdaq Trader Symbol Directory
AADX,"Applied Aerospace & Defense, Inc. Common Stock",NYSE,N,N,AADX,Nasdaq Trader Symbol Directory
AAL,"American Airlines Group, Inc. - Common Stock",NASDAQ,N,N,AAL,Nasdaq Trader Symbol Directory
AAME,Atlantic American Corporation - Common Stock,NASDAQ,N,N,AAME,Nasdaq Trader Symbol Directory
AAMI,Acadian Asset Management Inc. Common Stock,NYSE,N,N,AAMI,Nasdaq Trader Symbol Directory
AAOI,"Applied Optoelectronics, Inc. - Common Stock",NASDAQ,N,N,AAOI,Nasdaq Trader Symbol Directory
AAON,"AAON, Inc. - Common Stock",NASDAQ,N,N,AAON,Nasdaq Trader Symbol Directory
AAP,Advance Auto Parts Inc.,NYSE,N,N,AAP,Nasdaq Trader Symbol Directory
AAPG,Ascentage Pharma Group International - American Depository Shares,NASDAQ,N,N,AAPG,Nasdaq Trader Symbol Directory
AAPL,Apple Inc. - Common Stock,NASDAQ,N,N,AAPL,Nasdaq Trader Symbol Directory
AARD,"Aardvark Therapeutics, Inc. - Common Stock",NASDAQ,N,N,AARD,Nasdaq Trader Symbol Directory
AAT,"American Assets Trust, Inc. Common Stock",NYSE,N,N,AAT,Nasdaq Trader Symbol Directory
AAUC,Allied Gold Corporation Common Shares,NYSE,N,N,AAUC,Nasdaq Trader Symbol Directory
ABAT,American Battery Technology Company - Common Stock,NASDAQ,N,N,ABAT,Nasdaq Trader Symbol Directory
ABBV,AbbVie Inc. Common Stock,NYSE,N,N,ABBV,Nasdaq Trader Symbol Directory
ABCB,Ameris Bancorp Common Stock,NYSE,N,N,ABCB,Nasdaq Trader Symbol Directory
ABCL,AbCellera Biologics Inc. - Common Shares,NASDAQ,N,N,ABCL,Nasdaq Trader Symbol Directory
ABEO,Abeona Therapeutics Inc. - Common Stock,NASDAQ,N,N,ABEO,Nasdaq Trader Symbol Directory
ABG,Asbury Automotive Group Inc Common Stock,NYSE,N,N,ABG,Nasdaq Trader Symbol Directory
ABLV,Able View Global Inc. - Class B Ordinary Shares,NASDAQ,N,N,ABLV,Nasdaq Trader Symbol Directory
ABM,ABM Industries Incorporated Common Stock,NYSE,N,N,ABM,Nasdaq Trader Symbol Directory
ABNB,"Airbnb, Inc. - Class A Common Stock",NASDAQ,N,N,ABNB,Nasdaq Trader Symbol Directory
ABOS,"Acumen Pharmaceuticals, Inc. - Common Stock",NASDAQ,N,N,ABOS,Nasdaq Trader Symbol Directory
ABR,Arbor Realty Trust Common Stock,NYSE,N,N,ABR,Nasdaq Trader Symbol Directory
ABSI,Absci Corporation - Common Stock,NASDAQ,N,N,ABSI,Nasdaq Trader Symbol Directory
ABT,Abbott Laboratories Common Stock,NYSE,N,N,ABT,Nasdaq Trader Symbol Directory
ABTC,American Bitcoin Corp. - Class A Common Stock,NASDAQ,N,N,ABTC,Nasdaq Trader Symbol Directory
ABTS,Abits Group Inc - Ordinary Shares,NASDAQ,N,N,ABTS,Nasdaq Trader Symbol Directory
ABUS,Arbutus Biopharma Corporation - Common Stock,NASDAQ,N,N,ABUS,Nasdaq Trader Symbol Directory
ABVC,"ABVC BioPharma, Inc. - Common Stock",NASDAQ,N,N,ABVC,Nasdaq Trader Symbol Directory
ABX,"Abacus Global Management, Inc. Class A Common Stock",NYSE,N,N,ABX,Nasdaq Trader Symbol Directory
ABXL,"Abacus Global Management, Inc. 9.875% Fixed Rate Senior Notes due 2028",NYSE,N,N,ABXL,Nasdaq Trader Symbol Directory
ACA,"Arcosa, Inc. Common Stock ",NYSE,N,N,ACA,Nasdaq Trader Symbol Directory
ACAD,ACADIA Pharmaceuticals Inc. - Common Stock,NASDAQ,N,N,ACAD,Nasdaq Trader Symbol Directory
ACB,Aurora Cannabis Inc. - Common Shares,NASDAQ,N,N,ACB,Nasdaq Trader Symbol Directory
ACCL,Acco Group Holdings Limited - Class A Ordinary Shares,NASDAQ,N,N,ACCL,Nasdaq Trader Symbol Directory
ACCO,Acco Brands Corporation Common Stock,NYSE,N,N,ACCO,Nasdaq Trader Symbol Directory
ACCS,ACCESS Newswire Inc. Common Stock,NYSE American,N,N,ACCS,Nasdaq Trader Symbol Directory
ACDC,ProFrac Holding Corp. - Class A Common Stock,NASDAQ,N,N,ACDC,Nasdaq Trader Symbol Directory
ACEL,"Accel Entertainment, Inc. ",NYSE,N,N,ACEL,Nasdaq Trader Symbol Directory
ACET,"Adicet Bio, Inc. - Common Stock",NASDAQ,N,N,ACET,Nasdaq Trader Symbol Directory
ACFN,"Acorn Energy, Inc. - Common Stock",NASDAQ,N,N,ACFN,Nasdaq Trader Symbol Directory
ACGL,Arch Capital Group Ltd. - Common Stock,NASDAQ,N,N,ACGL,Nasdaq Trader Symbol Directory
ACH,"Accendra Health, Inc. Common Stock",NYSE,N,N,ACH,Nasdaq Trader Symbol Directory
ACHC,"Acadia Healthcare Company, Inc. - Common Stock",NASDAQ,N,N,ACHC,Nasdaq Trader Symbol Directory
ACHR,Archer Aviation Inc. Class A Common Stock,NYSE,N,N,ACHR,Nasdaq Trader Symbol Directory
ACHV,"Achieve Life Sciences, Inc.  - Common Shares",NASDAQ,N,N,ACHV,Nasdaq Trader Symbol Directory
ACI,"Albertsons Companies, Inc. Class A Common Stock",NYSE,N,N,ACI,Nasdaq Trader Symbol Directory
ACIC,American Coastal Insurance Corporation - Common Stock,NASDAQ,N,N,ACIC,Nasdaq Trader Symbol Directory
ACIU,AC Immune SA - Common Stock,NASDAQ,N,N,ACIU,Nasdaq Trader Symbol Directory
ACIW,"ACI Worldwide, Inc. - Common Stock",NASDAQ,N,N,ACIW,Nasdaq Trader Symbol Directory
ACLS,"Axcelis Technologies, Inc. - Common Stock",NASDAQ,N,N,ACLS,Nasdaq Trader Symbol Directory
ACM,AECOM Common Stock,NYSE,N,N,ACM,Nasdaq Trader Symbol Directory
ACMR,"ACM Research, Inc. - Class A Common Stock",NASDAQ,N,N,ACMR,Nasdaq Trader Symbol Directory
ACN,Accenture plc Class A Ordinary Shares (Ireland),NYSE,N,N,ACN,Nasdaq Trader Symbol Directory
ACNB,ACNB Corporation - Common Stock,NASDAQ,N,N,ACNB,Nasdaq Trader Symbol Directory
ACNT,Ascent Industries Co. - Common Stock,NASDAQ,N,N,ACNT,Nasdaq Trader Symbol Directory
ACOG,Alpha Cognition Inc. - Common Stock,NASDAQ,N,N,ACOG,Nasdaq Trader Symbol Directory
ACON,"Aclarion, Inc. - Common Stock",NASDAQ,N,N,ACON,Nasdaq Trader Symbol Directory
ACP,abrdn Income Credit Strategies Fund Common Shares,NYSE,N,N,ACP,Nasdaq Trader Symbol Directory
ACR,ACRES Commercial Realty Corp. Common Stock,NYSE,N,N,ACR,Nasdaq Trader Symbol Directory
ACRE,Ares Commercial Real Estate Corporation Common Stock,NYSE,N,N,ACRE,Nasdaq Trader Symbol Directory
ACRS,"Aclaris Therapeutics, Inc. - Common Stock",NASDAQ,N,N,ACRS,Nasdaq Trader Symbol Directory
ACRV,"Acrivon Therapeutics, Inc. - Common Stock",NASDAQ,N,N,ACRV,Nasdaq Trader Symbol Directory
ACT,"Enact Holdings, Inc. - Common Stock",NASDAQ,N,N,ACT,Nasdaq Trader Symbol Directory
ACTG,Acacia Research Corporation - Common Stock,NASDAQ,N,N,ACTG,Nasdaq Trader Symbol Directory
ACTU,"Actuate Therapeutics, Inc. - Common stock",NASDAQ,N,N,ACTU,Nasdaq Trader Symbol Directory
ACU,Acme United Corporation. Common Stock,NYSE American,N,N,ACU,Nasdaq Trader Symbol Directory
ACV,Virtus Diversified Income & Convertible Fund Common Shares of Beneficial Interest,NYSE,N,N,ACV,Nasdaq Trader Symbol Directory
ACVA,ACV Auctions Inc. Class A Common Stock,NYSE,N,N,ACVA,Nasdaq Trader Symbol Directory
ACXP,"Acurx Pharmaceuticals, Inc. - Common Stock",NASDAQ,N,N,ACXP,Nasdaq Trader Symbol Directory
AD,"Array Digital Infrastructure, Inc. Common Shares",NYSE,N,N,AD,Nasdaq Trader Symbol Directory
ADAC,American Drive Acquisition Company - Class A Ordinary Shares,NASDAQ,N,N,ADAC,Nasdaq Trader Symbol Directory
ADAG,"Adagene Inc. - ADS, each representing 1.25 ordinary shares",NASDAQ,N,N,ADAG,Nasdaq Trader Symbol Directory
ADAM,"Adamas Trust, Inc. - Common Stock",NASDAQ,N,N,ADAM,Nasdaq Trader Symbol Directory
ADAMG,"Adamas Trust, Inc. - 9.125% Senior Notes Due 2030",NASDAQ,N,N,ADAMG,Nasdaq Trader Symbol Directory
ADAMH,"Adamas Trust, Inc. - 9.875% Senior Notes Due 2030",NASDAQ,N,N,ADAMH,Nasdaq Trader Symbol Directory
ADAMI,"Adamas Trust, Inc. - 9.125% Senior Notes Due 2029",NASDAQ,N,N,ADAMI,Nasdaq Trader Symbol Directory
ADAMK,"Adamas Trust, Inc. - 9.600% Senior Notes Due 2031",NASDAQ,N,N,ADAMK,Nasdaq Trader Symbol Directory
ADAMO,"Adamas Trust, Inc. - 9.250% Senior Notes Due 2031",NASDAQ,N,N,ADAMO,Nasdaq Trader Symbol Directory
ADBE,Adobe Inc. - Common Stock,NASDAQ,N,N,ADBE,Nasdaq Trader Symbol Directory
ADBT,"Advasa Holdings, Inc. - Common stock",NASDAQ,N,N,ADBT,Nasdaq Trader Symbol Directory
ADC,Agree Realty Corporation Common Stock,NYSE,N,N,ADC,Nasdaq Trader Symbol Directory
ADCT,ADC Therapeutics SA Common Shares,NYSE,N,N,ADCT,Nasdaq Trader Symbol Directory
ADEA,Adeia Inc.  - Common Stock,NASDAQ,N,N,ADEA,Nasdaq Trader Symbol Directory
ADGM,"Adagio Medical Holdings, Inc - Common Stock",NASDAQ,N,N,ADGM,Nasdaq Trader Symbol Directory
ADI,"Analog Devices, Inc. - Common Stock",NASDAQ,N,N,ADI,Nasdaq Trader Symbol Directory
ADIG,ADI Global Distribution Inc. Common Stock,NYSE,N,N,ADIG,Nasdaq Trader Symbol Directory
ADIL,"Adial Pharmaceuticals, Inc - Common Stock",NASDAQ,N,N,ADIL,Nasdaq Trader Symbol Directory
ADM,Archer-Daniels-Midland Company Common Stock,NYSE,N,N,ADM,Nasdaq Trader Symbol Directory
ADMA,ADMA Biologics Inc - Common Stock,NASDAQ,N,N,ADMA,Nasdaq Trader Symbol Directory
ADNT,Adient plc Ordinary Shares ,NYSE,N,N,ADNT,Nasdaq Trader Symbol Directory
ADP,"Automatic Data Processing, Inc. - Common Stock",NASDAQ,N,N,ADP,Nasdaq Trader Symbol Directory
ADPT,Adaptive Biotechnologies Corporation - Common Stock,NASDAQ,N,N,ADPT,Nasdaq Trader Symbol Directory
ADSE,ADS-TEC ENERGY PLC - Ordinary Shares,NASDAQ,N,N,ADSE,Nasdaq Trader Symbol Directory
ADSK,"Autodesk, Inc. - Common Stock",NASDAQ,N,N,ADSK,Nasdaq Trader Symbol Directory
ADT,ADT Inc. Common Stock,NYSE,N,N,ADT,Nasdaq Trader Symbol Directory
ADTN,"ADTRAN Holdings, Inc. - Common Stock",NASDAQ,N,N,ADTN,Nasdaq Trader Symbol Directory
ADUR,Aduro Clean Technologies Inc. - Common Stock,NASDAQ,N,N,ADUR,Nasdaq Trader Symbol Directory
ADUS,Addus HomeCare Corporation - Common Stock,NASDAQ,N,N,ADUS,Nasdaq Trader Symbol Directory
ADV,Advantage Solutions Inc.  - Class A Common Stock,NASDAQ,N,N,ADV,Nasdaq Trader Symbol Directory
ADVB,Advanced Biomed Inc. - Common Stock,NASDAQ,N,N,ADVB,Nasdaq Trader Symbol Directory
ADX,Adams Diversified Equity Fund Inc.,NYSE,N,N,ADX,Nasdaq Trader Symbol Directory
AEBI,Aebi Schmidt Holding AG - Common Stock,NASDAQ,N,N,AEBI,Nasdaq Trader Symbol Directory
AEC,Anfield Energy Inc. - Common Shares,NASDAQ,N,N,AEC,Nasdaq Trader Symbol Directory
AEE,Ameren Corporation Common Stock,NYSE,N,N,AEE,Nasdaq Trader Symbol Directory
AEF,"abrdn Emerging Markets ex-China Fund, Inc. Common Stock",NYSE American,N,N,AEF,Nasdaq Trader Symbol Directory
AEFC,Aegon Funding Company LLC 5.10% Subordinated Notes due 2049,NYSE,N,N,AEFC,Nasdaq Trader Symbol Directory
AEG,Aegon Ltd. New York Registry Shares,NYSE,N,N,AEG,Nasdaq Trader Symbol Directory
AEHL,Antelope Enterprise Holdings Limited - Class A Ordinary Shares,NASDAQ,N,N,AEHL,Nasdaq Trader Symbol Directory
AEHR,Aehr Test Systems - Common Stock,NASDAQ,N,N,AEHR,Nasdaq Trader Symbol Directory
AEI,Alset Inc. - Common Stock,NASDAQ,N,N,AEI,Nasdaq Trader Symbol Directory
AEIS,"Advanced Energy Industries, Inc. - Common Stock",NASDAQ,N,N,AEIS,Nasdaq Trader Symbol Directory
AEM,Agnico Eagle Mines Limited Common Stock,NYSE,N,N,AEM,Nasdaq Trader Symbol Directory
AEMD,"Aethlon Medical, Inc. - Common Stock",NASDAQ,N,N,AEMD,Nasdaq Trader Symbol Directory
AENT,Alliance Entertainment Holding Corporation - common stock,NASDAQ,N,N,AENT,Nasdaq Trader Symbol Directory
AEO,"American Eagle Outfitters, Inc. Common Stock",NYSE,N,N,AEO,Nasdaq Trader Symbol Directory
AEON,"AEON Biopharma, Inc. Class A Common Stock",NYSE American,N,N,AEON,Nasdaq Trader Symbol Directory
AEP,"American Electric Power Company, Inc. - Common Stock",NASDAQ,N,N,AEP,Nasdaq Trader Symbol Directory
AER,AerCap Holdings N.V. Ordinary Shares,NYSE,N,N,AER,Nasdaq Trader Symbol Directory
AERT,"Aeries Technology, Inc. - Class A Ordinary Share",NASDAQ,N,N,AERT,Nasdaq Trader Symbol Directory
AES,The AES Corporation Common Stock,NYSE,N,N,AES,Nasdaq Trader Symbol Directory
AESI,Atlas Energy Solutions Inc. Common Stock,NYSE,N,N,AESI,Nasdaq Trader Symbol Directory
AESP,Aeon Acquisition I Corp. - Class A Ordinary Shares,NASDAQ,N,N,AESP,Nasdaq Trader Symbol Directory
AEVA,"Aeva Technologies, Inc. - Common Stock",NASDAQ,N,N,AEVA,Nasdaq Trader Symbol Directory
AEYE,"AudioEye, Inc. - Common Stock",NASDAQ,N,N,AEYE,Nasdaq Trader Symbol Directory
AFB,AllianceBernstein National Municipal Income Fund Inc,NYSE,N,N,AFB,Nasdaq Trader Symbol Directory
AFCG,Advanced Flower Capital Inc. - Common Stock,NASDAQ,N,N,AFCG,Nasdaq Trader Symbol Directory
AFG,"American Financial Group, Inc. Common Stock",NYSE,N,N,AFG,Nasdaq Trader Symbol Directory
AFGB,"American Financial Group, Inc. 5.875% Subordinated Debentures due 2059",NYSE,N,N,AFGB,Nasdaq Trader Symbol Directory
AFGC,"American Financial Group, Inc. 5.125% Subordinated Debentures due 2059",NYSE,N,N,AFGC,Nasdaq Trader Symbol Directory
AFGD,"American Financial Group, Inc. 5.625% Subordinated Debentures due 2060",NYSE,N,N,AFGD,Nasdaq Trader Symbol Directory
AFGE,"American Financial Group, Inc. 4.500% Subordinated Debentures due 2060",NYSE,N,N,AFGE,Nasdaq Trader Symbol Directory
AFJK,"Aimei Health Technology Co., Ltd - Ordinary Share",NASDAQ,N,N,AFJK,Nasdaq Trader Symbol Directory
AFL,AFLAC Incorporated Common Stock,NYSE,N,N,AFL,Nasdaq Trader Symbol Directory
AFRI,Forafric Global PLC - Ordinary Shares,NASDAQ,N,N,AFRI,Nasdaq Trader Symbol Directory
AFRM,"Affirm Holdings, Inc. - Class A Common Stock",NASDAQ,N,N,AFRM,Nasdaq Trader Symbol Directory
AFYA,Afya Limited - Class A Common Shares,NASDAQ,N,N,AFYA,Nasdaq Trader Symbol Directory
AG,First Majestic Silver Corp. Ordinary Shares (Canada),NYSE,N,N,AG,Nasdaq Trader Symbol Directory
AGBK,AGI Inc Class A Common Shares,NYSE,N,N,AGBK,Nasdaq Trader Symbol Directory
AGCC,Agencia Comercial Spirits Ltd - Class A Ordinary Share,NASDAQ,N,N,AGCC,Nasdaq Trader Symbol Directory
AGCO,AGCO Corporation Common Stock,NYSE,N,N,AGCO,Nasdaq Trader Symbol Directory
AGD,abrdn Global Dynamic Dividend Fund Common Shares of Beneficial Interest,NYSE,N,N,AGD,Nasdaq Trader Symbol Directory
AGEN,Agenus Inc. - Common Stock,NASDAQ,N,N,AGEN,Nasdaq Trader Symbol Directory
AGI,Alamos Gold Inc. Class A Common Shares,NYSE,N,N,AGI,Nasdaq Trader Symbol Directory
AGIG,Abundia Global Impact Group Inc. Common stock,NYSE American,N,N,AGIG,Nasdaq Trader Symbol Directory
AGIO,"Agios Pharmaceuticals, Inc. - Common Stock",NASDAQ,N,N,AGIO,Nasdaq Trader Symbol Directory
AGL,"agilon health, inc. Common Stock",NYSE,N,N,AGL,Nasdaq Trader Symbol Directory
AGM,Federal Agricultural Mortgage Corporation Common Stock,NYSE,N,N,AGM,Nasdaq Trader Symbol Directory
AGM.A,Federal Agricultural Mortgage Corporation Common Stock,NYSE,N,N,AGM_A,Nasdaq Trader Symbol Directory
AGMB,AgomAb Therapeutics NV - ADRs representing one common share.,NASDAQ,N,N,AGMB,Nasdaq Trader Symbol Directory
AGMH,AGM Group Holdings Inc. - Class A Ordinary Shares,NASDAQ,N,N,AGMH,Nasdaq Trader Symbol Directory
AGNC,AGNC Investment Corp. - Common Stock,NASDAQ,N,N,AGNC,Nasdaq Trader Symbol Directory
AGNT,"AGNT, Inc. - Common Stock",NASDAQ,N,N,AGNT,Nasdaq Trader Symbol Directory
AGO,Assured Guaranty Ltd. Common Stock,NYSE,N,N,AGO,Nasdaq Trader Symbol Directory
AGPU,Axe Compute Inc. - Common Stock,NASDAQ,N,N,AGPU,Nasdaq Trader Symbol Directory
AGRO,Adecoagro S.A. Common Shares,NYSE,N,N,AGRO,Nasdaq Trader Symbol Directory
AGRZ,Agroz Inc. - Class A Ordinary Shares,NASDAQ,N,N,AGRZ,Nasdaq Trader Symbol Directory
AGX,"Argan, Inc. Common Stock",NYSE,N,N,AGX,Nasdaq Trader Symbol Directory
AGYS,"Agilysys, Inc. - Common Stock",NASDAQ,N,N,AGYS,Nasdaq Trader Symbol Directory
AHCO,AdaptHealth Corp.  - Common Stock,NASDAQ,N,N,AHCO,Nasdaq Trader Symbol Directory
AHMA,Ambitions Enterprise Management Co. L.L.C - Class A Ordinary Shares,NASDAQ,N,N,AHMA,Nasdaq Trader Symbol Directory
AHR,"American Healthcare REIT, Inc. Common Stock",NYSE,N,N,AHR,Nasdaq Trader Symbol Directory
AHRT,"AH Realty Trust, Inc. Common Stock",NYSE,N,N,AHRT,Nasdaq Trader Symbol Directory
AHT,Ashford Hospitality Trust Inc Common Stock,NYSE,N,N,AHT,Nasdaq Trader Symbol Directory
AI,"C3.ai, Inc. Class A Common Stock",NYSE,N,N,AI,Nasdaq Trader Symbol Directory
AIAI,AIAI Holdings Corporation - Class A common stock,NASDAQ,N,N,AIAI,Nasdaq Trader Symbol Directory
AIB,AIB Data Centers Inc. Common Stock,NYSE American,N,N,AIB,Nasdaq Trader Symbol Directory
AIBZ,Bitzero Holdings Inc. - Common Shares,NASDAQ,N,N,AIBZ,Nasdaq Trader Symbol Directory
AIDX,"20/20 Biolabs, Inc. - Common Stock",NASDAQ,N,N,AIDX,Nasdaq Trader Symbol Directory
AIFA,"All In FutureTech Alliance, Inc. - Common Stock",NASDAQ,N,N,AIFA,Nasdaq Trader Symbol Directory
AIFC,AI Financial Corporation - Common Stock,NASDAQ,N,N,AIFC,Nasdaq Trader Symbol Directory
AIFF,"Firefly Neuroscience, Inc.  - Common Stock",NASDAQ,N,N,AIFF,Nasdaq Trader Symbol Directory
AIFU,AIFU Inc. - Class A Ordinary Share,NASDAQ,N,N,AIFU,Nasdaq Trader Symbol Directory
AIG,"American International Group, Inc. New Common Stock",NYSE,N,N,AIG,Nasdaq Trader Symbol Directory
AIHS,Senmiao Technology Limited - Common Stock,NASDAQ,N,N,AIHS,Nasdaq Trader Symbol Directory
AII,"American Integrity Insurance Group, Inc. Common Stock",NYSE,N,N,AII,Nasdaq Trader Symbol Directory
AIIO,Robo.ai Inc. - Class B Ordinary Shares,NASDAQ,N,N,AIIO,Nasdaq Trader Symbol Directory
AIIR,Air Global PLC - Ordinary shares,NASDAQ,N,N,AIIR,Nasdaq Trader Symbol Directory
AIM,AIM ImmunoTech Inc. Common Stock,NYSE American,N,N,AIM,Nasdaq Trader Symbol Directory
AIMD,"Ainos, Inc. - Common Stock",NASDAQ,N,N,AIMD,Nasdaq Trader Symbol Directory
AIN,Albany International Corporation Common Stock,NYSE,N,N,AIN,Nasdaq Trader Symbol Directory
AIO,Virtus Artificial Intelligence & Technology Opportunities Fund Common Shares of Beneficial Interest,NYSE,N,N,AIO,Nasdaq Trader Symbol Directory
AIOS,AIOS Tech Inc. - Class A Common Shares,NASDAQ,N,N,AIOS,Nasdaq Trader Symbol Directory
AIOT,"PowerFleet, Inc. - Common Stock",NASDAQ,N,N,AIOT,Nasdaq Trader Symbol Directory
AIP,"Arteris, Inc.  - Common Stock",NASDAQ,N,N,AIP,Nasdaq Trader Symbol Directory
AIR,AAR Corp. Common Stock,NYSE,N,N,AIR,Nasdaq Trader Symbol Directory
AIRE,reAlpha Tech Corp. - Common Stock,NASDAQ,N,N,AIRE,Nasdaq Trader Symbol Directory
AIRG,"Airgain, Inc. - Common Stock",NASDAQ,N,N,AIRG,Nasdaq Trader Symbol Directory
AIRI,Air Industries Group Common Stock,NYSE American,N,N,AIRI,Nasdaq Trader Symbol Directory
AIRJ,AirJoule Technologies Corporation - Class A Common Stock,NASDAQ,N,N,AIRJ,Nasdaq Trader Symbol Directory
AIRO,"AIRO Group Holdings, Inc. - Common Stock",NASDAQ,N,N,AIRO,Nasdaq Trader Symbol Directory
AIRS,"AirSculpt Technologies, Inc. - Common Stock",NASDAQ,N,N,AIRS,Nasdaq Trader Symbol Directory
AIRT,"Air T, Inc. - Common Stock",NASDAQ,N,N,AIRT,Nasdaq Trader Symbol Directory
AISP,"Airship AI Holdings, Inc - Class A Common Stock",NASDAQ,N,N,AISP,Nasdaq Trader Symbol Directory
AIT,"Applied Industrial Technologies, Inc. Common Stock",NYSE,N,N,AIT,Nasdaq Trader Symbol Directory
AIV,Apartment Investment and Management Company Common Stock,NYSE,N,N,AIV,Nasdaq Trader Symbol Directory
AIXC,"AIxCrypto Holdings, Inc. - Common Stock",NASDAQ,N,N,AIXC,Nasdaq Trader Symbol Directory
AIZ,"Assurant, Inc. Common Stock",NYSE,N,N,AIZ,Nasdaq Trader Symbol Directory
AIZN,"Assurant, Inc. 5.25% Subordinated Notes due 2061",NYSE,N,N,AIZN,Nasdaq Trader Symbol Directory
AJG,Arthur J. Gallagher & Co. Common Stock,NYSE,N,N,AJG,Nasdaq Trader Symbol Directory
AKA,a.k.a. Brands Holding Corp. Common Stock,NYSE,N,N,AKA,Nasdaq Trader Symbol Directory
AKAM,"Akamai Technologies, Inc. - Common Stock",NASDAQ,N,N,AKAM,Nasdaq Trader Symbol Directory
AKAN,Akanda Corp. - Common Shares,NASDAQ,N,N,AKAN,Nasdaq Trader Symbol Directory
AKBA,"Akebia Therapeutics, Inc. - Common Stock",NASDAQ,N,N,AKBA,Nasdaq Trader Symbol Directory
AKO.A,Embotelladora Andina S.A. Common Stock,NYSE,N,N,AKO_A,Nasdaq Trader Symbol Directory
AKO.B,Embotelladora Andina S.A. Common Stock,NYSE,N,N,AKO_B,Nasdaq Trader Symbol Directory
AKR,Acadia Realty Trust Common Stock,NYSE,N,N,AKR,Nasdaq Trader Symbol Directory
AKTS,"Aktis Oncology, Inc. - Common stock",NASDAQ,N,N,AKTS,Nasdaq Trader Symbol Directory
ALAB,"Astera Labs, Inc. - Common Stock",NASDAQ,N,N,ALAB,Nasdaq Trader Symbol Directory
ALB,Albemarle Corporation Common Stock,NYSE,N,N,ALB,Nasdaq Trader Symbol Directory
ALC,Alcon Inc. Ordinary Shares,NYSE,N,N,ALC,Nasdaq Trader Symbol Directory
ALCO,"Alico, Inc. - Common Stock",NASDAQ,N,N,ALCO,Nasdaq Trader Symbol Directory
ALDF,Aldel Financial II Inc. - Class A Ordinary Shares,NASDAQ,N,N,ALDF,Nasdaq Trader Symbol Directory
ALDX,"Aldeyra Therapeutics, Inc. - Common Stock",NASDAQ,N,N,ALDX,Nasdaq Trader Symbol Directory
ALEC,"Alector, Inc. - Common Stock",NASDAQ,N,N,ALEC,Nasdaq Trader Symbol Directory
ALG,"Alamo Group, Inc. Common Stock",NYSE,N,N,ALG,Nasdaq Trader Symbol Directory
ALGM,"Allegro MicroSystems, Inc. - Common Stock",NASDAQ,N,N,ALGM,Nasdaq Trader Symbol Directory
ALGN,"Align Technology, Inc. - Common Stock",NASDAQ,N,N,ALGN,Nasdaq Trader Symbol Directory
ALGS,"Aligos Therapeutics, Inc. - Common stock",NASDAQ,N,N,ALGS,Nasdaq Trader Symbol Directory
ALGT,Allegiant Travel Company - Common Stock,NASDAQ,N,N,ALGT,Nasdaq Trader Symbol Directory
ALH,Alliance Laundry Holdings Inc. Common Stock,NYSE,N,N,ALH,Nasdaq Trader Symbol Directory
ALHC,"Alignment Healthcare, Inc. - Common Stock",NASDAQ,N,N,ALHC,Nasdaq Trader Symbol Directory
ALIT,"Alight, Inc. Class A Common Stock",NYSE,N,N,ALIT,Nasdaq Trader Symbol Directory
ALK,"Alaska Air Group, Inc. Common Stock",NYSE,N,N,ALK,Nasdaq Trader Symbol Directory
ALKS,Alkermes plc - Ordinary Shares,NASDAQ,N,N,ALKS,Nasdaq Trader Symbol Directory
ALKT,"Alkami Technology, Inc. - Common Stock",NASDAQ,N,N,ALKT,Nasdaq Trader Symbol Directory
ALL,Allstate Corporation (The) Common Stock,NYSE,N,N,ALL,Nasdaq Trader Symbol Directory
ALLE,Allegion plc Ordinary Shares,NYSE,N,N,ALLE,Nasdaq Trader Symbol Directory
ALLO,"Allogene Therapeutics, Inc. - Common Stock",NASDAQ,N,N,ALLO,Nasdaq Trader Symbol Directory
ALLR,"Allarity Therapeutics, Inc. - Common stock",NASDAQ,N,N,ALLR,Nasdaq Trader Symbol Directory
ALLT,Allot Ltd. - Ordinary Shares,NASDAQ,N,N,ALLT,Nasdaq Trader Symbol Directory
ALLY,Ally Financial Inc. Common Stock,NYSE,N,N,ALLY,Nasdaq Trader Symbol Directory
ALM,Almonty Industries Inc. - Common Shares,NASDAQ,N,N,ALM,Nasdaq Trader Symbol Directory
ALMR,"Alamar Biosciences, Inc. - Class A common stock",NASDAQ,N,N,ALMR,Nasdaq Trader Symbol Directory
ALMS,Alumis Inc. - Common Stock,NASDAQ,N,N,ALMS,Nasdaq Trader Symbol Directory
ALMU,"Aeluma, Inc. - Common Stock",NASDAQ,N,N,ALMU,Nasdaq Trader Symbol Directory
ALNT,Allient Inc. - Common Stock,NASDAQ,N,N,ALNT,Nasdaq Trader Symbol Directory
ALNY,"Alnylam Pharmaceuticals, Inc. - Common Stock",NASDAQ,N,N,ALNY,Nasdaq Trader Symbol Directory
ALOT,"AstroNova, Inc. - Common Stock",NASDAQ,N,N,ALOT,Nasdaq Trader Symbol Directory
ALOV,"Aldabra 4 Liquidity Opportunity Vehicle, Inc. - Class A Ordinary Shares",NASDAQ,N,N,ALOV,Nasdaq Trader Symbol Directory
ALOY,REalloys Inc. - Common Stock,NASDAQ,N,N,ALOY,Nasdaq Trader Symbol Directory
ALP,Alpha Compute Corp  - Common Stock,NASDAQ,N,N,ALP,Nasdaq Trader Symbol Directory
ALPS,ALPS Group Inc - Ordinary Share,NASDAQ,N,N,ALPS,Nasdaq Trader Symbol Directory
ALRM,"Alarm.com Holdings, Inc. - Common Stock",NASDAQ,N,N,ALRM,Nasdaq Trader Symbol Directory
ALRS,Alerus Financial Corporation - Common Stock,NASDAQ,N,N,ALRS,Nasdaq Trader Symbol Directory
ALSN,"Allison Transmission Holdings, Inc. Common Stock",NYSE,N,N,ALSN,Nasdaq Trader Symbol Directory
ALT,"Altimmune, Inc. - Common Stock",NASDAQ,N,N,ALT,Nasdaq Trader Symbol Directory
ALTG,Alta Equipment Group Inc. Class A Common Stock,NYSE,N,N,ALTG,Nasdaq Trader Symbol Directory
ALTI,"AlTi Global, Inc. - Class A Common Stock",NASDAQ,N,N,ALTI,Nasdaq Trader Symbol Directory
ALTO,"Alto Ingredients, Inc. - Common Stock",NASDAQ,N,N,ALTO,Nasdaq Trader Symbol Directory
ALV,"Autoliv, Inc. Common Stock",NYSE,N,N,ALV,Nasdaq Trader Symbol Directory
ALVO,Alvotech - Ordinary Shares,NASDAQ,N,N,ALVO,Nasdaq Trader Symbol Directory
ALX,"Alexander's, Inc. Common Stock",NYSE,N,N,ALX,Nasdaq Trader Symbol Directory
ALXO,ALX Oncology Holdings Inc. - Common Stock,NASDAQ,N,N,ALXO,Nasdaq Trader Symbol Directory
ALZN,"Alzamend Neuro, Inc. - Common Stock",NASDAQ,N,N,ALZN,Nasdaq Trader Symbol Directory
AM,Antero Midstream Corporation Common Stock,NYSE,N,N,AM,Nasdaq Trader Symbol Directory
AMAL,Amalgamated Financial Corp. - Common Stock,NASDAQ,N,N,AMAL,Nasdaq Trader Symbol Directory
AMAT,"Applied Materials, Inc. - Common Stock",NASDAQ,N,N,AMAT,Nasdaq Trader Symbol Directory
AMBA,"Ambarella, Inc. - Ordinary Shares",NASDAQ,N,N,AMBA,Nasdaq Trader Symbol Directory
AMBO,Ambow Education Holding Ltd. American Depository Shares (each representing twenty (20) Class A Ordinary Shares),NYSE American,N,N,AMBO,Nasdaq Trader Symbol Directory
AMBP,Ardagh Metal Packaging S.A. Ordinary Shares,NYSE,N,N,AMBP,Nasdaq Trader Symbol Directory
AMBQ,"Ambiq Micro, Inc. Common Stock",NYSE,N,N,AMBQ,Nasdaq Trader Symbol Directory
AMC,"AMC Entertainment Holdings, Inc. Class A Common Stock",NYSE,N,N,AMC,Nasdaq Trader Symbol Directory
AMCI,AMC Robotics Corporation - Common Stock,NASDAQ,N,N,AMCI,Nasdaq Trader Symbol Directory
AMCR,Amcor plc Ordinary Shares,NYSE,N,N,AMCR,Nasdaq Trader Symbol Directory
AMCX,AMC Global Media Inc. - Class A Common Stock,NASDAQ,N,N,AMCX,Nasdaq Trader Symbol Directory
AMD,"Advanced Micro Devices, Inc. - Common Stock",NASDAQ,N,N,AMD,Nasdaq Trader Symbol Directory
AME,"AMETEK, Inc.",NYSE,N,N,AME,Nasdaq Trader Symbol Directory
AMG,"Affiliated Managers Group, Inc. Common Stock",NYSE,N,N,AMG,Nasdaq Trader Symbol Directory
AMGN,Amgen Inc. - Common Stock,NASDAQ,N,N,AMGN,Nasdaq Trader Symbol Directory
AMH,American Homes 4 Rent Common Shares of Beneficial Interest,NYSE,N,N,AMH,Nasdaq Trader Symbol Directory
AMIX,"Autonomix Medical, Inc. - Common Stock",NASDAQ,N,N,AMIX,Nasdaq Trader Symbol Directory
AMKR,"Amkor Technology, Inc. - Common Stock",NASDAQ,N,N,AMKR,Nasdaq Trader Symbol Directory
AMLX,"Amylyx Pharmaceuticals, Inc. - Common Stock",NASDAQ,N,N,AMLX,Nasdaq Trader Symbol Directory
AMN,AMN Healthcare Services Inc,NYSE,N,N,AMN,Nasdaq Trader Symbol Directory
AMOD,"Alpha Modus Holdings, Inc. - Class A Common Stock",NASDAQ,N,N,AMOD,Nasdaq Trader Symbol Directory
AMP,"Ameriprise Financial, Inc. Common Stock",NYSE,N,N,AMP,Nasdaq Trader Symbol Directory
AMPG,"Amplitech Group, Inc. - Common Stock",NASDAQ,N,N,AMPG,Nasdaq Trader Symbol Directory
AMPH,"Amphastar Pharmaceuticals, Inc. - Common Stock",NASDAQ,N,N,AMPH,Nasdaq Trader Symbol Directory
AMPL,"Amplitude, Inc. - Class A Common Stock",NASDAQ,N,N,AMPL,Nasdaq Trader Symbol Directory
AMPX,"Amprius Technologies, Inc. Common Stock",NYSE,N,N,AMPX,Nasdaq Trader Symbol Directory
AMPY,Amplify Energy Corp. Common Stock,NYSE,N,N,AMPY,Nasdaq Trader Symbol Directory
AMR,"Alpha Metallurgical Resources, Inc. Common Stock",NYSE,N,N,AMR,Nasdaq Trader Symbol Directory
AMRC,"Ameresco, Inc. Class A Common Stock",NYSE,N,N,AMRC,Nasdaq Trader Symbol Directory
AMRX,"Amneal Pharmaceuticals, Inc. - Class A Common Stock",NASDAQ,N,N,AMRX,Nasdaq Trader Symbol Directory
AMRZ,Amrize Ltd Ordinary Shares,NYSE,N,N,AMRZ,Nasdaq Trader Symbol Directory
AMS,American Shared Hospital Services Common Stock,NYSE American,N,N,AMS,Nasdaq Trader Symbol Directory
AMSC,American Superconductor Corporation - Common Stock,NASDAQ,N,N,AMSC,Nasdaq Trader Symbol Directory
AMSF,"AMERISAFE, Inc. - Common Stock",NASDAQ,N,N,AMSF,Nasdaq Trader Symbol Directory
AMSS,AMASS Brands Inc. - Common Stock,NASDAQ,N,N,AMSS,Nasdaq Trader Symbol Directory
AMST,Amesite Inc. - Common Stock,NASDAQ,N,N,AMST,Nasdaq Trader Symbol Directory
AMT,American Tower Corporation (REIT) Common Stock,NYSE,N,N,AMT,Nasdaq Trader Symbol Directory
AMTB,Amerant Bancorp Inc. Class A Common Stock,NYSE,N,N,AMTB,Nasdaq Trader Symbol Directory
AMTM,"Amentum Holdings, Inc. Common Stock",NYSE,N,N,AMTM,Nasdaq Trader Symbol Directory
AMTX,"Aemetis, Inc - Common Stock",NASDAQ,N,N,AMTX,Nasdaq Trader Symbol Directory
AMUB,"ETRACS Alerian MLP Index ETN Series B due July 18, 2042",NYSE Arca,N,N,AMUB,Nasdaq Trader Symbol Directory
AMWL,American Well Corporation Class A Common Stock,NYSE,N,N,AMWL,Nasdaq Trader Symbol Directory
AMZE,"Amaze Holdings, Inc. Common Stock",NYSE American,N,N,AMZE,Nasdaq Trader Symbol Directory
AMZN,"Amazon.com, Inc. - Common Stock",NASDAQ,N,N,AMZN,Nasdaq Trader Symbol Directory
AN,"AutoNation, Inc. Common Stock",NYSE,N,N,AN,Nasdaq Trader Symbol Directory
ANAB,"AnaptysBio, Inc. - Common Stock",NASDAQ,N,N,ANAB,Nasdaq Trader Symbol Directory
ANDE,"The Andersons, Inc. - Common Stock",NASDAQ,N,N,ANDE,Nasdaq Trader Symbol Directory
ANDG,Andersen Group Inc. Class A Common Stock,NYSE,N,N,ANDG,Nasdaq Trader Symbol Directory
ANET,"Arista Networks, Inc. Common Stock",NYSE,N,N,ANET,Nasdaq Trader Symbol Directory
ANF,Abercrombie & Fitch Company Common Stock,NYSE,N,N,ANF,Nasdaq Trader Symbol Directory
ANGH,Anghami Inc. - Ordinary Shares,NASDAQ,N,N,ANGH,Nasdaq Trader Symbol Directory
ANGI,Angi Inc. - Class A Common Stock,NASDAQ,N,N,ANGI,Nasdaq Trader Symbol Directory
ANGO,"AngioDynamics, Inc. - Common Stock",NASDAQ,N,N,ANGO,Nasdaq Trader Symbol Directory
ANGX,"Angel Studios, Inc. Class A Common Stock",NYSE,N,N,ANGX,Nasdaq Trader Symbol Directory
ANIK,Anika Therapeutics Inc. - Common Stock,NASDAQ,N,N,ANIK,Nasdaq Trader Symbol Directory
ANIP,"ANI Pharmaceuticals, Inc. - Common Stock",NASDAQ,N,N,ANIP,Nasdaq Trader Symbol Directory
ANIX,"Anixa Biosciences, Inc. - Common Stock",NASDAQ,N,N,ANIX,Nasdaq Trader Symbol Directory
ANNA,"AleAnna, Inc. - Class A Common Stock",NASDAQ,N,N,ANNA,Nasdaq Trader Symbol Directory
ANNX,"Annexon, Inc. - common stock",NASDAQ,N,N,ANNX,Nasdaq Trader Symbol Directory
ANPA,Rich Sparkle Holdings Limited - Ordinary Shares,NASDAQ,N,N,ANPA,Nasdaq Trader Symbol Directory
ANRO,"Alto Neuroscience, Inc. Common Stock",NYSE,N,N,ANRO,Nasdaq Trader Symbol Directory
ANTA,Antalpha Platform Holding Company - Class A Ordinary Shares,NASDAQ,N,N,ANTA,Nasdaq Trader Symbol Directory
ANTX,"AN2 Therapeutics, Inc. - Common Stock",NASDAQ,N,N,ANTX,Nasdaq Trader Symbol Directory
ANVS,"Annovis Bio, Inc. Common Stock",NYSE,N,N,ANVS,Nasdaq Trader Symbol Directory
ANY,Sphere 3D Corp. - Common Shares,NASDAQ,N,N,ANY,Nasdaq Trader Symbol Directory
AOD,abrdn Total Dynamic Dividend Fund Common Shares of Beneficial Interest,NYSE,N,N,AOD,Nasdaq Trader Symbol Directory
AOMD,"Angel Oak Mortgage REIT, Inc. 9.750% Senior Notes due 2030",NYSE,N,N,AOMD,Nasdaq Trader Symbol Directory
AOMN,"Angel Oak Mortgage REIT, Inc. 9.500% Senior Notes due 2029",NYSE,N,N,AOMN,Nasdaq Trader Symbol Directory
AOMR,"Angel Oak Mortgage REIT, Inc. Common Stock",NYSE,N,N,AOMR,Nasdaq Trader Symbol Directory
AON,Aon plc Class A Ordinary Shares (Ireland),NYSE,N,N,AON,Nasdaq Trader Symbol Directory
AORT,"Artivion, Inc. Common Stock",NYSE,N,N,AORT,Nasdaq Trader Symbol Directory
AOS,A.O. Smith Corporation Common Stock,NYSE,N,N,AOS,Nasdaq Trader Symbol Directory
AOSL,Alpha and Omega Semiconductor Limited - Common Shares,NASDAQ,N,N,AOSL,Nasdaq Trader Symbol Directory
AOUT,"American Outdoor Brands, Inc. - Common Stock",NASDAQ,N,N,AOUT,Nasdaq Trader Symbol Directory
AP,Ampco-Pittsburgh Corporation Common Stock,NYSE,N,N,AP,Nasdaq Trader Symbol Directory
APA,APA Corporation - Common Stock,NASDAQ,N,N,APA,Nasdaq Trader Symbol Directory
APAC,StoneBridge Acquisition II Corporation - Class A Ordinary Shares,NASDAQ,N,N,APAC,Nasdaq Trader Symbol Directory
APAM,Artisan Partners Asset Management Inc. Class A Common Stock,NYSE,N,N,APAM,Nasdaq Trader Symbol Directory
APC,ARKO Petroleum Corp. - Class A Common Stock,NASDAQ,N,N,APC,Nasdaq Trader Symbol Directory
APD,"Air Products and Chemicals, Inc. Common Stock",NYSE,N,N,APD,Nasdaq Trader Symbol Directory
APEI,"American Public Education, Inc. - Common Stock",NASDAQ,N,N,APEI,Nasdaq Trader Symbol Directory
APG,APi Group Corporation Common Stock,NYSE,N,N,APG,Nasdaq Trader Symbol Directory
APGE,"Apogee Therapeutics, Inc. - Common Stock",NASDAQ,N,N,APGE,Nasdaq Trader Symbol Directory
APH,Amphenol Corporation Common Stock,NYSE,N,N,APH,Nasdaq Trader Symbol Directory
API,"Agora, Inc. - ADS",NASDAQ,N,N,API,Nasdaq Trader Symbol Directory
APLD,Applied Digital Corporation - Common Stock,NASDAQ,N,N,APLD,Nasdaq Trader Symbol Directory
APLE,"Apple Hospitality REIT, Inc. Common Shares",NYSE,N,N,APLE,Nasdaq Trader Symbol Directory
APLM,Apollomics Inc. - Class A Ordinary Shares,NASDAQ,N,N,APLM,Nasdaq Trader Symbol Directory
APMC,AmperCap Acquisition Company - Ordinary Shares,NASDAQ,N,N,APMC,Nasdaq Trader Symbol Directory
APMD,"Apnimed, Inc. - Common Stock",NASDAQ,N,N,APMD,Nasdaq Trader Symbol Directory
APO,"Apollo Global Management, Inc. (New) Common Stock",NYSE,N,N,APO,Nasdaq Trader Symbol Directory
APOG,"Apogee Enterprises, Inc. - Common Stock",NASDAQ,N,N,APOG,Nasdaq Trader Symbol Directory
APOS,"Apollo Global Management, Inc. 7.625% Fixed-Rate Resettable Junior Subordinated Notes due 2053",NYSE,N,N,APOS,Nasdaq Trader Symbol Directory
APP,Applovin Corporation - Class A Common Stock,NASDAQ,N,N,APP,Nasdaq Trader Symbol Directory
APPF,"AppFolio, Inc. - Class A Common Stock",NASDAQ,N,N,APPF,Nasdaq Trader Symbol Directory
APPN,Appian Corporation - Class A Common Stock,NASDAQ,N,N,APPN,Nasdaq Trader Symbol Directory
APPS,"Digital Turbine, Inc. - Common Stock",NASDAQ,N,N,APPS,Nasdaq Trader Symbol Directory
APRE,"Aprea Therapeutics, Inc. - Common Stock",NASDAQ,N,N,APRE,Nasdaq Trader Symbol Directory
APT,"Alpha Pro Tech, Ltd. Common Stock",NYSE American,N,N,APT,Nasdaq Trader Symbol Directory
APTV,Aptiv PLC Ordinary Shares,NYSE,N,N,APTV,Nasdaq Trader Symbol Directory
APUR,Aperture AC - Class A Ordinary Shares,NASDAQ,N,N,APUR,Nasdaq Trader Symbol Directory
APUS,"Apimeds Pharmaceuticals US, Inc. Common Stock",NYSE American,N,N,APUS,Nasdaq Trader Symbol Directory
APVO,Aptevo Therapeutics Inc. - Common Stock,NASDAQ,N,N,APVO,Nasdaq Trader Symbol Directory
APWC,"Asia Pacific Wire & Cable Corporation Limited  - Common shares, Par value .01 per share",NASDAQ,N,N,APWC,Nasdaq Trader Symbol Directory
APXT,Apex Treasury Corporation - Class A Ordinary Share,NASDAQ,N,N,APXT,Nasdaq Trader Symbol Directory
APYX,Apyx Medical Corporation - Common Stock,NASDAQ,N,N,APYX,Nasdaq Trader Symbol Directory
AQB,"AquaBounty Technologies, Inc. - Common Stock",NASDAQ,N,N,AQB,Nasdaq Trader Symbol Directory
AQMS,"Aqua Metals, Inc. - Common Stock",NASDAQ,N,N,AQMS,Nasdaq Trader Symbol Directory
AQN,Algonquin Power & Utilities Corp. Common Shares,NYSE,N,N,AQN,Nasdaq Trader Symbol Directory
AQNB,"Algonquin Power & Utilities Corp. 6.20% Fixed-to-Floating Subordinated Notes Series 2019-A due July 1, 2079",NYSE,N,N,AQNB,Nasdaq Trader Symbol Directory
AQST,"Aquestive Therapeutics, Inc. - Common Stock",NASDAQ,N,N,AQST,Nasdaq Trader Symbol Directory
AR,Antero Resources Corporation Common Stock,NYSE,N,N,AR,Nasdaq Trader Symbol Directory
ARAI,Arrive AI Inc. - Common Stock,NASDAQ,N,N,ARAI,Nasdaq Trader Symbol Directory
ARAY,Accuray Incorporated - Common Stock,NASDAQ,N,N,ARAY,Nasdaq Trader Symbol Directory
ARBB,ARB IOT Group Limited - Ordinary Shares,NASDAQ,N,N,ARBB,Nasdaq Trader Symbol Directory
ARBE,Arbe Robotics Ltd. - Ordinary Shares,NASDAQ,N,N,ARBE,Nasdaq Trader Symbol Directory
ARCB,ArcBest Corporation - Common Stock,NASDAQ,N,N,ARCB,Nasdaq Trader Symbol Directory
ARCC,Ares Capital Corporation - Closed End Fund,NASDAQ,N,N,ARCC,Nasdaq Trader Symbol Directory
ARCI,Archimedes Tech SPAC Partners III Co. - Ordinary Share,NASDAQ,N,N,ARCI,Nasdaq Trader Symbol Directory
ARCL,ARC Group Acquisition I Corp - Class A Ordinary Shares,NASDAQ,N,N,ARCL,Nasdaq Trader Symbol Directory
ARCO,Arcos Dorados Holdings Inc. Class A Shares,NYSE,N,N,ARCO,Nasdaq Trader Symbol Directory
ARCT,Arcturus Therapeutics Holdings Inc. - Common Stock,NASDAQ,N,N,ARCT,Nasdaq Trader Symbol Directory
ARDC,"Ares Dynamic Credit Allocation Fund, Inc. Common Shares",NYSE,N,N,ARDC,Nasdaq Trader Symbol Directory
ARDT,"Ardent Health, Inc. Common Stock",NYSE,N,N,ARDT,Nasdaq Trader Symbol Directory
ARDX,"Ardelyx, Inc. - Common Stock",NASDAQ,N,N,ARDX,Nasdaq Trader Symbol Directory
ARE,"Alexandria Real Estate Equities, Inc. Common Stock",NYSE,N,N,ARE,Nasdaq Trader Symbol Directory
AREC,American Resources Corporation - Class A Common Stock,NASDAQ,N,N,AREC,Nasdaq Trader Symbol Directory
AREN,"The Arena Group Holdings, Inc. Common Stock",NYSE American,N,N,AREN,Nasdaq Trader Symbol Directory
ARES,Ares Management Corporation Class A Common Stock,NYSE,N,N,ARES,Nasdaq Trader Symbol Directory
ARHS,"Arhaus, Inc. - Class A Common Stock",NASDAQ,N,N,ARHS,Nasdaq Trader Symbol Directory
ARI,"Apollo Commercial Real Estate Finance, Inc",NYSE,N,N,ARI,Nasdaq Trader Symbol Directory
ARIS,Aris Mining Corporation Common Shares,NYSE,N,N,ARIS,Nasdaq Trader Symbol Directory
ARKO,ARKO Corp. - Common Stock,NASDAQ,N,N,ARKO,Nasdaq Trader Symbol Directory
ARKR,Ark Restaurants Corp. - Common Stock,NASDAQ,N,N,ARKR,Nasdaq Trader Symbol Directory
ARL,"American Realty Investors, Inc. Common Stock",NYSE,N,N,ARL,Nasdaq Trader Symbol Directory
ARLO,"Arlo Technologies, Inc. Common Stock",NYSE,N,N,ARLO,Nasdaq Trader Symbol Directory
ARMK,Aramark Common Stock,NYSE,N,N,ARMK,Nasdaq Trader Symbol Directory
ARMP,"Armata Pharmaceuticals, Inc. Common Stock",NYSE American,N,N,ARMP,Nasdaq Trader Symbol Directory
AROC,"Archrock, Inc. Common Stock",NYSE,N,N,AROC,Nasdaq Trader Symbol Directory
AROW,Arrow Financial Corporation - Common Stock,NASDAQ,N,N,AROW,Nasdaq Trader Symbol Directory
ARQ,"Arq, Inc. - Common Stock",NASDAQ,N,N,ARQ,Nasdaq Trader Symbol Directory
ARQQ,Arqit Quantum Inc. - Ordinary Shares,NASDAQ,N,N,ARQQ,Nasdaq Trader Symbol Directory
ARQT,"Arcutis Biotherapeutics, Inc. - Common stock",NASDAQ,N,N,ARQT,Nasdaq Trader Symbol Directory
ARR,"ARMOUR Residential REIT, Inc.",NYSE,N,N,ARR,Nasdaq Trader Symbol Directory
ARRY,"Array Technologies, Inc. - Common Stock",NASDAQ,N,N,ARRY,Nasdaq Trader Symbol Directory
ARTL,"Artelo Biosciences, Inc. - Common Stock",NASDAQ,N,N,ARTL,Nasdaq Trader Symbol Directory
ARTNA,Artesian Resources Corporation - Class A Non-Voting Common Stock,NASDAQ,N,N,ARTNA,Nasdaq Trader Symbol Directory
ARTV,"Artiva Biotherapeutics, Inc. - Common Stock",NASDAQ,N,N,ARTV,Nasdaq Trader Symbol Directory
ARTW,"Art's-Way Manufacturing Co., Inc. - Common Stock",NASDAQ,N,N,ARTW,Nasdaq Trader Symbol Directory
ARVN,"Arvinas, Inc. - Common Stock",NASDAQ,N,N,ARVN,Nasdaq Trader Symbol Directory
ARW,"Arrow Electronics, Inc. Common Stock",NYSE,N,N,ARW,Nasdaq Trader Symbol Directory
ARWR,"Arrowhead Pharmaceuticals, Inc. - Common Stock",NASDAQ,N,N,ARWR,Nasdaq Trader Symbol Directory
ARX,Accelerant Holdings Class A Common Shares,NYSE,N,N,ARX,Nasdaq Trader Symbol Directory
ARXS,"Arxis, Inc. - Class A Common Stock",NASDAQ,N,N,ARXS,Nasdaq Trader Symbol Directory
AS,"Amer Sports, Inc. Ordinary Shares",NYSE,N,N,AS,Nasdaq Trader Symbol Directory
ASA,ASA  Gold and Precious Metals Limited,NYSE,N,N,ASA,Nasdaq Trader Symbol Directory
ASAN,"Asana, Inc. Class A Common Stock",NYSE,N,N,ASAN,Nasdaq Trader Symbol Directory
ASB,Associated Banc-Corp Common Stock,NYSE,N,N,ASB,Nasdaq Trader Symbol Directory
ASBA,Associated Banc-Corp 6.625% Fixed-Rate Reset Subordinated Notes due 2033,NYSE,N,N,ASBA,Nasdaq Trader Symbol Directory
ASBP,"Aspire Biopharma Holdings, Inc.  - Common Stock",NASDAQ,N,N,ASBP,Nasdaq Trader Symbol Directory
ASC,Ardmore Shipping Corporation Common Stock,NYSE,N,N,ASC,Nasdaq Trader Symbol Directory
ASG,"Liberty All-Star Growth Fund, Inc.",NYSE,N,N,ASG,Nasdaq Trader Symbol Directory
ASGI,abrdn Global Infrastructure Income Fund Common Shares of Beneficial Interest,NYSE,N,N,ASGI,Nasdaq Trader Symbol Directory
ASH,Ashland Inc. Common Stock,NYSE,N,N,ASH,Nasdaq Trader Symbol Directory
ASIC,Ategrity Specialty Insurance Company Holdings Common Stock,NYSE,N,N,ASIC,Nasdaq Trader Symbol Directory
ASIX,AdvanSix Inc. Common Stock ,NYSE,N,N,ASIX,Nasdaq Trader Symbol Directory
ASLE,AerSale Corporation - Common Stock,NASDAQ,N,N,ASLE,Nasdaq Trader Symbol Directory
ASM,Avino Silver & Gold Mines Ltd. Common Shares (Canada),NYSE American,N,N,ASM,Nasdaq Trader Symbol Directory
ASMB,"Assembly Biosciences, Inc. - Common Stock",NASDAQ,N,N,ASMB,Nasdaq Trader Symbol Directory
ASML,ASML Holding N.V. - New York Registry Shares,NASDAQ,N,N,ASML,Nasdaq Trader Symbol Directory
ASND,Ascendis Pharma A/S - Ordinary Share,NASDAQ,N,N,ASND,Nasdaq Trader Symbol Directory
ASO,"Academy Sports and Outdoors, Inc. - Common Stock",NASDAQ,N,N,ASO,Nasdaq Trader Symbol Directory
ASPI,ASP Isotopes Inc. - Common Stock,NASDAQ,N,N,ASPI,Nasdaq Trader Symbol Directory
ASPN,"Aspen Aerogels, Inc. Common Stock",NYSE,N,N,ASPN,Nasdaq Trader Symbol Directory
ASPS,Altisource Portfolio Solutions S.A. - Common Stock,NASDAQ,N,N,ASPS,Nasdaq Trader Symbol Directory
ASR,"Grupo Aeroportuario del Sureste, S.A. de C.V. Common Stock",NYSE,N,N,ASR,Nasdaq Trader Symbol Directory
ASRV,AmeriServ Financial Inc. - Common Stock,NASDAQ,N,N,ASRV,Nasdaq Trader Symbol Directory
ASST,"Strive, Inc. - Class A Common Stock",NASDAQ,N,N,ASST,Nasdaq Trader Symbol Directory
ASTC,Astrotech Corporation - Common Stock,NASDAQ,N,N,ASTC,Nasdaq Trader Symbol Directory
ASTE,"Astec Industries, Inc. - Common Stock",NASDAQ,N,N,ASTE,Nasdaq Trader Symbol Directory
ASTH,Astrana Health Inc. - Common Stock,NASDAQ,N,N,ASTH,Nasdaq Trader Symbol Directory
ASTI,"Ascent Solar Technologies, Inc - Common Stock",NASDAQ,N,N,ASTI,Nasdaq Trader Symbol Directory
ASTL,Algoma Steel Group Inc. - Common Shares,NASDAQ,N,N,ASTL,Nasdaq Trader Symbol Directory
ASTS,"AST SpaceMobile, Inc. - Class A Common Stock",NASDAQ,N,N,ASTS,Nasdaq Trader Symbol Directory
ASUR,Asure Software Inc - Common Stock,NASDAQ,N,N,ASUR,Nasdaq Trader Symbol Directory
ASYS,"Amtech Systems, Inc. - Common Stock",NASDAQ,N,N,ASYS,Nasdaq Trader Symbol Directory
ATAI,AtaiBeckley Inc. - Common Stock,NASDAQ,N,N,ATAI,Nasdaq Trader Symbol Directory
ATCH,"AtlasClear Holdings, Inc. Common Stock",NYSE American,N,N,ATCH,Nasdaq Trader Symbol Directory
ATCX,Atlas Critical Minerals Corporation - Common Stock,NASDAQ,N,N,ATCX,Nasdaq Trader Symbol Directory
ATEC,"Alphatec Holdings, Inc. - Common Stock",NASDAQ,N,N,ATEC,Nasdaq Trader Symbol Directory
ATEN,"A10 Networks, Inc. Common Stock",NYSE,N,N,ATEN,Nasdaq Trader Symbol Directory
ATER,"Aterian, Inc. - Common Stock",NASDAQ,N,N,ATER,Nasdaq Trader Symbol Directory
ATEX,Anterix Inc. - Common Stock,NASDAQ,N,N,ATEX,Nasdaq Trader Symbol Directory
ATGL,Alpha Technology Group Limited - Class A Ordinary Shares,NASDAQ,N,N,ATGL,Nasdaq Trader Symbol Directory
ATHR,"Aether Holdings, Inc. - Common Stock",NASDAQ,N,N,ATHR,Nasdaq Trader Symbol Directory
ATHS,Athene Holding Ltd. 7.250% Fixed-Rate Reset Junior Subordinated Debentures due 2064,NYSE,N,N,ATHS,Nasdaq Trader Symbol Directory
ATI,ATI Inc. Common Stock,NYSE,N,N,ATI,Nasdaq Trader Symbol Directory
ATII,Archimedes Tech SPAC Partners II Co. - Ordinary Shares,NASDAQ,N,N,ATII,Nasdaq Trader Symbol Directory
ATKR,Atkore Inc. Common Stock,NYSE,N,N,ATKR,Nasdaq Trader Symbol Directory
ATLC,Atlanticus Holdings Corporation - Common Stock,NASDAQ,N,N,ATLC,Nasdaq Trader Symbol Directory
ATLCL,Atlanticus Holdings Corporation - 6.125% Senior Notes due 2026,NASDAQ,N,N,ATLCL,Nasdaq Trader Symbol Directory
ATLCZ,Atlanticus Holdings Corporation - 9.25% Senior Notes due 2029,NASDAQ,N,N,ATLCZ,Nasdaq Trader Symbol Directory
ATLO,Ames National Corporation - Common Stock,NASDAQ,N,N,ATLO,Nasdaq Trader Symbol Directory
ATLX,Atlas Lithium Corporation - Common Stock,NASDAQ,N,N,ATLX,Nasdaq Trader Symbol Directory
ATMP,iPath Select MLP ETN,Cboe,N,N,ATMP,Nasdaq Trader Symbol Directory
ATMU,Atmus Filtration Technologies Inc. Common Stock,NYSE,N,N,ATMU,Nasdaq Trader Symbol Directory
ATNI,"ATN International, Inc. - Common Stock",NASDAQ,N,N,ATNI,Nasdaq Trader Symbol Directory
ATNM,"Actinium Pharmaceuticals, Inc. (Delaware) Common Stock",NYSE American,N,N,ATNM,Nasdaq Trader Symbol Directory
ATO,Atmos Energy Corporation Common Stock,NYSE,N,N,ATO,Nasdaq Trader Symbol Directory
ATOM,Atomera Incorporated - Common Stock,NASDAQ,N,N,ATOM,Nasdaq Trader Symbol Directory
ATOS,"Atossa Therapeutics, Inc. - Common Stock",NASDAQ,N,N,ATOS,Nasdaq Trader Symbol Directory
ATPC,Agape ATP Corporation - Common Stock,NASDAQ,N,N,ATPC,Nasdaq Trader Symbol Directory
ATR,"AptarGroup, Inc. Common Stock",NYSE,N,N,ATR,Nasdaq Trader Symbol Directory
ATRA,"Atara Biotherapeutics, Inc. - Common Stock",NASDAQ,N,N,ATRA,Nasdaq Trader Symbol Directory
ATRC,"AtriCure, Inc. - Common Stock",NASDAQ,N,N,ATRC,Nasdaq Trader Symbol Directory
ATRO,Astronics Corporation - Common Stock,NASDAQ,N,N,ATRO,Nasdaq Trader Symbol Directory
ATS,ATS Corporation Common Shares,NYSE,N,N,ATS,Nasdaq Trader Symbol Directory
ATTO,"Attovia Therapeutics, Inc. - Common Stock",NASDAQ,N,N,ATTO,Nasdaq Trader Symbol Directory
ATXG,Addentax Group Corp. - Common Stock,NASDAQ,N,N,ATXG,Nasdaq Trader Symbol Directory
ATYR,"aTyr Pharma, Inc. - Common Stock",NASDAQ,N,N,ATYR,Nasdaq Trader Symbol Directory
AU,AngloGold Ashanti PLC Ordinary Shares,NYSE,N,N,AU,Nasdaq Trader Symbol Directory
AUB,Atlantic Union Bankshares Corporation Common Stock,NYSE,N,N,AUB,Nasdaq Trader Symbol Directory
AUBN,"Auburn National Bancorporation, Inc. - Common Stock",NASDAQ,N,N,AUBN,Nasdaq Trader Symbol Directory
AUC,ATIF Holdings Limited - Ordinary Shares,NASDAQ,N,N,AUC,Nasdaq Trader Symbol Directory
AUDC,AudioCodes Ltd. - Ordinary Shares,NASDAQ,N,N,AUDC,Nasdaq Trader Symbol Directory
AUGO,Aura Minerals Inc. - Common Shares,NASDAQ,N,N,AUGO,Nasdaq Trader Symbol Directory
AUID,authID Inc. - Common Stock,NASDAQ,N,N,AUID,Nasdaq Trader Symbol Directory
AUNA,Auna SA Class A Ordinary Shares,NYSE,N,N,AUNA,Nasdaq Trader Symbol Directory
AUPH,Aurinia Pharmaceuticals Inc - Common Shares,NASDAQ,N,N,AUPH,Nasdaq Trader Symbol Directory
AUR,"Aurora Innovation, Inc.  - Class A Common Stock",NASDAQ,N,N,AUR,Nasdaq Trader Symbol Directory
AURA,"Aura Biosciences, Inc. - Common Stock",NASDAQ,N,N,AURA,Nasdaq Trader Symbol Directory
AURE,Aurelion Inc.  - Class A Ordinary Shares,NASDAQ,N,N,AURE,Nasdaq Trader Symbol Directory
AUST,Austin Gold Corp. Common Shares,NYSE American,N,N,AUST,Nasdaq Trader Symbol Directory
AUUD,Auddia Inc. - Common Stock,NASDAQ,N,N,AUUD,Nasdaq Trader Symbol Directory
AVA,Avista Corporation Common Stock,NYSE,N,N,AVA,Nasdaq Trader Symbol Directory
AVAH,Aveanna Healthcare Holdings Inc. - Common Stock,NASDAQ,N,N,AVAH,Nasdaq Trader Symbol Directory
AVAT,Avalanche Treasury Corporation - Class A Common Stock,NASDAQ,N,N,AVAT,Nasdaq Trader Symbol Directory
AVAV,"AeroVironment, Inc. - Common Stock",NASDAQ,N,N,AVAV,Nasdaq Trader Symbol Directory
AVBC,"Avidia Bancorp, Inc. Common Stock",NYSE,N,N,AVBC,Nasdaq Trader Symbol Directory
AVBH,"Avidbank Holdings, Inc. - Common Stock",NASDAQ,N,N,AVBH,Nasdaq Trader Symbol Directory
AVBP,"ArriVent BioPharma, Inc. - Common Stock",NASDAQ,N,N,AVBP,Nasdaq Trader Symbol Directory
AVD,American Vanguard Corporation Common Stock ($0.10 Par Value),NYSE,N,N,AVD,Nasdaq Trader Symbol Directory
AVEX,AEVEX Corp. Class A Common Stock,NYSE,N,N,AVEX,Nasdaq Trader Symbol Directory
AVGO,Broadcom Inc. - Common Stock,NASDAQ,N,N,AVGO,Nasdaq Trader Symbol Directory
AVIR,"Atea Pharmaceuticals, Inc. - common stock",NASDAQ,N,N,AVIR,Nasdaq Trader Symbol Directory
AVK,Advent Convertible and Income Fund,NYSE,N,N,AVK,Nasdaq Trader Symbol Directory
AVLN,Avalyn Pharma Inc. - common stock,NASDAQ,N,N,AVLN,Nasdaq Trader Symbol Directory
AVNT,Avient Corporation Common Stock,NYSE,N,N,AVNT,Nasdaq Trader Symbol Directory
AVNW,"Aviat Networks, Inc. - Common Stock",NASDAQ,N,N,AVNW,Nasdaq Trader Symbol Directory
AVO,"Mission Produce, Inc. - Common Stock",NASDAQ,N,N,AVO,Nasdaq Trader Symbol Directory
AVPT,"AvePoint, Inc. - Class A Common Stock",NASDAQ,N,N,AVPT,Nasdaq Trader Symbol Directory
AVR,Anteris Technologies Global Corp. - Common Stock,NASDAQ,N,N,AVR,Nasdaq Trader Symbol Directory
AVT,"Avnet, Inc. - Common Stock",NASDAQ,N,N,AVT,Nasdaq Trader Symbol Directory
AVTR,"Avantor, Inc. Common Stock",NYSE,N,N,AVTR,Nasdaq Trader Symbol Directory
AVTX,"Avalo Therapeutics, Inc. - Common Stock",NASDAQ,N,N,AVTX,Nasdaq Trader Symbol Directory
AVX,Avax One Technology Ltd. - Common Shares,NASDAQ,N,N,AVX,Nasdaq Trader Symbol Directory
AVXL,Anavex Life Sciences Corp. - Common Stock,NASDAQ,N,N,AVXL,Nasdaq Trader Symbol Directory
AVY,Avery Dennison Corporation Common Stock,NYSE,N,N,AVY,Nasdaq Trader Symbol Directory
AWF,Alliancebernstein Global High Income Fund,NYSE,N,N,AWF,Nasdaq Trader Symbol Directory
AWI,Armstrong World Industries Inc Common Stock,NYSE,N,N,AWI,Nasdaq Trader Symbol Directory
AWK,"American Water Works Company, Inc. Common Stock",NYSE,N,N,AWK,Nasdaq Trader Symbol Directory
AWP,abrdn Global Premier Properties Fund Common Shares of Beneficial Interest,NYSE,N,N,AWP,Nasdaq Trader Symbol Directory
AWR,American States Water Company Common Stock,NYSE,N,N,AWR,Nasdaq Trader Symbol Directory
AWRE,"Aware, Inc. - Common Stock",NASDAQ,N,N,AWRE,Nasdaq Trader Symbol Directory
AWX,Avalon Holdings Corporation Common Stock,NYSE American,N,N,AWX,Nasdaq Trader Symbol Directory
AX,"Axos Financial, Inc. Common Stock",NYSE,N,N,AX,Nasdaq Trader Symbol Directory
AXG,Solowin Holdings - Class A Ordinary Share,NASDAQ,N,N,AXG,Nasdaq Trader Symbol Directory
AXGN,"Axogen, Inc. - Common Stock",NASDAQ,N,N,AXGN,Nasdaq Trader Symbol Directory
AXIL,"AXIL Brands, Inc. Common Stock",NYSE American,N,N,AXIL,Nasdaq Trader Symbol Directory
AXON,"Axon Enterprise, Inc. - Common Stock",NASDAQ,N,N,AXON,Nasdaq Trader Symbol Directory
AXP,American Express Company Common Stock,NYSE,N,N,AXP,Nasdaq Trader Symbol Directory
AXR,AMREP Corporation Common Stock,NYSE,N,N,AXR,Nasdaq Trader Symbol Directory
AXS,Axis Capital Holdings Limited Common Stock,NYSE,N,N,AXS,Nasdaq Trader Symbol Directory
AXSM,"Axsome Therapeutics, Inc. - Common Stock",NASDAQ,N,N,AXSM,Nasdaq Trader Symbol Directory
AXTA,Axalta Coating Systems Ltd. Common Shares,NYSE,N,N,AXTA,Nasdaq Trader Symbol Directory
AXTI,AXT Inc - Common Stock,NASDAQ,N,N,AXTI,Nasdaq Trader Symbol Directory
AYA,Aya Gold & Silver Inc. - Common Shares,NASDAQ,N,N,AYA,Nasdaq Trader Symbol Directory
AYI,Acuity Inc. Common Stock,NYSE,N,N,AYI,Nasdaq Trader Symbol Directory
AYTU,"Aytu BioPharma, Inc.  - Common Stock",NASDAQ,N,N,AYTU,Nasdaq Trader Symbol Directory
AZ,A2Z Cust2Mate Solutions Corp. - Common Shares,NASDAQ,N,N,AZ,Nasdaq Trader Symbol Directory
AZI,Autozi Internet Technology (Global) Ltd. - Class A Ordinary Shares,NASDAQ,N,N,AZI,Nasdaq Trader Symbol Directory
AZIO,"Azio AI Holdings, Inc. - Common stock",NASDAQ,N,N,AZIO,Nasdaq Trader Symbol Directory
AZN,AstraZeneca PLC Ordinary Shares,NYSE,N,N,AZN,Nasdaq Trader Symbol Directory
AZO,"AutoZone, Inc. Common Stock",NYSE,N,N,AZO,Nasdaq Trader Symbol Directory
AZTA,"Azenta, Inc. - Common Stock",NASDAQ,N,N,AZTA,Nasdaq Trader Symbol Directory
AZTR,Azitra Inc Common Stock,NYSE American,N,N,AZTR,Nasdaq Trader Symbol Directory
AZZ,AZZ Inc.,NYSE,N,N,AZZ,Nasdaq Trader Symbol Directory
B,Barrick Mining Corporation Common Shares,NYSE,N,N,B,Nasdaq Trader Symbol Directory
BA,Boeing Company (The) Common Stock,NYSE,N,N,BA,Nasdaq Trader Symbol Directory
BAC,Bank of America Corporation Common Stock,NYSE,N,N,BAC,Nasdaq Trader Symbol Directory
BAER,"Bridger Aerospace Group Holdings, Inc. - Common Stock",NASDAQ,N,N,BAER,Nasdaq Trader Symbol Directory
BAFN,BayFirst Financial Corp. - Common Stock,NASDAQ,N,N,BAFN,Nasdaq Trader Symbol Directory
BAH,Booz Allen Hamilton Holding Corporation Common Stock,NYSE,N,N,BAH,Nasdaq Trader Symbol Directory
BALL,Ball Corporation Common Stock,NYSE,N,N,BALL,Nasdaq Trader Symbol Directory
BALY,Bally's Corporation Common Stock,NYSE,N,N,BALY,Nasdaq Trader Symbol Directory
BAM,Brookfield Asset Management Inc Class A Limited Voting Shares,NYSE,N,N,BAM,Nasdaq Trader Symbol Directory
BANC,"Banc of California, Inc. Common Stock",NYSE,N,N,BANC,Nasdaq Trader Symbol Directory
BAND,Bandwidth Inc. - Class A Common Stock,NASDAQ,N,N,BAND,Nasdaq Trader Symbol Directory
BANF,BancFirst Corporation - Common Stock,NASDAQ,N,N,BANF,Nasdaq Trader Symbol Directory
BANL,CBL International Limited - Class B Ordinary Shares,NASDAQ,N,N,BANL,Nasdaq Trader Symbol Directory
BANR,Banner Corporation - Common Stock,NASDAQ,N,N,BANR,Nasdaq Trader Symbol Directory
BANX,ArrowMark Financial Corp. - Closed End Fund,NASDAQ,N,N,BANX,Nasdaq Trader Symbol Directory
BAOS,Baosheng Media Group Holdings Limited - Ordinary shares,NASDAQ,N,N,BAOS,Nasdaq Trader Symbol Directory
BAP,Credicorp Ltd. Common Stock,NYSE,N,N,BAP,Nasdaq Trader Symbol Directory
BAR,GraniteShares Gold Trust Shares of Beneficial Interest,NYSE Arca,N,N,BAR,Nasdaq Trader Symbol Directory
BARK,"BARK, Inc. Class A Common Stock",NYSE,N,N,BARK,Nasdaq Trader Symbol Directory
BATL,Battalion Oil Corporation Common Stock,NYSE American,N,N,BATL,Nasdaq Trader Symbol Directory
BATRA,"Atlanta Braves Holdings, Inc. - Series A Common Stock",NASDAQ,N,N,BATRA,Nasdaq Trader Symbol Directory
BATRK,"Atlanta Braves Holdings, Inc. - Series C Common Stock",NASDAQ,N,N,BATRK,Nasdaq Trader Symbol Directory
BAX,Baxter International Inc. Common Stock,NYSE,N,N,BAX,Nasdaq Trader Symbol Directory
BB,BlackBerry Limited Common Stock,NYSE,N,N,BB,Nasdaq Trader Symbol Directory
BBAI,"BigBear.ai, Inc. Common Stock",NYSE,N,N,BBAI,Nasdaq Trader Symbol Directory
BBAR,Banco BBVA Argentina S.A. ADS,NYSE,N,N,BBAR,Nasdaq Trader Symbol Directory
BBCP,"Concrete Pumping Holdings, Inc.  - Common Stock",NASDAQ,N,N,BBCP,Nasdaq Trader Symbol Directory
BBDC,"Barings BDC, Inc. Common Stock",NYSE,N,N,BBDC,Nasdaq Trader Symbol Directory
BBGI,"Beasley Broadcast Group, Inc. - Class A Common Stock",NASDAQ,N,N,BBGI,Nasdaq Trader Symbol Directory
BBIO,"BridgeBio Pharma, Inc. - Common Stock",NASDAQ,N,N,BBIO,Nasdaq Trader Symbol Directory
BBLG,Bone Biologics Corp - Common Stock,NASDAQ,N,N,BBLG,Nasdaq Trader Symbol Directory
BBN,BlackRock Taxable Municipal Bond Trust Common Shares of Beneficial Interest,NYSE,N,N,BBN,Nasdaq Trader Symbol Directory
BBNX,"Beta Bionics, Inc. - Common Stock",NASDAQ,N,N,BBNX,Nasdaq Trader Symbol Directory
BBOT,"BridgeBio Oncology Therapeutics, Inc. - Common Stock",NASDAQ,N,N,BBOT,Nasdaq Trader Symbol Directory
BBSI,"Barrett Business Services, Inc. - Common Stock",NASDAQ,N,N,BBSI,Nasdaq Trader Symbol Directory
BBT,Beacon Financial Corporation Common stock,NYSE,N,N,BBT,Nasdaq Trader Symbol Directory
BBUC,Brookfield Business Corporation Class A Subordinate Voting Shares,NYSE,N,N,BBUC,Nasdaq Trader Symbol Directory
BBVA,Banco Bilbao Vizcaya Argentaria S.A. Common Stock,NYSE,N,N,BBVA,Nasdaq Trader Symbol Directory
BBW,"Build-A-Bear Workshop, Inc. Common Stock",NYSE,N,N,BBW,Nasdaq Trader Symbol Directory
BBWI,"Bath & Body Works, Inc.",NYSE,N,N,BBWI,Nasdaq Trader Symbol Directory
BBY,"Best Buy Co., Inc. Common Stock",NYSE,N,N,BBY,Nasdaq Trader Symbol Directory
BC,Brunswick Corporation Common Stock,NYSE,N,N,BC,Nasdaq Trader Symbol Directory
BCAB,"BioAtla, Inc. - Common Stock",NASDAQ,N,N,BCAB,Nasdaq Trader Symbol Directory
BCAL,California BanCorp - Common Stock,NASDAQ,N,N,BCAL,Nasdaq Trader Symbol Directory
BCAR,D. Boral ARC Acquisition I Corp. - Class A Ordinary Shares,NASDAQ,N,N,BCAR,Nasdaq Trader Symbol Directory
BCAT,BlackRock Capital Allocation Term Trust Common Shares of Beneficial Interest,NYSE,N,N,BCAT,Nasdaq Trader Symbol Directory
BCAX,Bicara Therapeutics Inc. - Common Stock,NASDAQ,N,N,BCAX,Nasdaq Trader Symbol Directory
BCBP,"BCB Bancorp, Inc. (NJ) - Common Stock",NASDAQ,N,N,BCBP,Nasdaq Trader Symbol Directory
BCC,"Boise Cascade, L.L.C. Common Stock",NYSE,N,N,BCC,Nasdaq Trader Symbol Directory
BCDA,"BioCardia, Inc. - Common Stock",NASDAQ,N,N,BCDA,Nasdaq Trader Symbol Directory
BCE,"BCE, Inc. Common Stock",NYSE,N,N,BCE,Nasdaq Trader Symbol Directory
BCG,"Binah Capital Group, Inc. - Common Stock",NASDAQ,N,N,BCG,Nasdaq Trader Symbol Directory
BCH,Banco De Chile ADS,NYSE,N,N,BCH,Nasdaq Trader Symbol Directory
BCHT,Birchtech Corp. Common Stock,NYSE American,N,N,BCHT,Nasdaq Trader Symbol Directory
BCIC,BCP Investment Corporation - Closed End Fund,NASDAQ,N,N,BCIC,Nasdaq Trader Symbol Directory
BCML,BayCom Corp - Common Stock,NASDAQ,N,N,BCML,Nasdaq Trader Symbol Directory
BCO,Brinks Company (The) Common Stock,NYSE,N,N,BCO,Nasdaq Trader Symbol Directory
BCPC,Balchem Corporation - Common Stock,NASDAQ,N,N,BCPC,Nasdaq Trader Symbol Directory
BCRX,"BioCryst Pharmaceuticals, Inc. - Common Stock",NASDAQ,N,N,BCRX,Nasdaq Trader Symbol Directory
BCS,Barclays PLC Common Stock,NYSE,N,N,BCS,Nasdaq Trader Symbol Directory
BCSF,"Bain Capital Specialty Finance, Inc. Common Stock",NYSE,N,N,BCSF,Nasdaq Trader Symbol Directory
BCSS,Bain Capital GSS Investment Corp. Class A Ordinary Shares,NYSE,N,N,BCSS,Nasdaq Trader Symbol Directory
BCTX,BriaCell Therapeutics Corp. - Common Shares,NASDAQ,N,N,BCTX,Nasdaq Trader Symbol Directory
BCV,"Bancroft Fund, Ltd.",NYSE American,N,N,BCV,Nasdaq Trader Symbol Directory
BCX,BlackRock Resources Common Shares of Beneficial Interest,NYSE,N,N,BCX,Nasdaq Trader Symbol Directory
BDC,Belden Inc Common Stock,NYSE,N,N,BDC,Nasdaq Trader Symbol Directory
BDCI,BTC Development Corp. - Class A Ordinary Shares,NASDAQ,N,N,BDCI,Nasdaq Trader Symbol Directory
BDCZ,"ETRACS MarketVector Business Development Companies Liquid Index ETN due April 26, 2041",NYSE Arca,N,N,BDCZ,Nasdaq Trader Symbol Directory
BDJ,Blackrock Enhanced Equity Dividend Trust,NYSE,N,N,BDJ,Nasdaq Trader Symbol Directory
BDL,"Flanigan's Enterprises, Inc. Common Stock",NYSE American,N,N,BDL,Nasdaq Trader Symbol Directory
BDMD,Baird Medical Investment Holdings Ltd - Ordinary Share,NASDAQ,N,N,BDMD,Nasdaq Trader Symbol Directory
BDN,Brandywine Realty Trust Common Stock,NYSE,N,N,BDN,Nasdaq Trader Symbol Directory
BDSX,"Biodesix, Inc. - Common Stock",NASDAQ,N,N,BDSX,Nasdaq Trader Symbol Directory
BDTX,"Black Diamond Therapeutics, Inc. - Common Stock",NASDAQ,N,N,BDTX,Nasdaq Trader Symbol Directory
BDX,"Becton, Dickinson and Company Common Stock",NYSE,N,N,BDX,Nasdaq Trader Symbol Directory
BE,Bloom Energy Corporation Class A Common Stock,NYSE,N,N,BE,Nasdaq Trader Symbol Directory
BEAM,Beam Therapeutics Inc. - Common Stock,NASDAQ,N,N,BEAM,Nasdaq Trader Symbol Directory
BEAT,"Heartbeam, Inc. - Common Stock",NASDAQ,N,N,BEAT,Nasdaq Trader Symbol Directory
BEBE,TGE Value Creative Solutions Corp Class A Ordinary Shares,NYSE,N,N,BEBE,Nasdaq Trader Symbol Directory
BEEM,Beam Global - Common Stock,NASDAQ,N,N,BEEM,Nasdaq Trader Symbol Directory
BEEP,Mobile Infrastructure Corporation - Common Stock,NASDAQ,N,N,BEEP,Nasdaq Trader Symbol Directory
BELFA,Bel Fuse Inc. - Class A Common Stock,NASDAQ,N,N,BELFA,Nasdaq Trader Symbol Directory
BELFB,Bel Fuse Inc. - Class B Common Stock,NASDAQ,N,N,BELFB,Nasdaq Trader Symbol Directory
BEN,"Franklin Templeton, Inc. Common Stock",NYSE,N,N,BEN,Nasdaq Trader Symbol Directory
BENF,Beneficient - Class A Common Stock,NASDAQ,N,N,BENF,Nasdaq Trader Symbol Directory
BEPC,Brookfield Renewable Corporation Brookfield Renewable Corporation Class A Subordinate Voting Shares,NYSE,N,N,BEPC,Nasdaq Trader Symbol Directory
BEPH,Brookfield BRP Holdings (Canada) Inc. 4.625% Perpetual Subordinated Notes,NYSE,N,N,BEPH,Nasdaq Trader Symbol Directory
BEPI,Brookfield BRP Holdings (Canada) Inc. 4.875% Perpetual Subordinated Notes,NYSE,N,N,BEPI,Nasdaq Trader Symbol Directory
BEPJ,Brookfield BRP Holdings (Canada) Inc. 7.250% Perpetual Subordinated Notes,NYSE,N,N,BEPJ,Nasdaq Trader Symbol Directory
BESS,Bimergen Energy Corporation Common Stock,NYSE American,N,N,BESS,Nasdaq Trader Symbol Directory
BETA,"Beta Technologies, Inc. Class A Common Stock",NYSE,N,N,BETA,Nasdaq Trader Symbol Directory
BETR,Better Home & Finance Holding Company - Class A Common Stock,NASDAQ,N,N,BETR,Nasdaq Trader Symbol Directory
BF.A,Brown Forman Inc Class A Common Stock,NYSE,N,N,BF_A,Nasdaq Trader Symbol Directory
BF.B,Brown Forman Inc Class B Common Stock,NYSE,N,N,BF_B,Nasdaq Trader Symbol Directory
BFAM,Bright Horizons Family Solutions Inc. Common Stock,NYSE,N,N,BFAM,Nasdaq Trader Symbol Directory
BFC,Bank First Corporation - Common Stock,NASDAQ,N,N,BFC,Nasdaq Trader Symbol Directory
BFH,"Bread Financial Holdings, Inc. Common Stock",NYSE,N,N,BFH,Nasdaq Trader Symbol Directory
BFLY,"Butterfly Network, Inc. Class A Common Stock",NYSE,N,N,BFLY,Nasdaq Trader Symbol Directory
BFRG,"Bullfrog AI Holdings, Inc. - Common Stock",NASDAQ,N,N,BFRG,Nasdaq Trader Symbol Directory
BFRI,Biofrontera Inc. - Common Stock,NASDAQ,N,N,BFRI,Nasdaq Trader Symbol Directory
BFS,"Saul Centers, Inc. Common Stock",NYSE,N,N,BFS,Nasdaq Trader Symbol Directory
BFST,"Business First Bancshares, Inc. - Common Stock",NASDAQ,N,N,BFST,Nasdaq Trader Symbol Directory
BG,Bunge Limited Common Shares,NYSE,N,N,BG,Nasdaq Trader Symbol Directory
BGB,Blackstone Strategic Credit 2027 Term Fund Common Shares of Beneficial Interest,NYSE,N,N,BGB,Nasdaq Trader Symbol Directory
BGC,"BGC Group, Inc. - Class A Common Stock",NASDAQ,N,N,BGC,Nasdaq Trader Symbol Directory
BGDE,"Big Digital Energy, Inc. - Common Stock",NASDAQ,N,N,BGDE,Nasdaq Trader Symbol Directory
BGH,Barings Global Short Duration High Yield Fund Common Shares of Beneficial Interests,NYSE,N,N,BGH,Nasdaq Trader Symbol Directory
BGI,Birks Group Inc. Common Stock,NYSE American,N,N,BGI,Nasdaq Trader Symbol Directory
BGIN,Bgin Blockchain Limited - Class A Ordinary Shares,NASDAQ,N,N,BGIN,Nasdaq Trader Symbol Directory
BGL,Blue Gold Limited - Class A ordinary shares,NASDAQ,N,N,BGL,Nasdaq Trader Symbol Directory
BGLC,BioNexus Gene Lab Corp - Common stock,NASDAQ,N,N,BGLC,Nasdaq Trader Symbol Directory
BGM,BGM Group Ltd. - Class A Ordinary Shares,NASDAQ,N,N,BGM,Nasdaq Trader Symbol Directory
BGMS,"Bio Green Med Solution, Inc. - Common Stock",NASDAQ,N,N,BGMS,Nasdaq Trader Symbol Directory
BGR,BlackRock Energy and Resources Trust,NYSE,N,N,BGR,Nasdaq Trader Symbol Directory
BGS,"B&G Foods, Inc. Common Stock",NYSE,N,N,BGS,Nasdaq Trader Symbol Directory
BGSF,"BGSF, Inc. Common Stock",NYSE,N,N,BGSF,Nasdaq Trader Symbol Directory
BGSI,Boyd Group Services Inc. Common Shares,NYSE,N,N,BGSI,Nasdaq Trader Symbol Directory
BGT,BlackRock Floating Rate Income Trust,NYSE,N,N,BGT,Nasdaq Trader Symbol Directory
BGX,Blackstone Long Short Credit Income Fund Common Shares,NYSE,N,N,BGX,Nasdaq Trader Symbol Directory
BGY,Blackrock Enhanced International Dividend Trust,NYSE,N,N,BGY,Nasdaq Trader Symbol Directory
BH,Biglari Holdings Inc. Class B Common Stock,NYSE,N,N,BH,Nasdaq Trader Symbol Directory
BH.A,Biglari Holdings Inc. Class A Common Stock,NYSE,N,N,BH_A,Nasdaq Trader Symbol Directory
BHB,"Bar Harbor Bankshares, Inc. Common Stock",NYSE American,N,N,BHB,Nasdaq Trader Symbol Directory
BHC,Bausch Health Companies Inc. Common Stock,NYSE,N,N,BHC,Nasdaq Trader Symbol Directory
BHE,"Benchmark Electronics, Inc. Common Stock",NYSE,N,N,BHE,Nasdaq Trader Symbol Directory
BHF,"Brighthouse Financial, Inc. - Common Stock",NASDAQ,N,N,BHF,Nasdaq Trader Symbol Directory
BHFAL,"Brighthouse Financial, Inc. - Junior Subordinated Debentures due 2058",NASDAQ,N,N,BHFAL,Nasdaq Trader Symbol Directory
BHK,Blackrock Core Bond Trust,NYSE,N,N,BHK,Nasdaq Trader Symbol Directory
BHM,"Bluerock Homes Trust, Inc. Class A Common Stock",NYSE American,N,N,BHM,Nasdaq Trader Symbol Directory
BHR,Braemar Hotels & Resorts Inc. Common Stock,NYSE,N,N,BHR,Nasdaq Trader Symbol Directory
BHRB,Burke & Herbert Financial Services Corp. - Common Stock,NASDAQ,N,N,BHRB,Nasdaq Trader Symbol Directory
BHST,BioHarvest Sciences Inc. - Common Stock,NASDAQ,N,N,BHST,Nasdaq Trader Symbol Directory
BHV,BlackRock Virginia Municipal Bond Trust,NYSE,N,N,BHV,Nasdaq Trader Symbol Directory
BHVN,Biohaven Ltd. Common Shares ,NYSE,N,N,BHVN,Nasdaq Trader Symbol Directory
BIAF,"bioAffinity Technologies, Inc. - Common Stock",NASDAQ,N,N,BIAF,Nasdaq Trader Symbol Directory
BIIB,Biogen Inc. - Common Stock,NASDAQ,N,N,BIIB,Nasdaq Trader Symbol Directory
BIII,Black Spade Acquisition III Co Class A Ordinary Shares,NYSE,N,N,BIII,Nasdaq Trader Symbol Directory
BILL,"BILL Holdings, Inc. Common Stock",NYSE,N,N,BILL,Nasdaq Trader Symbol Directory
BIO,"Bio-Rad Laboratories, Inc. Class A Common Stock",NYSE,N,N,BIO,Nasdaq Trader Symbol Directory
BIO.B,"Bio-Rad Laboratories, Inc. Class B  Common Stock",NYSE,N,N,BIO_B,Nasdaq Trader Symbol Directory
BIOA,"BioAge Labs, Inc. - Common Stock",NASDAQ,N,N,BIOA,Nasdaq Trader Symbol Directory
BIOT,Instinct Bio Technical Company Holdings Inc. - Common stock,NASDAQ,N,N,BIOT,Nasdaq Trader Symbol Directory
BIOX,Bioceres Crop Solutions Corp. - Ordinary Shares,NASDAQ,N,N,BIOX,Nasdaq Trader Symbol Directory
BIPC,Brookfield Infrastructure Corporation Brookfield Infrastructure Corporation,NYSE,N,N,BIPC,Nasdaq Trader Symbol Directory
BIPH,Brookfield Infrastructure Corporation 5.000% Subordinated Notes due 2081,NYSE,N,N,BIPH,Nasdaq Trader Symbol Directory
BIPI,BIP Bermuda Holdings I Limited 5.125% Perpetual Subordinated Notes,NYSE,N,N,BIPI,Nasdaq Trader Symbol Directory
BIPJ,Brookfield Infrastructure Corporation 7.250% Subordinated Notes due 2084,NYSE,N,N,BIPJ,Nasdaq Trader Symbol Directory
BIRD,"Smartbird, Inc. - Class A Common Stock",NASDAQ,N,N,BIRD,Nasdaq Trader Symbol Directory
BIRK,Birkenstock Holding plc Ordinary Shares,NYSE,N,N,BIRK,Nasdaq Trader Symbol Directory
BIT,BlackRock Multi-Sector Income Trust Common Shares of Beneficial Interest,NYSE,N,N,BIT,Nasdaq Trader Symbol Directory
BIVI,BioVie Inc. - Common stock,NASDAQ,N,N,BIVI,Nasdaq Trader Symbol Directory
BIYA,Baiya International Group Inc.  - Ordinary Shares,NASDAQ,N,N,BIYA,Nasdaq Trader Symbol Directory
BJ,"BJ's Wholesale Club Holdings, Inc. Common Stock",NYSE,N,N,BJ,Nasdaq Trader Symbol Directory
BJDX,"Bluejay Diagnostics, Inc. - Common Stock",NASDAQ,N,N,BJDX,Nasdaq Trader Symbol Directory
BJRI,"BJ's Restaurants, Inc. - Common Stock",NASDAQ,N,N,BJRI,Nasdaq Trader Symbol Directory
BKD,Brookdale Senior Living Inc. Common Stock,NYSE,N,N,BKD,Nasdaq Trader Symbol Directory
BKE,"Buckle, Inc. (The) Common Stock",NYSE,N,N,BKE,Nasdaq Trader Symbol Directory
BKH,Black Hills Corporation Common Stock,NYSE,N,N,BKH,Nasdaq Trader Symbol Directory
BKKT,"Bakkt, Inc. Class A Common Stock",NYSE,N,N,BKKT,Nasdaq Trader Symbol Directory
BKNG,Booking Holdings Inc. - Common Stock,NASDAQ,N,N,BKNG,Nasdaq Trader Symbol Directory
BKR,Baker Hughes Company - Common Stock,NASDAQ,N,N,BKR,Nasdaq Trader Symbol Directory
BKSY,BlackSky Technology Inc. Class A Common Stock,NYSE,N,N,BKSY,Nasdaq Trader Symbol Directory
BKT,BlackRock Income Trust Inc. (The),NYSE,N,N,BKT,Nasdaq Trader Symbol Directory
BKTI,BK Technologies Corporation Common Stock,NYSE American,N,N,BKTI,Nasdaq Trader Symbol Directory
BKU,"BankUnited, Inc. Common Stock",NYSE,N,N,BKU,Nasdaq Trader Symbol Directory
BKV,BKV Corporation Common Stock,NYSE,N,N,BKV,Nasdaq Trader Symbol Directory
BKYI,"BIO-key International, Inc. - Common Stock",NASDAQ,N,N,BKYI,Nasdaq Trader Symbol Directory
BL,"BlackLine, Inc. - Common Stock",NASDAQ,N,N,BL,Nasdaq Trader Symbol Directory
BLBD,Blue Bird Corporation - Common Stock,NASDAQ,N,N,BLBD,Nasdaq Trader Symbol Directory
BLCO,Bausch + Lomb Corporation Common Shares,NYSE,N,N,BLCO,Nasdaq Trader Symbol Directory
BLDP,"Ballard Power Systems, Inc. - Common Shares",NASDAQ,N,N,BLDP,Nasdaq Trader Symbol Directory
BLDR,"Builders FirstSource, Inc. Common Stock",NYSE,N,N,BLDR,Nasdaq Trader Symbol Directory
BLFS,"BioLife Solutions, Inc. - Common Stock",NASDAQ,N,N,BLFS,Nasdaq Trader Symbol Directory
BLIN,"Bridgeline Digital, Inc. - Common Stock",NASDAQ,N,N,BLIN,Nasdaq Trader Symbol Directory
BLIV,BeLive Holdings - ordinary shares,NASDAQ,N,N,BLIV,Nasdaq Trader Symbol Directory
BLK,"BlackRock, Inc. Common Stock",NYSE,N,N,BLK,Nasdaq Trader Symbol Directory
BLKB,"Blackbaud, Inc. - Common Stock",NASDAQ,N,N,BLKB,Nasdaq Trader Symbol Directory
BLLN,"BillionToOne, Inc. - Class A common stock",NASDAQ,N,N,BLLN,Nasdaq Trader Symbol Directory
BLMN,"Bloomin' Brands, Inc. - Common Stock",NASDAQ,N,N,BLMN,Nasdaq Trader Symbol Directory
BLND,"Blend Labs, Inc. Class A Common Stock",NYSE,N,N,BLND,Nasdaq Trader Symbol Directory
BLNE,"Beeline Holdings, Inc. - Common Stock",NASDAQ,N,N,BLNE,Nasdaq Trader Symbol Directory
BLNK,Blink Charging Co. - Common Stock,NASDAQ,N,N,BLNK,Nasdaq Trader Symbol Directory
BLSH,Bullish Ordinary Shares,NYSE,N,N,BLSH,Nasdaq Trader Symbol Directory
BLSM,"BlossomHill Therapeutics, Inc. - Common Stock",NASDAQ,N,N,BLSM,Nasdaq Trader Symbol Directory
BLW,Blackrock Limited Duration Income Trust,NYSE,N,N,BLW,Nasdaq Trader Symbol Directory
BLX,"Bladex, Inc. Class E Common Stock",NYSE,N,N,BLX,Nasdaq Trader Symbol Directory
BLZE,"Backblaze, Inc. - Common Stock",NASDAQ,N,N,BLZE,Nasdaq Trader Symbol Directory
BMBL,Bumble Inc. - common stock,NASDAQ,N,N,BMBL,Nasdaq Trader Symbol Directory
BME,Blackrock Health Sciences Trust,NYSE,N,N,BME,Nasdaq Trader Symbol Directory
BMEA,"Biomea Fusion, Inc. - Common Stock",NASDAQ,N,N,BMEA,Nasdaq Trader Symbol Directory
BMEZ,BlackRock Health Sciences Term Trust Common Shares of Beneficial Interest,NYSE,N,N,BMEZ,Nasdaq Trader Symbol Directory
BMGL,Basel Medical Group Ltd - ordinary shares,NASDAQ,N,N,BMGL,Nasdaq Trader Symbol Directory
BMHL,Bluemount Holdings Limited - Class B Ordinary Shares,NASDAQ,N,N,BMHL,Nasdaq Trader Symbol Directory
BMI,"Badger Meter, Inc. Common Stock",NYSE,N,N,BMI,Nasdaq Trader Symbol Directory
BMM,Blue Moon Metals Inc. - Common Shares,NASDAQ,N,N,BMM,Nasdaq Trader Symbol Directory
BMN,BlackRock 2037 Municipal Target Term Trust Common Shares of Beneficial Interest,NYSE,N,N,BMN,Nasdaq Trader Symbol Directory
BMNR,"BitMine Immersion Technologies, Inc. Common Stock",NYSE,N,N,BMNR,Nasdaq Trader Symbol Directory
BMO,Bank Of Montreal Common Stock,NYSE,N,N,BMO,Nasdaq Trader Symbol Directory
BMR,Beamr Imaging Ltd. - Ordinary Share,NASDAQ,N,N,BMR,Nasdaq Trader Symbol Directory
BMRA,"Biomerica, Inc. - Common Stock",NASDAQ,N,N,BMRA,Nasdaq Trader Symbol Directory
BMRC,Bank of Marin Bancorp - Common Stock,NASDAQ,N,N,BMRC,Nasdaq Trader Symbol Directory
BMRN,BioMarin Pharmaceutical Inc. - Common Stock,NASDAQ,N,N,BMRN,Nasdaq Trader Symbol Directory
BMY,Bristol-Myers Squibb Company Common Stock,NYSE,N,N,BMY,Nasdaq Trader Symbol Directory
BN,Brookfield Corporation Class A Limited Voting Shares,NYSE,N,N,BN,Nasdaq Trader Symbol Directory
BNAI,Brand Engagement Network Inc. - Common Stock,NASDAQ,N,N,BNAI,Nasdaq Trader Symbol Directory
BNC,CEA Industries Inc. - Common Stock,NASDAQ,N,N,BNC,Nasdaq Trader Symbol Directory
BNED,"Barnes & Noble Education, Inc Common Stock",NYSE,N,N,BNED,Nasdaq Trader Symbol Directory
BNGO,"Bionano Genomics, Inc. - Common Stock",NASDAQ,N,N,BNGO,Nasdaq Trader Symbol Directory
BNH,"Brookfield Finance Inc. 4.625% Subordinated Notes due October 16, 2080",NYSE,N,N,BNH,Nasdaq Trader Symbol Directory
BNJ,Brookfield Finance Inc. 4.50% Perpetual Subordinated Notes,NYSE,N,N,BNJ,Nasdaq Trader Symbol Directory
BNKK,"Bonk, Inc. - Common Stock",NASDAQ,N,N,BNKK,Nasdaq Trader Symbol Directory
BNL,"Broadstone Net Lease, Inc. Common Stock",NYSE,N,N,BNL,Nasdaq Trader Symbol Directory
BNS,Bank Nova Scotia Halifax Pfd 3 Ordinary Shares,NYSE,N,N,BNS,Nasdaq Trader Symbol Directory
BNT,Brookfield Wealth Solutions Ltd. Class A Exchangeable Limited Voting Shares,NYSE,N,N,BNT,Nasdaq Trader Symbol Directory
BNTC,Benitec Biopharma Inc. - Common Stock,NASDAQ,N,N,BNTC,Nasdaq Trader Symbol Directory
BNY,The Bank of New York Mellon Corporation Common Stock,NYSE,N,N,BNY,Nasdaq Trader Symbol Directory
BOBS,"Bob's Discount Furniture, Inc. Common Stock",NYSE,N,N,BOBS,Nasdaq Trader Symbol Directory
BOC,Boston Omaha Corporation Class A Common Stock,NYSE,N,N,BOC,Nasdaq Trader Symbol Directory
BODI,"The Beachbody Company, Inc. - Class A Common Stock",NASDAQ,N,N,BODI,Nasdaq Trader Symbol Directory
BOE,Blackrock Enhanced Global Dividend Trust Common Shares of Beneficial Interest,NYSE,N,N,BOE,Nasdaq Trader Symbol Directory
BOF,BranchOut Food Inc. - Common Stock,NASDAQ,N,N,BOF,Nasdaq Trader Symbol Directory
BOH,Bank of Hawaii Corporation Common Stock,NYSE,N,N,BOH,Nasdaq Trader Symbol Directory
BOKF,BOK Financial Corporation - Common Stock,NASDAQ,N,N,BOKF,Nasdaq Trader Symbol Directory
BOLD,"Boundless Bio, Inc. - Common Stock",NASDAQ,N,N,BOLD,Nasdaq Trader Symbol Directory
BOLT,"Bolt Biotherapeutics, Inc. - Common Stock",NASDAQ,N,N,BOLT,Nasdaq Trader Symbol Directory
BON,Bon Natural Life Limited - Class A Ordinary Shares,NASDAQ,N,N,BON,Nasdaq Trader Symbol Directory
BOOM,DMC Global Inc. - Common Stock,NASDAQ,N,N,BOOM,Nasdaq Trader Symbol Directory
BOOT,"Boot Barn Holdings, Inc. Common Stock",NYSE,N,N,BOOT,Nasdaq Trader Symbol Directory
BORR,Borr Drilling Limited Common Shares,NYSE,N,N,BORR,Nasdaq Trader Symbol Directory
BOSC,B.O.S. Better Online Solutions - Ordinary Shares,NASDAQ,N,N,BOSC,Nasdaq Trader Symbol Directory
BOT,"RoboStrategy, Inc. - Common Stock",NASDAQ,N,N,BOT,Nasdaq Trader Symbol Directory
BOTJ,"Bank of the James Financial Group, Inc. - Common Stock",NASDAQ,N,N,BOTJ,Nasdaq Trader Symbol Directory
BOW,Bowhead Specialty Holdings Inc. Common Stock,NYSE,N,N,BOW,Nasdaq Trader Symbol Directory
BOX,"Box, Inc. Class A Common Stock",NYSE,N,N,BOX,Nasdaq Trader Symbol Directory
BOXL,Boxlight Corporation - Class A Common Stock,NASDAQ,N,N,BOXL,Nasdaq Trader Symbol Directory
BP,BP p.l.c. Common Stock,NYSE,N,N,BP,Nasdaq Trader Symbol Directory
BPAC,Blueport Acquisition Ltd - Class A Ordinary Shares,NASDAQ,N,N,BPAC,Nasdaq Trader Symbol Directory
BPOP,"Popular, Inc. - Common Stock",NASDAQ,N,N,BPOP,Nasdaq Trader Symbol Directory
BPRE,Bluerock Private Real Estate Fund Common Shares of Beneficial Interest,NYSE,N,N,BPRE,Nasdaq Trader Symbol Directory
BPRN,"Princeton Bancorp, Inc. - Common Stock",NASDAQ,N,N,BPRN,Nasdaq Trader Symbol Directory
BQ,Boqii Holding Limited Class A Ordinary Shares,NYSE American,N,N,BQ,Nasdaq Trader Symbol Directory
BR,"Broadridge Financial Solutions, Inc. Common Stock",NYSE,N,N,BR,Nasdaq Trader Symbol Directory
BRAG,Bragg Gaming Group Inc. - Common Shares,NASDAQ,N,N,BRAG,Nasdaq Trader Symbol Directory
BRAI,Braiin Limited - Common Stock,NASDAQ,N,N,BRAI,Nasdaq Trader Symbol Directory
BRBI,BRBI BR Partners S.A. - ADSs,NASDAQ,N,N,BRBI,Nasdaq Trader Symbol Directory
BRBR,"BellRing Brands, Inc. Common Stock ",NYSE,N,N,BRBR,Nasdaq Trader Symbol Directory
BRBS,"Blue Ridge Bankshares, Inc. Common Stock",NYSE American,N,N,BRBS,Nasdaq Trader Symbol Directory
BRC,Brady Corporation Common Stock,NYSE,N,N,BRC,Nasdaq Trader Symbol Directory
BRCB,"Black Rock Coffee Bar, Inc. - Class A Common Stock",NASDAQ,N,N,BRCB,Nasdaq Trader Symbol Directory
BRCC,BRC Inc. Class A Common Stock,NYSE,N,N,BRCC,Nasdaq Trader Symbol Directory
BRFH,Barfresh Food Group Inc. - Common Stock,NASDAQ,N,N,BRFH,Nasdaq Trader Symbol Directory
BRIA,BrilliA Inc Class A Ordinary Shares,NYSE American,N,N,BRIA,Nasdaq Trader Symbol Directory
BRID,Bridgford Foods Corporation - Common Stock,NASDAQ,N,N,BRID,Nasdaq Trader Symbol Directory
BRK.A,Berkshire Hathaway Inc. Common Stock,NYSE,N,N,BRK_A,Nasdaq Trader Symbol Directory
BRK.B,Berkshire Hathaway Inc. New Common Stock,NYSE,N,N,BRK_B,Nasdaq Trader Symbol Directory
BRKR,Bruker Corporation - Common Stock,NASDAQ,N,N,BRKR,Nasdaq Trader Symbol Directory
BRLS,Borealis Foods Inc. - Class A Common Shares,NASDAQ,N,N,BRLS,Nasdaq Trader Symbol Directory
BRLT,"Brilliant Earth Group, Inc. - Class A Common Stock",NASDAQ,N,N,BRLT,Nasdaq Trader Symbol Directory
BRN,"Barnwell Industries, Inc. Common Stock",NYSE American,N,N,BRN,Nasdaq Trader Symbol Directory
BRNX,BrenX Ltd. - Ordinary Shares,NASDAQ,N,N,BRNX,Nasdaq Trader Symbol Directory
BRO,"Brown & Brown, Inc. Common Stock",NYSE,N,N,BRO,Nasdaq Trader Symbol Directory
BROS,Dutch Bros Inc. Class A Common Stock,NYSE,N,N,BROS,Nasdaq Trader Symbol Directory
BRR,"ProCap Financial, Inc. - Common Stock",NASDAQ,N,N,BRR,Nasdaq Trader Symbol Directory
BRSL,"Brightstar Lottery PLC Trading under the Legal Name to begin at the market open on July 21, 2025. Ordinary Shares",NYSE,N,N,BRSL,Nasdaq Trader Symbol Directory
BRSP,"BrightSpire Capital, Inc. Class A Common Stock",NYSE,N,N,BRSP,Nasdaq Trader Symbol Directory
BRT,BRT Apartments Corp. (MD) Common Stock,NYSE,N,N,BRT,Nasdaq Trader Symbol Directory
BRTX,"BioRestorative Therapies, Inc. - Common Stock",NASDAQ,N,N,BRTX,Nasdaq Trader Symbol Directory
BRUN,Boost Run Inc. - Class A Common Stock,NASDAQ,N,N,BRUN,Nasdaq Trader Symbol Directory
BRVE,"Braveheart Bio, Inc. - Common Stock",NASDAQ,N,N,BRVE,Nasdaq Trader Symbol Directory
BRW,Saba Capital Income & Opportunities Fund SBI,NYSE,N,N,BRW,Nasdaq Trader Symbol Directory
BRX,Brixmor Property Group Inc. Common Stock,NYSE,N,N,BRX,Nasdaq Trader Symbol Directory
BRZE,"Braze, Inc. - Class A Common Stock",NASDAQ,N,N,BRZE,Nasdaq Trader Symbol Directory
BSAC,Banco Santander - Chile ADS,NYSE,N,N,BSAC,Nasdaq Trader Symbol Directory
BSBK,Bogota Financial Corp. - Common Stock,NASDAQ,N,N,BSBK,Nasdaq Trader Symbol Directory
BSEM,"BioStem Technologies, Inc. - Common Stock",NASDAQ,N,N,BSEM,Nasdaq Trader Symbol Directory
BSET,"Bassett Furniture Industries, Incorporated - Common Stock",NASDAQ,N,N,BSET,Nasdaq Trader Symbol Directory
BSIN,Big Sky Industrial Inc. - Common Stock,NASDAQ,N,N,BSIN,Nasdaq Trader Symbol Directory
BSL,Blackstone Senior Floating Rate 2027 Term Fund Common Shares of Beneficial Interest,NYSE,N,N,BSL,Nasdaq Trader Symbol Directory
BSP,Bending Spoons S.p.A. - Ordinary Shares,NASDAQ,N,N,BSP,Nasdaq Trader Symbol Directory
BSRR,Sierra Bancorp - Common Stock,NASDAQ,N,N,BSRR,Nasdaq Trader Symbol Directory
BST,BlackRock Science and Technology Trust Common Shares of Beneficial Interest,NYSE,N,N,BST,Nasdaq Trader Symbol Directory
BSTZ,BlackRock Science and Technology Term Trust Common Shares of Beneficial Interest,NYSE,N,N,BSTZ,Nasdaq Trader Symbol Directory
BSVN,Bank7 Corp. - Common stock,NASDAQ,N,N,BSVN,Nasdaq Trader Symbol Directory
BSX,Boston Scientific Corporation Common Stock,NYSE,N,N,BSX,Nasdaq Trader Symbol Directory
BSY,"Bentley Systems, Incorporated - Class B Common Stock",NASDAQ,N,N,BSY,Nasdaq Trader Symbol Directory
BTAI,"BioXcel Therapeutics, Inc. - Common Stock",NASDAQ,N,N,BTAI,Nasdaq Trader Symbol Directory
BTBD,"BT Brands, Inc. - Common Stock",NASDAQ,N,N,BTBD,Nasdaq Trader Symbol Directory
BTBT,"Bit Digital, Inc. - Ordinary Share",NASDAQ,N,N,BTBT,Nasdaq Trader Symbol Directory
BTCS,BTCS Inc. - Common Stock,NASDAQ,N,N,BTCS,Nasdaq Trader Symbol Directory
BTCT,BTC Digital Ltd. - Ordinary Shares,NASDAQ,N,N,BTCT,Nasdaq Trader Symbol Directory
BTDR,Bitdeer Technologies Group - Ordinary Shares,NASDAQ,N,N,BTDR,Nasdaq Trader Symbol Directory
BTE,Baytex Energy Corp Common Shares,NYSE,N,N,BTE,Nasdaq Trader Symbol Directory
BTG,B2Gold Corp Common shares (Canada),NYSE American,N,N,BTG,Nasdaq Trader Symbol Directory
BTGO,"BitGo Holdings, Inc. Class A Common Stock",NYSE,N,N,BTGO,Nasdaq Trader Symbol Directory
BTLN,"Brightline Interactive, Inc. - Common Stock",NASDAQ,N,N,BTLN,Nasdaq Trader Symbol Directory
BTMD,Biote Corp. - Class A common stock,NASDAQ,N,N,BTMD,Nasdaq Trader Symbol Directory
BTO,John Hancock Financial Opportunities Fund Common Stock,NYSE,N,N,BTO,Nasdaq Trader Symbol Directory
BTOC,Armlogi Holding Corp. - common stock,NASDAQ,N,N,BTOC,Nasdaq Trader Symbol Directory
BTOG,Bit Origin Limited - Class A Ordinary Shares,NASDAQ,N,N,BTOG,Nasdaq Trader Symbol Directory
BTQ,BTQ Technologies Corp. - Common Stock,NASDAQ,N,N,BTQ,Nasdaq Trader Symbol Directory
BTSG,"BrightSpring Health Services, Inc. - Common Stock",NASDAQ,N,N,BTSG,Nasdaq Trader Symbol Directory
BTT,BlackRock Municipal 2030 Target Term Trust,NYSE,N,N,BTT,Nasdaq Trader Symbol Directory
BTTC,Black Titan Corp - Ordinary Shares,NASDAQ,N,N,BTTC,Nasdaq Trader Symbol Directory
BTU,Peabody Energy Corporation Common Stock ,NYSE,N,N,BTU,Nasdaq Trader Symbol Directory
BTX,BlackRock Technology and Private Equity Term Trust Common Shares of Beneficial Interest,NYSE,N,N,BTX,Nasdaq Trader Symbol Directory
BTZ,BlackRock Credit Allocation Income Trust,NYSE,N,N,BTZ,Nasdaq Trader Symbol Directory
BUDA,"Buda Juice, Inc. Common Stock",NYSE American,N,N,BUDA,Nasdaq Trader Symbol Directory
BUI,"BlackRock Utility, Infrastructure & Power Opportunities Trust",NYSE,N,N,BUI,Nasdaq Trader Symbol Directory
BULL,Webull Corporation - Class A Ordinary Shares,NASDAQ,N,N,BULL,Nasdaq Trader Symbol Directory
BUR,Burford Capital Limited Ordinary Shares,NYSE,N,N,BUR,Nasdaq Trader Symbol Directory
BURL,"Burlington Stores, Inc. Common Stock",NYSE,N,N,BURL,Nasdaq Trader Symbol Directory
BUSE,First Busey Corporation - Common Stock,NASDAQ,N,N,BUSE,Nasdaq Trader Symbol Directory
BUUU,BUUU Group Limited - Class A Ordinary Share,NASDAQ,N,N,BUUU,Nasdaq Trader Symbol Directory
BV,"BrightView Holdings, Inc. Common Stock",NYSE,N,N,BV,Nasdaq Trader Symbol Directory
BVC,BitVentures Limited - Ordinary Share,NASDAQ,N,N,BVC,Nasdaq Trader Symbol Directory
BVFL,"BV Financial, Inc. - Common Stock",NASDAQ,N,N,BVFL,Nasdaq Trader Symbol Directory
BVN,Buenaventura Mining Company Inc.,NYSE,N,N,BVN,Nasdaq Trader Symbol Directory
BVS,Bioventus Inc. - Class A Common Stock,NASDAQ,N,N,BVS,Nasdaq Trader Symbol Directory
BW,"Babcock & Wilcox Enterprises, Inc. Common Stock",NYSE,N,N,BW,Nasdaq Trader Symbol Directory
BWA,BorgWarner Inc. Common Stock,NYSE,N,N,BWA,Nasdaq Trader Symbol Directory
BWB,"Bridgewater Bancshares, Inc. - Common Stock",NASDAQ,N,N,BWB,Nasdaq Trader Symbol Directory
BWEN,"Broadwind, Inc. - Common Stock",NASDAQ,N,N,BWEN,Nasdaq Trader Symbol Directory
BWFG,"Bankwell Financial Group, Inc. - Common Stock",NASDAQ,N,N,BWFG,Nasdaq Trader Symbol Directory
BWG,BrandywineGLOBAL Global Income Opportunities Fund Inc.,NYSE,N,N,BWG,Nasdaq Trader Symbol Directory
BWIN,"The Baldwin Insurance Group, Inc. - Class A Common Stock",NASDAQ,N,N,BWIN,Nasdaq Trader Symbol Directory
BWLP,BW LPG Limited Common Shares,NYSE,N,N,BWLP,Nasdaq Trader Symbol Directory
BWMN,Bowman Consulting Group Ltd. - Common Stock,NASDAQ,N,N,BWMN,Nasdaq Trader Symbol Directory
BWMX,"Betterware de Mexico, S.A.P.I. de C.V. Ordinary Shares",NYSE,N,N,BWMX,Nasdaq Trader Symbol Directory
BWXT,"BWX Technologies, Inc. Common Stock",NYSE,N,N,BWXT,Nasdaq Trader Symbol Directory
BX,Blackstone Inc. Common Stock,NYSE,N,N,BX,Nasdaq Trader Symbol Directory
BXBL,"BOXABL, Inc.  - Common stock",NASDAQ,N,N,BXBL,Nasdaq Trader Symbol Directory
BXC,Bluelinx Holdings Inc. Common Stock,NYSE,N,N,BXC,Nasdaq Trader Symbol Directory
BXDC,Blackstone Digital Infrastructure Trust Inc. Common Stock,NYSE,N,N,BXDC,Nasdaq Trader Symbol Directory
BXMT,"Blackstone Mortgage Trust, Inc. Common Stock",NYSE,N,N,BXMT,Nasdaq Trader Symbol Directory
BXP,"BXP, Inc. Common Stock",NYSE,N,N,BXP,Nasdaq Trader Symbol Directory
BXSL,Blackstone Secured Lending Fund Common Shares of Beneficial Interest,NYSE,N,N,BXSL,Nasdaq Trader Symbol Directory
BY,"Byline Bancorp, Inc. Common Stock",NYSE,N,N,BY,Nasdaq Trader Symbol Directory
BYAH,"Park Ha Biological Technology Co., Ltd. - Class A Ordinary Shares",NASDAQ,N,N,BYAH,Nasdaq Trader Symbol Directory
BYD,Boyd Gaming Corporation Common Stock,NYSE,N,N,BYD,Nasdaq Trader Symbol Directory
BYFC,Broadway Financial Corporation - Class A Common Stock,NASDAQ,N,N,BYFC,Nasdaq Trader Symbol Directory
BYND,"Beyond Meat, Inc. - Common stock",NASDAQ,N,N,BYND,Nasdaq Trader Symbol Directory
BYRN,"Byrna Technologies, Inc. - Common Stock",NASDAQ,N,N,BYRN,Nasdaq Trader Symbol Directory
BYSI,"BeyondSpring, Inc. - Ordinary Shares",NASDAQ,N,N,BYSI,Nasdaq Trader Symbol Directory
BZ,KANZHUN LIMITED - American Depository Shares,NASDAQ,N,N,BZ,Nasdaq Trader Symbol Directory
BZAI,"Blaize Holdings, Inc. - Common Stock",NASDAQ,N,N,BZAI,Nasdaq Trader Symbol Directory
BZFD,"BuzzFeed, Inc. - Class A Common Stock",NASDAQ,N,N,BZFD,Nasdaq Trader Symbol Directory
BZH,"Beazer Homes USA, Inc. Common Stock",NYSE,N,N,BZH,Nasdaq Trader Symbol Directory
C,"Citigroup, Inc. Common Stock",NYSE,N,N,C,Nasdaq Trader Symbol Directory
CAAP,Corporacion America Airports SA Common Shares,NYSE,N,N,CAAP,Nasdaq Trader Symbol Directory
CAAS,"China Automotive Systems, Inc. - Ordinary Share",NASDAQ,N,N,CAAS,Nasdaq Trader Symbol Directory
CABA,"Cabaletta Bio, Inc. - Common Stock",NASDAQ,N,N,CABA,Nasdaq Trader Symbol Directory
CABO,"Cable One, Inc. Common Stock",NYSE,N,N,CABO,Nasdaq Trader Symbol Directory
CABR,"Caring Brands, Inc. - Common Stock",NASDAQ,N,N,CABR,Nasdaq Trader Symbol Directory
CAC,Camden National Corporation - Common Stock,NASDAQ,N,N,CAC,Nasdaq Trader Symbol Directory
CACC,Credit Acceptance Corporation - Common Stock,NASDAQ,N,N,CACC,Nasdaq Trader Symbol Directory
CACI,"CACI International, Inc. Class A Common Stock",NYSE,N,N,CACI,Nasdaq Trader Symbol Directory
CADL,"Candel Therapeutics, Inc. - Common Stock",NASDAQ,N,N,CADL,Nasdaq Trader Symbol Directory
CAE,CAE Inc - Common Shares,NASDAQ,N,N,CAE,Nasdaq Trader Symbol Directory
CAES,"Cantor Equity Partners VII, Inc. - Class A Ordinary Shares",NASDAQ,N,N,CAES,Nasdaq Trader Symbol Directory
CAF,Morgan Stanley China A Share Fund Inc. Common Stock,NYSE,N,N,CAF,Nasdaq Trader Symbol Directory
CAG,"ConAgra Brands, Inc. Common Stock",NYSE,N,N,CAG,Nasdaq Trader Symbol Directory
CAH,"Cardinal Health, Inc. Common Stock",NYSE,N,N,CAH,Nasdaq Trader Symbol Directory
CAI,"Caris Life Sciences, Inc. - Common Stock",NASDAQ,N,N,CAI,Nasdaq Trader Symbol Directory
CAKE,The Cheesecake Factory Incorporated - Common Stock,NASDAQ,N,N,CAKE,Nasdaq Trader Symbol Directory
CAL,"Caleres, Inc. Common Stock",NYSE,N,N,CAL,Nasdaq Trader Symbol Directory
CALC,"CalciMedica, Inc. - Common Stock",NASDAQ,N,N,CALC,Nasdaq Trader Symbol Directory
CALM,"Cal-Maine Foods, Inc. - Common Stock",NASDAQ,N,N,CALM,Nasdaq Trader Symbol Directory
CALX,"Calix, Inc Common Stock",NYSE,N,N,CALX,Nasdaq Trader Symbol Directory
CALY,Callaway Golf Company Common Stock,NYSE,N,N,CALY,Nasdaq Trader Symbol Directory
CAMP,CAMP4 Therapeutics Corporation - Common Stock,NASDAQ,N,N,CAMP,Nasdaq Trader Symbol Directory
CAMT,Camtek Ltd. - Ordinary Shares,NASDAQ,N,N,CAMT,Nasdaq Trader Symbol Directory
CANG,Cango Inc. Class A Ordinary Shares,NYSE,N,N,CANG,Nasdaq Trader Symbol Directory
CAPR,"Capricor Therapeutics, Inc. - Common Stock",NASDAQ,N,N,CAPR,Nasdaq Trader Symbol Directory
CAPS,Capstone Holding Corp. - Common Stock,NASDAQ,N,N,CAPS,Nasdaq Trader Symbol Directory
CAR,"Avis Budget Group, Inc. - Common Stock",NASDAQ,N,N,CAR,Nasdaq Trader Symbol Directory
CARE,"Carter Bankshares, Inc. - Common Stock",NASDAQ,N,N,CARE,Nasdaq Trader Symbol Directory
CARG,"CarGurus, Inc. - Class A Common Stock",NASDAQ,N,N,CARG,Nasdaq Trader Symbol Directory
CARL,"Carlsmed, Inc. - Common Stock",NASDAQ,N,N,CARL,Nasdaq Trader Symbol Directory
CARR,Carrier Global Corporation Common Stock ,NYSE,N,N,CARR,Nasdaq Trader Symbol Directory
CARS,Cars.com Inc. Common Stock ,NYSE,N,N,CARS,Nasdaq Trader Symbol Directory
CART,Maplebear Inc. - Common Stock,NASDAQ,N,N,CART,Nasdaq Trader Symbol Directory
CASH,"Pathward Financial, Inc. - Common Stock",NASDAQ,N,N,CASH,Nasdaq Trader Symbol Directory
CASS,"Cass Information Systems, Inc - Common Stock",NASDAQ,N,N,CASS,Nasdaq Trader Symbol Directory
CAST,"FreeCast, Inc. - Class A common stock",NASDAQ,N,N,CAST,Nasdaq Trader Symbol Directory
CASY,"Caseys General Stores, Inc. - Common Stock",NASDAQ,N,N,CASY,Nasdaq Trader Symbol Directory
CAT,"Caterpillar, Inc. Common Stock",NYSE,N,N,CAT,Nasdaq Trader Symbol Directory
CATO,Cato Corporation (The) Class A Common Stock,NYSE,N,N,CATO,Nasdaq Trader Symbol Directory
CATX,"Perspective Therapeutics, Inc. Common Stock",NYSE American,N,N,CATX,Nasdaq Trader Symbol Directory
CATY,Cathay General Bancorp - Common Stock,NASDAQ,N,N,CATY,Nasdaq Trader Symbol Directory
CAVA,"CAVA Group, Inc. Common Stock",NYSE,N,N,CAVA,Nasdaq Trader Symbol Directory
CB,Chubb Limited  Common Stock,NYSE,N,N,CB,Nasdaq Trader Symbol Directory
CBAN,"Colony Bankcorp, Inc. Common Stock",NYSE,N,N,CBAN,Nasdaq Trader Symbol Directory
CBAT,CBAK Energy Technology Limited - Ordinary Shares,NASDAQ,N,N,CBAT,Nasdaq Trader Symbol Directory
CBC,"Central Bancompany, Inc. - Class A Common Stock",NASDAQ,N,N,CBC,Nasdaq Trader Symbol Directory
CBFV,"CB Financial Services, Inc. - Common Stock",NASDAQ,N,N,CBFV,Nasdaq Trader Symbol Directory
CBIO,"Crescent Biopharma, Inc. - Common Stock",NASDAQ,N,N,CBIO,Nasdaq Trader Symbol Directory
CBK,"Commercial Bancgroup, Inc. - Common Stock",NASDAQ,N,N,CBK,Nasdaq Trader Symbol Directory
CBL,"CBL & Associates Properties, Inc. Common Stock",NYSE,N,N,CBL,Nasdaq Trader Symbol Directory
CBLL,"CeriBell, Inc. - Common Stock",NASDAQ,N,N,CBLL,Nasdaq Trader Symbol Directory
CBNA,"Chain Bridge Bancorp, Inc. Class A Common Stock",NYSE,N,N,CBNA,Nasdaq Trader Symbol Directory
CBNK,"Capital Bancorp, Inc. - Common Stock",NASDAQ,N,N,CBNK,Nasdaq Trader Symbol Directory
CBOE,"Cboe Global Markets, Inc. Common Stock",Cboe,N,N,CBOE,Nasdaq Trader Symbol Directory
CBRE,CBRE Group Inc Common Stock Class A,NYSE,N,N,CBRE,Nasdaq Trader Symbol Directory
CBRL,"Cracker Barrel Old Country Store, Inc. - Common Stock",NASDAQ,N,N,CBRL,Nasdaq Trader Symbol Directory
CBRS,Cerebras Systems Inc. - Class A Common Stock,NASDAQ,N,N,CBRS,Nasdaq Trader Symbol Directory
CBSH,"Commerce Bancshares, Inc. - Common Stock",NASDAQ,N,N,CBSH,Nasdaq Trader Symbol Directory
CBT,Cabot Corporation Common Stock,NYSE,N,N,CBT,Nasdaq Trader Symbol Directory
CBU,"Community Financial System, Inc. Common Stock",NYSE,N,N,CBU,Nasdaq Trader Symbol Directory
CBUS,"Cibus, Inc. - Class A Common Stock",NASDAQ,N,N,CBUS,Nasdaq Trader Symbol Directory
CBZ,"CBIZ, Inc. Common Stock",NYSE,N,N,CBZ,Nasdaq Trader Symbol Directory
CC,Chemours Company (The) Common Stock,NYSE,N,N,CC,Nasdaq Trader Symbol Directory
CCAP,"Crescent Capital BDC, Inc. - Common Stock",NASDAQ,N,N,CCAP,Nasdaq Trader Symbol Directory
CCB,Coastal Financial Corporation - Common Stock,NASDAQ,N,N,CCB,Nasdaq Trader Symbol Directory
CCBG,Capital City Bank Group - Common Stock,NASDAQ,N,N,CCBG,Nasdaq Trader Symbol Directory
CCC,CCC Intelligent Solutions Holdings Inc. - Common Stock,NASDAQ,N,N,CCC,Nasdaq Trader Symbol Directory
CCCC,"C4 Therapeutics, Inc. - Common Stock",NASDAQ,N,N,CCCC,Nasdaq Trader Symbol Directory
CCCT,Columbus Circle Capital Corp III - Class A Ordinary Shares,NASDAQ,N,N,CCCT,Nasdaq Trader Symbol Directory
CCD,Calamos Dynamic Convertible & Income Fund - Closed End Fund,NASDAQ,N,N,CCD,Nasdaq Trader Symbol Directory
CCEC,Capital Clean Energy Carriers Corp. - Common Share,NASDAQ,N,N,CCEC,Nasdaq Trader Symbol Directory
CCEL,"Cryo-Cell International, Inc. Common Stock",NYSE American,N,N,CCEL,Nasdaq Trader Symbol Directory
CCEP,Coca-Cola Europacific Partners plc - Ordinary Shares,NASDAQ,N,N,CCEP,Nasdaq Trader Symbol Directory
CCG,Cheche Group Inc. - Class A Ordinary Shares,NASDAQ,N,N,CCG,Nasdaq Trader Symbol Directory
CCHH,CCH Holdings Ltd - Class A Ordinary Shares,NASDAQ,N,N,CCHH,Nasdaq Trader Symbol Directory
CCI,Crown Castle Inc. Common Stock,NYSE,N,N,CCI,Nasdaq Trader Symbol Directory
CCIF,Carlyle Credit Income Fund Shares of Beneficial Interest,NYSE,N,N,CCIF,Nasdaq Trader Symbol Directory
CCJ,Cameco Corporation Common Stock,NYSE,N,N,CCJ,Nasdaq Trader Symbol Directory
CCK,"Crown Holdings, Inc.",NYSE,N,N,CCK,Nasdaq Trader Symbol Directory
CCL,Carnival Corporation Ltd. Common Shares,NYSE,N,N,CCL,Nasdaq Trader Symbol Directory
CCLD,"CareCloud, Inc. - Common Stock",NASDAQ,N,N,CCLD,Nasdaq Trader Symbol Directory
CCNE,CNB Financial Corporation - Common Stock,NASDAQ,N,N,CCNE,Nasdaq Trader Symbol Directory
CCO,"Clear Channel Outdoor Holdings, Inc. Common Stock",NYSE,N,N,CCO,Nasdaq Trader Symbol Directory
CCOI,"Cogent Communications Holdings, Inc. - Common Stock",NASDAQ,N,N,CCOI,Nasdaq Trader Symbol Directory
CCS,"Century Communities, Inc. Common Stock",NYSE,N,N,CCS,Nasdaq Trader Symbol Directory
CCSI,"Consensus Cloud Solutions, Inc. - Common Stock",NASDAQ,N,N,CCSI,Nasdaq Trader Symbol Directory
CCTG,CCSC Technology International Holdings Limited - Class A Ordinary Shares,NASDAQ,N,N,CCTG,Nasdaq Trader Symbol Directory
CCU,"Compania Cervecerias Unidas, S.A. Common Stock",NYSE,N,N,CCU,Nasdaq Trader Symbol Directory
CCXI,Churchill Capital Corp XI - Class A Ordinary Shares,NASDAQ,N,N,CCXI,Nasdaq Trader Symbol Directory
CCZ,Comcast Holdings ZONES,NYSE,N,N,CCZ,Nasdaq Trader Symbol Directory
CD,Chaince Digital Holdings Inc. - American Ordinary Shares,NASDAQ,N,N,CD,Nasdaq Trader Symbol Directory
CDE,"Coeur Mining, Inc. Common Stock",NYSE,N,N,CDE,Nasdaq Trader Symbol Directory
CDIO,Cardio Diagnostics Holdings Inc. - Common stock,NASDAQ,N,N,CDIO,Nasdaq Trader Symbol Directory
CDLX,"Cardlytics, Inc. - Common Stock",NASDAQ,N,N,CDLX,Nasdaq Trader Symbol Directory
CDNA,"CareDx, Inc. - Common Stock",NASDAQ,N,N,CDNA,Nasdaq Trader Symbol Directory
CDNL,Cardinal Infrastructure Group Inc. - Class A Common Stock,NASDAQ,N,N,CDNL,Nasdaq Trader Symbol Directory
CDNS,"Cadence Design Systems, Inc. - Common Stock",NASDAQ,N,N,CDNS,Nasdaq Trader Symbol Directory
CDP,COPT Defense Properties Common Shares of Beneficial Interest,NYSE,N,N,CDP,Nasdaq Trader Symbol Directory
CDRE,"Cadre Holdings, Inc. Common Stock",NYSE,N,N,CDRE,Nasdaq Trader Symbol Directory
CDRO,"Codere Online Luxembourg, S.A. - Ordinary Shares",NASDAQ,N,N,CDRO,Nasdaq Trader Symbol Directory
CDT,CDT Equity Inc. - Common Stock,NASDAQ,N,N,CDT,Nasdaq Trader Symbol Directory
CDTG,CDT Environmental Technology Investment Holdings Limited - ordinary shares,NASDAQ,N,N,CDTG,Nasdaq Trader Symbol Directory
CDW,CDW Corporation - Common Stock,NASDAQ,N,N,CDW,Nasdaq Trader Symbol Directory
CDXS,"Codexis, Inc. - Common Stock",NASDAQ,N,N,CDXS,Nasdaq Trader Symbol Directory
CDZI,"Cadiz, Inc. - Common Stock",NASDAQ,N,N,CDZI,Nasdaq Trader Symbol Directory
CE,Celanese Corporation Common Stock,NYSE,N,N,CE,Nasdaq Trader Symbol Directory
CECO,CECO Environmental Corp. - Common Stock,NASDAQ,N,N,CECO,Nasdaq Trader Symbol Directory
CEE,"The Central and Eastern Europe Fund, Inc. (The) Common Stock",NYSE,N,N,CEE,Nasdaq Trader Symbol Directory
CEG,Constellation Energy Corporation - Common Stock When-Issued,NASDAQ,N,N,CEG,Nasdaq Trader Symbol Directory
CELC,Celcuity Inc. - Common Stock,NASDAQ,N,N,CELC,Nasdaq Trader Symbol Directory
CELH,"Celsius Holdings, Inc. - Common Stock",NASDAQ,N,N,CELH,Nasdaq Trader Symbol Directory
CELU,Celularity Inc. - Class A Common Stock,NASDAQ,N,N,CELU,Nasdaq Trader Symbol Directory
CELZ,"Creative Medical Technology Holdings, Inc. - Common Stock",NASDAQ,N,N,CELZ,Nasdaq Trader Symbol Directory
CENN,Cenntro Inc. - Common Stock,NASDAQ,N,N,CENN,Nasdaq Trader Symbol Directory
CENT,Central Garden & Pet Company - Common Stock,NASDAQ,N,N,CENT,Nasdaq Trader Symbol Directory
CENTA,Central Garden & Pet Company - Class A Common Stock Nonvoting,NASDAQ,N,N,CENTA,Nasdaq Trader Symbol Directory
CENX,Century Aluminum Company - Common Stock,NASDAQ,N,N,CENX,Nasdaq Trader Symbol Directory
CEPF,"Cantor Equity Partners IV, Inc. - Class A Ordinary Shares",NASDAQ,N,N,CEPF,Nasdaq Trader Symbol Directory
CEPL,"Capstone Energy Plus, Inc. - Common Stock",NASDAQ,N,N,CEPL,Nasdaq Trader Symbol Directory
CEPO,"Cantor Equity Partners I, Inc. - Class A Ordinary Shares",NASDAQ,N,N,CEPO,Nasdaq Trader Symbol Directory
CEPS,"Cantor Equity Partners VI, Inc. - Class A Ordinary Shares",NASDAQ,N,N,CEPS,Nasdaq Trader Symbol Directory
CEPV,"Cantor Equity Partners V, Inc. - Class A Ordinary Shares",NASDAQ,N,N,CEPV,Nasdaq Trader Symbol Directory
CERS,Cerus Corporation - Common Stock,NASDAQ,N,N,CERS,Nasdaq Trader Symbol Directory
CERT,"Certara, Inc. - Common Stock",NASDAQ,N,N,CERT,Nasdaq Trader Symbol Directory
CET,Central Securities Corporation Common Stock,NYSE American,N,N,CET,Nasdaq Trader Symbol Directory
CETX,Cemtrex Inc. - Common Stock,NASDAQ,N,N,CETX,Nasdaq Trader Symbol Directory
CETY,"Clean Energy Technologies, Inc. - Common Stock",NASDAQ,N,N,CETY,Nasdaq Trader Symbol Directory
CEV,Eaton Vance California Municipal Income Trust Shares of Beneficial Interest,NYSE American,N,N,CEV,Nasdaq Trader Symbol Directory
CEVA,"CEVA, Inc. - Common Stock",NASDAQ,N,N,CEVA,Nasdaq Trader Symbol Directory
CF,"CF Industries Holdings, Inc. Common Stock",NYSE,N,N,CF,Nasdaq Trader Symbol Directory
CFBK,CF Bankshares Inc. - Common Stock,NASDAQ,N,N,CFBK,Nasdaq Trader Symbol Directory
CFFI,C&F Financial Corporation - Common Stock,NASDAQ,N,N,CFFI,Nasdaq Trader Symbol Directory
CFFN,"Capitol Federal Financial, Inc. - Common Stock",NASDAQ,N,N,CFFN,Nasdaq Trader Symbol Directory
CFG,"Citizens Financial Group, Inc. Common Stock",NYSE,N,N,CFG,Nasdaq Trader Symbol Directory
CFND,C1 Fund Inc. Common Stock,NYSE,N,N,CFND,Nasdaq Trader Symbol Directory
CFR,"Cullen/Frost Bankers, Inc. Common Stock",NYSE,N,N,CFR,Nasdaq Trader Symbol Directory
CG,The Carlyle Group Inc. - Common Stock,NASDAQ,N,N,CG,Nasdaq Trader Symbol Directory
CGABL,The Carlyle Group Inc. - 4.625% Subordinated Notes due 2061,NASDAQ,N,N,CGABL,Nasdaq Trader Symbol Directory
CGAU,Centerra Gold Inc. Common Shares,NYSE,N,N,CGAU,Nasdaq Trader Symbol Directory
CGBD,"Carlyle Secured Lending, Inc. - Closed End Fund",NASDAQ,N,N,CGBD,Nasdaq Trader Symbol Directory
CGC,Canopy Growth Corporation - Common Shares,NASDAQ,N,N,CGC,Nasdaq Trader Symbol Directory
CGCF,Cartesian Growth Corporation IV - Class A Ordinary Shares,NASDAQ,N,N,CGCF,Nasdaq Trader Symbol Directory
CGEM,"Cullinan Therapeutics, Inc. - Common Stock",NASDAQ,N,N,CGEM,Nasdaq Trader Symbol Directory
CGEN,Compugen Ltd. - Ordinary Shares,NASDAQ,N,N,CGEN,Nasdaq Trader Symbol Directory
CGNT,Cognyte Software Ltd. - Ordinary Shares,NASDAQ,N,N,CGNT,Nasdaq Trader Symbol Directory
CGNX,Cognex Corporation - Common Stock,NASDAQ,N,N,CGNX,Nasdaq Trader Symbol Directory
CGO,Calamos Global Total Return Fund - Closed End Fund,NASDAQ,N,N,CGO,Nasdaq Trader Symbol Directory
CGON,"CG Oncology, Inc. - Common stock",NASDAQ,N,N,CGON,Nasdaq Trader Symbol Directory
CGTL,Creative Global Technology Holdings Limited - Class A Ordinary Shares,NASDAQ,N,N,CGTL,Nasdaq Trader Symbol Directory
CGTX,"Cognition Therapeutics, Inc. - Common Stock",NASDAQ,N,N,CGTX,Nasdaq Trader Symbol Directory
CHAI,"Core AI Holdings, Inc. - Common Shares",NASDAQ,N,N,CHAI,Nasdaq Trader Symbol Directory
CHCI,"Comstock Holding Companies, Inc. - Class A Common Stock",NASDAQ,N,N,CHCI,Nasdaq Trader Symbol Directory
CHCO,City Holding Company - Common Stock,NASDAQ,N,N,CHCO,Nasdaq Trader Symbol Directory
CHCT,Community Healthcare Trust Incorporated Common Stock,NYSE,N,N,CHCT,Nasdaq Trader Symbol Directory
CHD,"Church & Dwight Company, Inc. Common Stock",NYSE,N,N,CHD,Nasdaq Trader Symbol Directory
CHDN,"Churchill Downs, Incorporated - Common Stock",NASDAQ,N,N,CHDN,Nasdaq Trader Symbol Directory
CHE,Chemed Corp,NYSE,N,N,CHE,Nasdaq Trader Symbol Directory
CHEC,Chenghe Acquisition III Co. - Class A Ordinary Shares,NASDAQ,N,N,CHEC,Nasdaq Trader Symbol Directory
CHEF,"The Chefs' Warehouse, Inc. - Common Stock",NASDAQ,N,N,CHEF,Nasdaq Trader Symbol Directory
CHGA,Change Agents Corporation  - Common Stock,NASDAQ,N,N,CHGA,Nasdaq Trader Symbol Directory
CHGG,"Chegg, Inc. Common Stock",NYSE,N,N,CHGG,Nasdaq Trader Symbol Directory
CHH,"Choice Hotels International, Inc. Common Stock",NYSE,N,N,CHH,Nasdaq Trader Symbol Directory
CHI,Calamos Convertible Opportunities and Income Fund - Closed End Fund,NASDAQ,N,N,CHI,Nasdaq Trader Symbol Directory
CHKP,Check Point Software Technologies Ltd. - Ordinary Shares,NASDAQ,N,N,CHKP,Nasdaq Trader Symbol Directory
CHMG,Chemung Financial Corp  - Common Stock,NASDAQ,N,N,CHMG,Nasdaq Trader Symbol Directory
CHMI,Cherry Hill Mortgage Investment Corporation Common Stock,NYSE,N,N,CHMI,Nasdaq Trader Symbol Directory
CHNR,"China Natural Resources, Inc. - Common Shares",NASDAQ,N,N,CHNR,Nasdaq Trader Symbol Directory
CHOW,ChowChow Cloud International Holdings Limited Ordinary Shares,NYSE American,N,N,CHOW,Nasdaq Trader Symbol Directory
CHPT,"ChargePoint Holdings, Inc. Common Stock",NYSE,N,N,CHPT,Nasdaq Trader Symbol Directory
CHR,"Cheer Holding, Inc.  - Class A Ordinary Share",NASDAQ,N,N,CHR,Nasdaq Trader Symbol Directory
CHRD,Chord Energy Corporation - Common Stock,NASDAQ,N,N,CHRD,Nasdaq Trader Symbol Directory
CHRN,ChronoScale Holdings Corporation - Common Stock,NASDAQ,N,N,CHRN,Nasdaq Trader Symbol Directory
CHRS,"Coherus Oncology, Inc. - Common Stock",NASDAQ,N,N,CHRS,Nasdaq Trader Symbol Directory
CHRW,"C.H. Robinson Worldwide, Inc. - Common Stock",NASDAQ,N,N,CHRW,Nasdaq Trader Symbol Directory
CHSN,Chanson International Holding - Class A Ordinary Shares,NASDAQ,N,N,CHSN,Nasdaq Trader Symbol Directory
CHT,"Chunghwa Telecom Co., Ltd.",NYSE,N,N,CHT,Nasdaq Trader Symbol Directory
CHTR,"Charter Communications, Inc. - Class A Common Stock",NASDAQ,N,N,CHTR,Nasdaq Trader Symbol Directory
CHW,Calamos Global Dynamic Income Fund - Closed End Fund,NASDAQ,N,N,CHW,Nasdaq Trader Symbol Directory
CHWY,"Chewy, Inc. Class A Common Stock",NYSE,N,N,CHWY,Nasdaq Trader Symbol Directory
CHY,Calamos Convertible and High Income Fund - Closed End Fund,NASDAQ,N,N,CHY,Nasdaq Trader Symbol Directory
CHYM,"Chime Financial, Inc. - Class A Common Stock",NASDAQ,N,N,CHYM,Nasdaq Trader Symbol Directory
CI,The Cigna Group Common Stock,NYSE,N,N,CI,Nasdaq Trader Symbol Directory
CIA,"Citizens, Inc. Class A Common Stock ($1.00 Par)",NYSE,N,N,CIA,Nasdaq Trader Symbol Directory
CICB,CION Investment Corporation 7.50% Notes due 2029,NYSE,N,N,CICB,Nasdaq Trader Symbol Directory
CICC,CION Investment Corporation 7.50% Notes due 2031,NYSE,N,N,CICC,Nasdaq Trader Symbol Directory
CIEN,Ciena Corporation Common Stock,NYSE,N,N,CIEN,Nasdaq Trader Symbol Directory
CIFR,Cipher Digital Inc. - Common Stock,NASDAQ,N,N,CIFR,Nasdaq Trader Symbol Directory
CIGI,Colliers International Group Inc.  - Subordinate Voting Shares,NASDAQ,N,N,CIGI,Nasdaq Trader Symbol Directory
CIGL,Concorde International Group Ltd - Class A Ordinary Shares,NASDAQ,N,N,CIGL,Nasdaq Trader Symbol Directory
CII,"BlackRock Enhanced Large Cap Core Fund, Inc. Common Stock",NYSE,N,N,CII,Nasdaq Trader Symbol Directory
CIIT,"Tianci International, Inc. - Common Stock",NASDAQ,N,N,CIIT,Nasdaq Trader Symbol Directory
CIK,"Credit Suisse Asset Management Income Fund, Inc. Common Stock",NYSE American,N,N,CIK,Nasdaq Trader Symbol Directory
CIM,Chimera Investment Corporation Common Stock,NYSE,N,N,CIM,Nasdaq Trader Symbol Directory
CIMN,Chimera Investment Corporation 9.000% Senior Notes due 2029,NYSE,N,N,CIMN,Nasdaq Trader Symbol Directory
CIMO,Chimera Investment Corporation 9.250% Senior Notes due 2029,NYSE,N,N,CIMO,Nasdaq Trader Symbol Directory
CIMP,Chimera Investment Corporation 8.875% Senior Notes due 2030,NYSE,N,N,CIMP,Nasdaq Trader Symbol Directory
CINF,Cincinnati Financial Corporation - Common Stock,NASDAQ,N,N,CINF,Nasdaq Trader Symbol Directory
CING,Cingulate Inc. - Common Stock,NASDAQ,N,N,CING,Nasdaq Trader Symbol Directory
CINT,CI&T Inc Class A Common Shares,NYSE,N,N,CINT,Nasdaq Trader Symbol Directory
CION,CION Investment Corporation Common Stock,NYSE,N,N,CION,Nasdaq Trader Symbol Directory
CIRC,"Circle8 Group, Inc. - Common Stock",NASDAQ,N,N,CIRC,Nasdaq Trader Symbol Directory
CISO,"CISO Global, Inc. - Common Stock",NASDAQ,N,N,CISO,Nasdaq Trader Symbol Directory
CISS,C3is Inc. - Common Stock,NASDAQ,N,N,CISS,Nasdaq Trader Symbol Directory
CITR,CitroTech Inc. Common Stock,NYSE American,N,N,CITR,Nasdaq Trader Symbol Directory
CIVB,"Civista Bancshares, Inc.  - Common Stock",NASDAQ,N,N,CIVB,Nasdaq Trader Symbol Directory
CIX,CompX International Inc. Common Stock,NYSE American,N,N,CIX,Nasdaq Trader Symbol Directory
CJMB,Callan JMB Inc. - Common Stock,NASDAQ,N,N,CJMB,Nasdaq Trader Symbol Directory
CKX,"CKX Lands, Inc. Common Stock",NYSE American,N,N,CKX,Nasdaq Trader Symbol Directory
CL,Colgate-Palmolive Company Common Stock,NYSE,N,N,CL,Nasdaq Trader Symbol Directory
CLAR,Clarus Corporation - Common Stock,NASDAQ,N,N,CLAR,Nasdaq Trader Symbol Directory
CLB,Core Laboratories Inc. Common Stock,NYSE,N,N,CLB,Nasdaq Trader Symbol Directory
CLBK,"Columbia Financial, Inc. - Common Stock",NASDAQ,N,N,CLBK,Nasdaq Trader Symbol Directory
CLBT,Cellebrite DI Ltd. - Ordinary Shares,NASDAQ,N,N,CLBT,Nasdaq Trader Symbol Directory
CLDI,"Calidi Biotherapeutics, Inc. Common Stock",NYSE American,N,N,CLDI,Nasdaq Trader Symbol Directory
CLDT,Chatham Lodging Trust (REIT) Common Shares of Beneficial Interest,NYSE,N,N,CLDT,Nasdaq Trader Symbol Directory
CLDX,"Celldex Therapeutics, Inc. - Common Stock",NASDAQ,N,N,CLDX,Nasdaq Trader Symbol Directory
CLF,Cleveland-Cliffs Inc. Common Stock,NYSE,N,N,CLF,Nasdaq Trader Symbol Directory
CLFD,"Clearfield, Inc. - Common Stock",NASDAQ,N,N,CLFD,Nasdaq Trader Symbol Directory
CLGN,CollPlant Biotechnologies Ltd. - Ordinary Shares,NASDAQ,N,N,CLGN,Nasdaq Trader Symbol Directory
CLH,"Clean Harbors, Inc. Common Stock",NYSE,N,N,CLH,Nasdaq Trader Symbol Directory
CLIK,Click Holdings Limited - Ordinary Share,NASDAQ,N,N,CLIK,Nasdaq Trader Symbol Directory
CLIR,ClearSign Technologies Corporation - Common Stock,NASDAQ,N,N,CLIR,Nasdaq Trader Symbol Directory
CLM,"Cornerstone Strategic Investment Fund, Inc. Common Shares",NYSE American,N,N,CLM,Nasdaq Trader Symbol Directory
CLMB,"Climb Global Solutions, Inc. - Common Stock",NASDAQ,N,N,CLMB,Nasdaq Trader Symbol Directory
CLMT,"Calumet, Inc - Common Stock",NASDAQ,N,N,CLMT,Nasdaq Trader Symbol Directory
CLNE,Clean Energy Fuels Corp. - Common Stock,NASDAQ,N,N,CLNE,Nasdaq Trader Symbol Directory
CLNN,Clene Inc. - Common Stock,NASDAQ,N,N,CLNN,Nasdaq Trader Symbol Directory
CLOV,"Clover Health Investments, Corp.  - Class A Common stock",NASDAQ,N,N,CLOV,Nasdaq Trader Symbol Directory
CLPR,Clipper Realty Inc. Common Stock,NYSE,N,N,CLPR,Nasdaq Trader Symbol Directory
CLPS,CLPS Incorporation - Common Stock,NASDAQ,N,N,CLPS,Nasdaq Trader Symbol Directory
CLPT,ClearPoint Neuro Inc. - Common Stock,NASDAQ,N,N,CLPT,Nasdaq Trader Symbol Directory
CLRB,"Cellectar Biosciences, Inc. - Common Stock",NASDAQ,N,N,CLRB,Nasdaq Trader Symbol Directory
CLRO,"ClearOne, Inc. - Common Stock",NASDAQ,N,N,CLRO,Nasdaq Trader Symbol Directory
CLS,"Celestica, Inc. Common Stock",NYSE,N,N,CLS,Nasdaq Trader Symbol Directory
CLSK,"CleanSpark, Inc. - Common Stock",NASDAQ,N,N,CLSK,Nasdaq Trader Symbol Directory
CLST,"Catalyst Bancorp, Inc. - common stock",NASDAQ,N,N,CLST,Nasdaq Trader Symbol Directory
CLVT,Clarivate Plc Ordinary Shares,NYSE,N,N,CLVT,Nasdaq Trader Symbol Directory
CLW,Clearwater Paper Corporation Common Stock,NYSE,N,N,CLW,Nasdaq Trader Symbol Directory
CLWT,Euro Tech Holdings Company Limited - Ordinary Shares,NASDAQ,N,N,CLWT,Nasdaq Trader Symbol Directory
CLX,Clorox Company (The) Common Stock,NYSE,N,N,CLX,Nasdaq Trader Symbol Directory
CLYM,"Climb Bio, Inc. - Common Stock",NASDAQ,N,N,CLYM,Nasdaq Trader Symbol Directory
CM,Canadian Imperial Bank of Commerce Common Stock,NYSE,N,N,CM,Nasdaq Trader Symbol Directory
CMBT,CMB.TECH NV Ordinary Shares,NYSE,N,N,CMBT,Nasdaq Trader Symbol Directory
CMC,Commercial Metals Company Common Stock,NYSE,N,N,CMC,Nasdaq Trader Symbol Directory
CMCL,Caledonia Mining Corporation Plc Common Shares,NYSE American,N,N,CMCL,Nasdaq Trader Symbol Directory
CMCO,Columbus McKinnon Corporation - Common Stock,NASDAQ,N,N,CMCO,Nasdaq Trader Symbol Directory
CMCSA,Comcast Corporation - Class A Common Stock,NASDAQ,N,N,CMCSA,Nasdaq Trader Symbol Directory
CMCT,Creative Media  - Common Stock,NASDAQ,N,N,CMCT,Nasdaq Trader Symbol Directory
CMDB,Costamare Bulkers Holdings Limited Common Stock,NYSE,N,N,CMDB,Nasdaq Trader Symbol Directory
CME,CME Group Inc. - Class A Common Stock,NASDAQ,N,N,CME,Nasdaq Trader Symbol Directory
CMG,"Chipotle Mexican Grill, Inc. Common Stock",NYSE,N,N,CMG,Nasdaq Trader Symbol Directory
CMI,Cummins Inc. Common Stock,NYSE,N,N,CMI,Nasdaq Trader Symbol Directory
CMII,Columbus Circle Capital Corp II - Class A Ordinary Shares,NASDAQ,N,N,CMII,Nasdaq Trader Symbol Directory
CMND,Clearmind Medicine Inc. - Common Shares,NASDAQ,N,N,CMND,Nasdaq Trader Symbol Directory
CMP,Compass Minerals Intl Inc Common Stock,NYSE,N,N,CMP,Nasdaq Trader Symbol Directory
CMPR,Cimpress plc - Ordinary Shares,NASDAQ,N,N,CMPR,Nasdaq Trader Symbol Directory
CMPS,COMPASS Pathways Plc - American Depository Shares,NASDAQ,N,N,CMPS,Nasdaq Trader Symbol Directory
CMPX,"Compass Therapeutics, Inc. - Common Stock",NASDAQ,N,N,CMPX,Nasdaq Trader Symbol Directory
CMRC,"Commerce.com, Inc. - Series 1 Common Stock",NASDAQ,N,N,CMRC,Nasdaq Trader Symbol Directory
CMRE,Costamare Inc. Common Stock $0.0001 par value,NYSE,N,N,CMRE,Nasdaq Trader Symbol Directory
CMS,CMS Energy Corporation Common Stock,NYSE,N,N,CMS,Nasdaq Trader Symbol Directory
CMSA,CMS Energy Corporation 5.625% Junior Subordinated Notes due 2078,NYSE,N,N,CMSA,Nasdaq Trader Symbol Directory
CMSC,CMS Energy Corporation 5.875% Junior Subordinated Notes due 2078,NYSE,N,N,CMSC,Nasdaq Trader Symbol Directory
CMSD,CMS Energy Corporation 5.875% Junior Subordinated Notes due 2079,NYSE,N,N,CMSD,Nasdaq Trader Symbol Directory
CMT,Core Molding Technologies Inc Common Stock,NYSE American,N,N,CMT,Nasdaq Trader Symbol Directory
CMTG,"Claros Mortgage Trust, Inc. Common Stock",NYSE,N,N,CMTG,Nasdaq Trader Symbol Directory
CMTL,Comtech Telecommunications Corp. - Common Stock,NASDAQ,N,N,CMTL,Nasdaq Trader Symbol Directory
CMTV,Community Bancorp.  - Common stock,NASDAQ,N,N,CMTV,Nasdaq Trader Symbol Directory
CNA,CNA Financial Corporation Common Stock,NYSE,N,N,CNA,Nasdaq Trader Symbol Directory
CNC,Centene Corporation Common Stock,NYSE,N,N,CNC,Nasdaq Trader Symbol Directory
CNCK,Coincheck Group N.V. - Ordinary Shares,NASDAQ,N,N,CNCK,Nasdaq Trader Symbol Directory
CNDT,Conduent Incorporated - Common Stock,NASDAQ,N,N,CNDT,Nasdaq Trader Symbol Directory
CNET,ZW Data Action Technologies Inc. - Common Stock,NASDAQ,N,N,CNET,Nasdaq Trader Symbol Directory
CNEY,CN Energy Group Inc. - Class A Ordinary Shares,NASDAQ,N,N,CNEY,Nasdaq Trader Symbol Directory
CNH,CNH Industrial N.V. Common Shares,NYSE,N,N,CNH,Nasdaq Trader Symbol Directory
CNI,Canadian National Railway Company Common Stock,NYSE,N,N,CNI,Nasdaq Trader Symbol Directory
CNK,"Cinemark Holdings Inc Cinemark Holdings, Inc. Common Stock",NYSE,N,N,CNK,Nasdaq Trader Symbol Directory
CNL,Collective Mining Ltd. - Common Stock,NASDAQ,N,N,CNL,Nasdaq Trader Symbol Directory
CNM,"Core & Main, Inc. Class A Common Stock",NYSE,N,N,CNM,Nasdaq Trader Symbol Directory
CNMD,CONMED Corporation Common Stock,NYSE,N,N,CNMD,Nasdaq Trader Symbol Directory
CNNE,"Cannae Holdings, Inc. Common Stock",NYSE,N,N,CNNE,Nasdaq Trader Symbol Directory
CNO,"CNO Financial Group, Inc. Common Stock",NYSE,N,N,CNO,Nasdaq Trader Symbol Directory
CNOB,"ConnectOne Bancorp, Inc. - Common Stock",NASDAQ,N,N,CNOB,Nasdaq Trader Symbol Directory
CNP,"CenterPoint Energy, Inc (Holding Co) Common Stock",NYSE,N,N,CNP,Nasdaq Trader Symbol Directory
CNQ,Canadian Natural Resources Limited Common Stock,NYSE,N,N,CNQ,Nasdaq Trader Symbol Directory
CNR,"Core Natural Resources, Inc. Common Stock",NYSE,N,N,CNR,Nasdaq Trader Symbol Directory
CNS,Cohen & Steers Inc Common Stock,NYSE,N,N,CNS,Nasdaq Trader Symbol Directory
CNSP,"CNS Pharmaceuticals, Inc. - Common Stock",NASDAQ,N,N,CNSP,Nasdaq Trader Symbol Directory
CNSY,"Cerenome, Inc. - Common Stock",NASDAQ,N,N,CNSY,Nasdaq Trader Symbol Directory
CNTB,Connect Biopharma Holdings Limited - Ordinary Shares,NASDAQ,N,N,CNTB,Nasdaq Trader Symbol Directory
CNTN,"Canton Strategic Holdings, Inc. - Common Stock",NASDAQ,N,N,CNTN,Nasdaq Trader Symbol Directory
CNTX,Context Therapeutics Inc. - Common Stock,NASDAQ,N,N,CNTX,Nasdaq Trader Symbol Directory
CNTY,"Century Casinos, Inc. - Common Stock",NASDAQ,N,N,CNTY,Nasdaq Trader Symbol Directory
CNVS,Cineverse Corp. - Class A Common Stock,NASDAQ,N,N,CNVS,Nasdaq Trader Symbol Directory
CNX,CNX Resources Corporation Common Stock,NYSE,N,N,CNX,Nasdaq Trader Symbol Directory
CNXC,Concentrix Corporation - Common Stock,NASDAQ,N,N,CNXC,Nasdaq Trader Symbol Directory
CNXN,"PC Connection, Inc. - Common Stock",NASDAQ,N,N,CNXN,Nasdaq Trader Symbol Directory
CNXU,Conexeu Sciences Inc. - Common Stock,NASDAQ,N,N,CNXU,Nasdaq Trader Symbol Directory
COAG,"Hemab Therapeutics Holdings, Inc. - Common Stock",NASDAQ,N,N,COAG,Nasdaq Trader Symbol Directory
COCH,"Envoy Medical, Inc. - Class A Common Stock",NASDAQ,N,N,COCH,Nasdaq Trader Symbol Directory
COCO,"The Vita Coco Company, Inc. - Common Stock",NASDAQ,N,N,COCO,Nasdaq Trader Symbol Directory
COCP,"Cocrystal Pharma, Inc. - Common Stock",NASDAQ,N,N,COCP,Nasdaq Trader Symbol Directory
CODA,"Coda Octopus Group, Inc. - Common stock",NASDAQ,N,N,CODA,Nasdaq Trader Symbol Directory
CODI,D/B/A Compass Diversified Holdings Shares of Beneficial Interest,NYSE,N,N,CODI,Nasdaq Trader Symbol Directory
CODX,"Co-Diagnostics, Inc. - Common Stock",NASDAQ,N,N,CODX,Nasdaq Trader Symbol Directory
COF,Capital One Financial Corporation Common Stock,NYSE,N,N,COF,Nasdaq Trader Symbol Directory
COFS,"ChoiceOne Financial Services, Inc. - Common Stock",NASDAQ,N,N,COFS,Nasdaq Trader Symbol Directory
COGT,"Cogent Biosciences, Inc. - Common Stock",NASDAQ,N,N,COGT,Nasdaq Trader Symbol Directory
COHN,Cohen & Company Inc.,NYSE American,N,N,COHN,Nasdaq Trader Symbol Directory
COHR,Coherent Corp. Common Stock,NYSE,N,N,COHR,Nasdaq Trader Symbol Directory
COHU,"Cohu, Inc. - Common Stock",NASDAQ,N,N,COHU,Nasdaq Trader Symbol Directory
COIN,"Coinbase Global, Inc. - Class A Common Stock",NASDAQ,N,N,COIN,Nasdaq Trader Symbol Directory
COKE,"Coca-Cola Consolidated, Inc. - Common Stock",NASDAQ,N,N,COKE,Nasdaq Trader Symbol Directory
COLB,"Columbia Banking System, Inc. - Common Stock",NASDAQ,N,N,COLB,Nasdaq Trader Symbol Directory
COLD,"Americold Realty Trust, Inc. Common Stock",NYSE,N,N,COLD,Nasdaq Trader Symbol Directory
COLL,"Collegium Pharmaceutical, Inc. - Common Stock",NASDAQ,N,N,COLL,Nasdaq Trader Symbol Directory
COLM,Columbia Sportswear Company - Common Stock,NASDAQ,N,N,COLM,Nasdaq Trader Symbol Directory
COMP,"Compass, Inc. Class A Common Stock",NYSE,N,N,COMP,Nasdaq Trader Symbol Directory
CON,"Concentra Group Holdings Parent, Inc. Common Stock",NYSE,N,N,CON,Nasdaq Trader Symbol Directory
COO,"The Cooper Companies, Inc.  - Common Stock",NASDAQ,N,N,COO,Nasdaq Trader Symbol Directory
COOK,"Traeger, Inc. Common Stock",NYSE,N,N,COOK,Nasdaq Trader Symbol Directory
COOT,Australian Oilseeds Holdings Limited - Ordinary Shares,NASDAQ,N,N,COOT,Nasdaq Trader Symbol Directory
COP,ConocoPhillips Common Stock,NYSE,N,N,COP,Nasdaq Trader Symbol Directory
COPR,Idaho Copper Corporation Common Stock,NYSE American,N,N,COPR,Nasdaq Trader Symbol Directory
COR,"Cencora, Inc. Common Stock",NYSE,N,N,COR,Nasdaq Trader Symbol Directory
CORT,Corcept Therapeutics Incorporated - Common Stock,NASDAQ,N,N,CORT,Nasdaq Trader Symbol Directory
CORZ,"Core Scientific, Inc. - Common Stock",NASDAQ,N,N,CORZ,Nasdaq Trader Symbol Directory
COSM,Cosmos Health Inc. - Common Stock,NASDAQ,N,N,COSM,Nasdaq Trader Symbol Directory
COSO,"CoastalSouth Bancshares, Inc. Common Stock",NYSE,N,N,COSO,Nasdaq Trader Symbol Directory
COST,Costco Wholesale Corporation - Common Stock,NASDAQ,N,N,COST,Nasdaq Trader Symbol Directory
COTY,Coty Inc. Class A Common Stock,NYSE,N,N,COTY,Nasdaq Trader Symbol Directory
COUR,"Coursera, Inc. Common Stock",NYSE,N,N,COUR,Nasdaq Trader Symbol Directory
COYA,"Coya Therapeutics, Inc. - Common Stock",NASDAQ,N,N,COYA,Nasdaq Trader Symbol Directory
CP,Canadian Pacific Kansas City Limited Common Shares,NYSE,N,N,CP,Nasdaq Trader Symbol Directory
CPA,"Copa Holdings, S.A. Class A Common Stock",NYSE,N,N,CPA,Nasdaq Trader Symbol Directory
CPAY,"Corpay, Inc. Common Stock",NYSE,N,N,CPAY,Nasdaq Trader Symbol Directory
CPB,The Campbell's Company - Common Stock,NASDAQ,N,N,CPB,Nasdaq Trader Symbol Directory
CPBI,"Central Plains Bancshares, Inc. - Common Stock",NASDAQ,N,N,CPBI,Nasdaq Trader Symbol Directory
CPF,Central Pacific Financial Corp New,NYSE,N,N,CPF,Nasdaq Trader Symbol Directory
CPHC,Canterbury Park Holding Corporation - Common Stock,NASDAQ,N,N,CPHC,Nasdaq Trader Symbol Directory
CPHI,"China Pharma Holdings, Inc. Common Stock",NYSE American,N,N,CPHI,Nasdaq Trader Symbol Directory
CPIX,Cumberland Pharmaceuticals Inc. - Common Stock,NASDAQ,N,N,CPIX,Nasdaq Trader Symbol Directory
CPK,Chesapeake Utilities Corporation Common Stock,NYSE,N,N,CPK,Nasdaq Trader Symbol Directory
CPNG,"Coupang, Inc. Class A Common Stock",NYSE,N,N,CPNG,Nasdaq Trader Symbol Directory
CPOP,"Pop Culture Group Co., Ltd - Class A Ordinary Shares",NASDAQ,N,N,CPOP,Nasdaq Trader Symbol Directory
CPRI,Capri Holdings Limited Ordinary Shares,NYSE,N,N,CPRI,Nasdaq Trader Symbol Directory
CPRT,"Copart, Inc. - Common Stock",NASDAQ,N,N,CPRT,Nasdaq Trader Symbol Directory
CPS,Cooper-Standard Holdings Inc. Common Stock,NYSE,N,N,CPS,Nasdaq Trader Symbol Directory
CPSH,CPS Technologies Corp. - Common Stock,NASDAQ,N,N,CPSH,Nasdaq Trader Symbol Directory
CPSS,"Consumer Portfolio Services, Inc. - Common Stock",NASDAQ,N,N,CPSS,Nasdaq Trader Symbol Directory
CPT,Camden Property Trust Common Stock,NYSE,N,N,CPT,Nasdaq Trader Symbol Directory
CPZ,Calamos Long/Short Equity & Dynamic Income Trust - Closed End Fund,NASDAQ,N,N,CPZ,Nasdaq Trader Symbol Directory
CR,Crane Company Common Stock,NYSE,N,N,CR,Nasdaq Trader Symbol Directory
CRAI,"CRA International,Inc. - Common Stock",NASDAQ,N,N,CRAI,Nasdaq Trader Symbol Directory
CRBD,Corebridge Financial Inc. 6.375% Junior Subordinated Notes due 2064,NYSE,N,N,CRBD,Nasdaq Trader Symbol Directory
CRBG,Corebridge Financial Inc. Common Stock,NYSE,N,N,CRBG,Nasdaq Trader Symbol Directory
CRBP,"Corbus Pharmaceuticals Holdings, Inc. - Common Stock",NASDAQ,N,N,CRBP,Nasdaq Trader Symbol Directory
CRBU,"Caribou Biosciences, Inc. - Common Stock",NASDAQ,N,N,CRBU,Nasdaq Trader Symbol Directory
CRC,California Resources Corporation Common Stock,NYSE,N,N,CRC,Nasdaq Trader Symbol Directory
CRCL,"Circle Internet Group, Inc. Class A Common Stock",NYSE,N,N,CRCL,Nasdaq Trader Symbol Directory
CRCT,"Cricut, Inc. - Class A common stock",NASDAQ,N,N,CRCT,Nasdaq Trader Symbol Directory
CRD.A,Crawford & Company Common Stock,NYSE,N,N,CRD_A,Nasdaq Trader Symbol Directory
CRD.B,Crawford & Company Common Stock,NYSE,N,N,CRD_B,Nasdaq Trader Symbol Directory
CRDF,"Cardiff Oncology, Inc. - Common Stock",NASDAQ,N,N,CRDF,Nasdaq Trader Symbol Directory
CRDL,Cardiol Therapeutics Inc. - Class A Common Shares,NASDAQ,N,N,CRDL,Nasdaq Trader Symbol Directory
CRDO,Credo Technology Group Holding Ltd - Ordinary Shares,NASDAQ,N,N,CRDO,Nasdaq Trader Symbol Directory
CRE,Cre8 Enterprise Limited - Class A Ordinary Shares,NASDAQ,N,N,CRE,Nasdaq Trader Symbol Directory
CREX,"Creative Realities, Inc. - Common Stock",NASDAQ,N,N,CREX,Nasdaq Trader Symbol Directory
CRF,"Cornerstone Total Return Fund, Inc. (The) Common Stock",NYSE American,N,N,CRF,Nasdaq Trader Symbol Directory
CRGO,Freightos Limited - Ordinary shares,NASDAQ,N,N,CRGO,Nasdaq Trader Symbol Directory
CRGY,Crescent Energy Company Class A Common Stock,NYSE,N,N,CRGY,Nasdaq Trader Symbol Directory
CRH,CRH PLC Ordinary Shares,NYSE,N,N,CRH,Nasdaq Trader Symbol Directory
CRI,"Carter's, Inc. Common Stock",NYSE,N,N,CRI,Nasdaq Trader Symbol Directory
CRIS,"Curis, Inc. - Common Stock",NASDAQ,N,N,CRIS,Nasdaq Trader Symbol Directory
CRK,"Comstock Resources, Inc. Common Stock",NYSE,N,N,CRK,Nasdaq Trader Symbol Directory
CRL,"Charles River Laboratories International, Inc. Common Stock",NYSE,N,N,CRL,Nasdaq Trader Symbol Directory
CRM,"Salesforce, Inc. Common Stock",NYSE,N,N,CRM,Nasdaq Trader Symbol Directory
CRMD,CorMedix Inc. - Common Stock,NASDAQ,N,N,CRMD,Nasdaq Trader Symbol Directory
CRML,Critical Metals Corp. - Ordinary Shares,NASDAQ,N,N,CRML,Nasdaq Trader Symbol Directory
CRMT,"America's Car-Mart, Inc. - Common Stock",NASDAQ,N,N,CRMT,Nasdaq Trader Symbol Directory
CRNC,Cerence Inc. - Common Stock,NASDAQ,N,N,CRNC,Nasdaq Trader Symbol Directory
CRNT,Ceragon Networks Ltd. - Ordinary Shares,NASDAQ,N,N,CRNT,Nasdaq Trader Symbol Directory
CRNX,"Crinetics Pharmaceuticals, Inc. - Common Stock",NASDAQ,N,N,CRNX,Nasdaq Trader Symbol Directory
CRON,Cronos Group Inc. - Common Share,NASDAQ,N,N,CRON,Nasdaq Trader Symbol Directory
CROX,"Crocs, Inc. - Common Stock",NASDAQ,N,N,CROX,Nasdaq Trader Symbol Directory
CRS,Carpenter Technology Corporation Common Stock,NYSE,N,N,CRS,Nasdaq Trader Symbol Directory
CRSP,CRISPR Therapeutics AG - Common Shares,NASDAQ,N,N,CRSP,Nasdaq Trader Symbol Directory
CRSR,"Corsair Gaming, Inc. - Common Stock",NASDAQ,N,N,CRSR,Nasdaq Trader Symbol Directory
CRT,Cross Timbers Royalty Trust Common Stock,NYSE,N,N,CRT,Nasdaq Trader Symbol Directory
CRTO,Criteo S.A. - Ordinary Shares,NASDAQ,N,N,CRTO,Nasdaq Trader Symbol Directory
CRUS,"Cirrus Logic, Inc. - Common Stock",NASDAQ,N,N,CRUS,Nasdaq Trader Symbol Directory
CRVL,CorVel Corp. - Common Stock,NASDAQ,N,N,CRVL,Nasdaq Trader Symbol Directory
CRVO,CervoMed Inc. - Common Stock,NASDAQ,N,N,CRVO,Nasdaq Trader Symbol Directory
CRVS,"Corvus Pharmaceuticals, Inc. - Common Stock",NASDAQ,N,N,CRVS,Nasdaq Trader Symbol Directory
CRWD,"CrowdStrike Holdings, Inc. - Class A Common Stock",NASDAQ,N,N,CRWD,Nasdaq Trader Symbol Directory
CRWS,"Crown Crafts, Inc. - Common Stock",NASDAQ,N,N,CRWS,Nasdaq Trader Symbol Directory
CRWV,"CoreWeave, Inc. - Class A Common Stock",NASDAQ,N,N,CRWV,Nasdaq Trader Symbol Directory
CSAI,"Cloudastructure, Inc. - Class A Common Stock",NASDAQ,N,N,CSAI,Nasdaq Trader Symbol Directory
CSAN,Cosan S.A. ADS,NYSE,N,N,CSAN,Nasdaq Trader Symbol Directory
CSBR,"Champions Oncology, Inc. - Common Stock",NASDAQ,N,N,CSBR,Nasdaq Trader Symbol Directory
CSCO,"Cisco Systems, Inc. - Common Stock",NASDAQ,N,N,CSCO,Nasdaq Trader Symbol Directory
CSGP,"CoStar Group, Inc. - Common Stock",NASDAQ,N,N,CSGP,Nasdaq Trader Symbol Directory
CSHR,CoinShares PLC - Ordinary Shares,NASDAQ,N,N,CSHR,Nasdaq Trader Symbol Directory
CSIQ,Canadian Solar Inc. - Common Shares,NASDAQ,N,N,CSIQ,Nasdaq Trader Symbol Directory
CSL,Carlisle Companies Incorporated Common Stock,NYSE,N,N,CSL,Nasdaq Trader Symbol Directory
CSPI,CSP Inc. - Common Stock,NASDAQ,N,N,CSPI,Nasdaq Trader Symbol Directory
CSQ,Calamos Strategic Total Return Fund - Closed End Fund,NASDAQ,N,N,CSQ,Nasdaq Trader Symbol Directory
CSQR,"Csquare, Inc. Common Stock",NYSE,N,N,CSQR,Nasdaq Trader Symbol Directory
CSR,D/B/A Centerspace Common Stock,NYSE,N,N,CSR,Nasdaq Trader Symbol Directory
CSTE,Caesarstone Ltd. - Ordinary Shares,NASDAQ,N,N,CSTE,Nasdaq Trader Symbol Directory
CSTL,"Castle Biosciences, Inc. - Common stock",NASDAQ,N,N,CSTL,Nasdaq Trader Symbol Directory
CSTM,Constellium SE Ordinary Shares (France),NYSE,N,N,CSTM,Nasdaq Trader Symbol Directory
CSV,"Carriage Services, Inc. Common Stock",NYSE,N,N,CSV,Nasdaq Trader Symbol Directory
CSW,"CSW Industrials, Inc. Common Stock",NYSE,N,N,CSW,Nasdaq Trader Symbol Directory
CSWC,Capital Southwest Corporation - Common Stock,NASDAQ,N,N,CSWC,Nasdaq Trader Symbol Directory
CSX,CSX Corporation - Common Stock,NASDAQ,N,N,CSX,Nasdaq Trader Symbol Directory
CTAS,Cintas Corporation - Common Stock,NASDAQ,N,N,CTAS,Nasdaq Trader Symbol Directory
CTBI,"Community Trust Bancorp, Inc. - Common Stock",NASDAQ,N,N,CTBI,Nasdaq Trader Symbol Directory
CTEV,Claritev Corporation Class A Common Stock,NYSE,N,N,CTEV,Nasdaq Trader Symbol Directory
CTGG,Qwest Corporation 6.500% Senior Notes due 2051 (denominations of $25),NYSE,N,N,CTGG,Nasdaq Trader Symbol Directory
CTGO,Contango Silver & Gold Inc. Common Stock,NYSE American,N,N,CTGO,Nasdaq Trader Symbol Directory
CTHH,Qwest Corporation 6.750% Senior Notes due 2052 (denominations of $25),NYSE,N,N,CTHH,Nasdaq Trader Symbol Directory
CTKB,"Cytek Biosciences, Inc. - Common Stock",NASDAQ,N,N,CTKB,Nasdaq Trader Symbol Directory
CTM,"Castellum, Inc. Common Stock",NYSE American,N,N,CTM,Nasdaq Trader Symbol Directory
CTMX,"CytomX Therapeutics, Inc. - Common Stock",NASDAQ,N,N,CTMX,Nasdaq Trader Symbol Directory
CTNM,"Contineum Therapeutics, Inc. - Common stock",NASDAQ,N,N,CTNM,Nasdaq Trader Symbol Directory
CTNT,Cheetah Net Supply Chain Service Inc. - Class A Common Stock,NASDAQ,N,N,CTNT,Nasdaq Trader Symbol Directory
CTO,"CTO Realty Growth, Inc. Common Stock",NYSE,N,N,CTO,Nasdaq Trader Symbol Directory
CTOR,"Citius Oncology, Inc.  - Common Stock",NASDAQ,N,N,CTOR,Nasdaq Trader Symbol Directory
CTOS,"Custom Truck One Source, Inc. Common Stock",NYSE,N,N,CTOS,Nasdaq Trader Symbol Directory
CTRE,"CareTrust REIT, Inc. Common Stock",NYSE,N,N,CTRE,Nasdaq Trader Symbol Directory
CTRI,"Centuri Holdings, Inc. Common Stock",NYSE,N,N,CTRI,Nasdaq Trader Symbol Directory
CTRM,Castor Maritime Inc. - Common Shares,NASDAQ,N,N,CTRM,Nasdaq Trader Symbol Directory
CTRN,"Citi Trends, Inc. - Common Stock",NASDAQ,N,N,CTRN,Nasdaq Trader Symbol Directory
CTS,CTS Corporation Common Stock,NYSE,N,N,CTS,Nasdaq Trader Symbol Directory
CTSH,Cognizant Technology Solutions Corporation - Class A Common Stock,NASDAQ,N,N,CTSH,Nasdaq Trader Symbol Directory
CTSO,Cytosorbents Corporation - Common Stock,NASDAQ,N,N,CTSO,Nasdaq Trader Symbol Directory
CTVA,"Corteva, Inc. Common Stock ",NYSE,N,N,CTVA,Nasdaq Trader Symbol Directory
CTW,CTW - Class A Ordinary Shares,NASDAQ,N,N,CTW,Nasdaq Trader Symbol Directory
CTXR,"Citius Pharmaceuticals, Inc. - Common Stock",NASDAQ,N,N,CTXR,Nasdaq Trader Symbol Directory
CUB,Lionheart Holdings - Class A Ordinary Shares,NASDAQ,N,N,CUB,Nasdaq Trader Symbol Directory
CUBB,"Customers Bancorp, Inc 5.375% Subordinated Notes Due 2034",NYSE,N,N,CUBB,Nasdaq Trader Symbol Directory
CUBE,CubeSmart Common Shares,NYSE,N,N,CUBE,Nasdaq Trader Symbol Directory
CUBI,"Customers Bancorp, Inc Common Stock",NYSE,N,N,CUBI,Nasdaq Trader Symbol Directory
CUE,"Cue Biopharma, Inc. - Common Stock",NASDAQ,N,N,CUE,Nasdaq Trader Symbol Directory
CULP,"Culp, Inc. - Common Shares",NASDAQ,N,N,CULP,Nasdaq Trader Symbol Directory
CUPR,Cuprina Holdings (Cayman) Limited - Class A Ordinary shares,NASDAQ,N,N,CUPR,Nasdaq Trader Symbol Directory
CURB,Curbline Properties Corp. Common Stock,NYSE,N,N,CURB,Nasdaq Trader Symbol Directory
CURI,CuriosityStream Inc.  - Class A Common Stock,NASDAQ,N,N,CURI,Nasdaq Trader Symbol Directory
CURR,Currenc Group Inc. - Ordinary Shares,NASDAQ,N,N,CURR,Nasdaq Trader Symbol Directory
CURV,Torrid Holdings Inc. Common Stock,NYSE,N,N,CURV,Nasdaq Trader Symbol Directory
CURX,Curanex Pharmaceuticals Inc - Common Stock,NASDAQ,N,N,CURX,Nasdaq Trader Symbol Directory
CUZ,Cousins Properties Incorporated Common Stock,NYSE,N,N,CUZ,Nasdaq Trader Symbol Directory
CV,"CapsoVision, Inc. - Common Stock",NASDAQ,N,N,CV,Nasdaq Trader Symbol Directory
CVBF,CVB Financial Corporation - Common Stock,NASDAQ,N,N,CVBF,Nasdaq Trader Symbol Directory
CVCO,"Cavco Industries, Inc. - Common Stock",NASDAQ,N,N,CVCO,Nasdaq Trader Symbol Directory
CVE,Cenovus Energy Inc Common Stock,NYSE,N,N,CVE,Nasdaq Trader Symbol Directory
CVEO,Civeo Corporation (Canada) Common Shares,NYSE,N,N,CVEO,Nasdaq Trader Symbol Directory
CVGI,"Commercial Vehicle Group, Inc. - Common Stock",NASDAQ,N,N,CVGI,Nasdaq Trader Symbol Directory
CVI,CVR Energy Inc. Common Stock,NYSE,N,N,CVI,Nasdaq Trader Symbol Directory
CVKD,"Cadrenal Therapeutics, Inc. - Common Stock",NASDAQ,N,N,CVKD,Nasdaq Trader Symbol Directory
CVLG,"Covenant Logistics Group, Inc. Class A Common Stock",NYSE,N,N,CVLG,Nasdaq Trader Symbol Directory
CVLT,"Commvault Systems, Inc. - Common Stock",NASDAQ,N,N,CVLT,Nasdaq Trader Symbol Directory
CVM,Cel-Sci Corporation Common Stock,NYSE American,N,N,CVM,Nasdaq Trader Symbol Directory
CVNA,Carvana Co. Class A Common Stock,NYSE,N,N,CVNA,Nasdaq Trader Symbol Directory
CVR,Chicago Rivet & Machine Co. Common Stock,NYSE American,N,N,CVR,Nasdaq Trader Symbol Directory
CVRX,"CVRx, Inc. - Common Stock",NASDAQ,N,N,CVRX,Nasdaq Trader Symbol Directory
CVS,CVS Health Corporation Common Stock,NYSE,N,N,CVS,Nasdaq Trader Symbol Directory
CVSA,Covista Inc. Common Shares,NYSE,N,N,CVSA,Nasdaq Trader Symbol Directory
CVU,"CPI Aerostructures, Inc. Common Stock",NYSE American,N,N,CVU,Nasdaq Trader Symbol Directory
CVV,CVD Equipment Corporation - Common Stock,NASDAQ,N,N,CVV,Nasdaq Trader Symbol Directory
CVX,Chevron Corporation Common Stock,NYSE,N,N,CVX,Nasdaq Trader Symbol Directory
CW,Curtiss-Wright Corporation Common Stock,NYSE,N,N,CW,Nasdaq Trader Symbol Directory
CWBC,Community West Bancshares - Common Stock,NASDAQ,N,N,CWBC,Nasdaq Trader Symbol Directory
CWCO,Consolidated Water Co. Ltd. - Ordinary Shares,NASDAQ,N,N,CWCO,Nasdaq Trader Symbol Directory
CWD,CaliberCos Inc. - Class A Common Stock,NASDAQ,N,N,CWD,Nasdaq Trader Symbol Directory
CWEN,"Clearway Energy, Inc. Class C Common Stock",NYSE,N,N,CWEN,Nasdaq Trader Symbol Directory
CWH,"Camping World Holdings, Inc. Class A Common Stock",NYSE,N,N,CWH,Nasdaq Trader Symbol Directory
CWK,Cushman & Wakefield Ltd. Common Shares,NYSE,N,N,CWK,Nasdaq Trader Symbol Directory
CWST,"Casella Waste Systems, Inc. - Class A Common Stock",NASDAQ,N,N,CWST,Nasdaq Trader Symbol Directory
CWT,California Water Service Group Common Stock,NYSE,N,N,CWT,Nasdaq Trader Symbol Directory
CXAI,CXApp Inc. - Class A Common Stock,NASDAQ,N,N,CXAI,Nasdaq Trader Symbol Directory
CXDO,"Crexendo, Inc. - Common Stock",NASDAQ,N,N,CXDO,Nasdaq Trader Symbol Directory
CXII,Churchill Capital Corp XII - Class A Ordinary Shares,NASDAQ,N,N,CXII,Nasdaq Trader Symbol Directory
CXM,"Sprinklr, Inc. Class A Common Stock",NYSE,N,N,CXM,Nasdaq Trader Symbol Directory
CXT,"Crane NXT, Co. Common Stock",NYSE,N,N,CXT,Nasdaq Trader Symbol Directory
CXW,"CoreCivic, Inc. Common Stock",NYSE,N,N,CXW,Nasdaq Trader Symbol Directory
CYAB,"Cyabra, Inc. - Common Stock",NASDAQ,N,N,CYAB,Nasdaq Trader Symbol Directory
CYCN,"Cyclerion Therapeutics, Inc. - Common Stock",NASDAQ,N,N,CYCN,Nasdaq Trader Symbol Directory
CYCU,"Cycurion, Inc. - Common Stock",NASDAQ,N,N,CYCU,Nasdaq Trader Symbol Directory
CYD,China Yuchai International Limited Common Stock,NYSE,N,N,CYD,Nasdaq Trader Symbol Directory
CYH,"Community Health Systems, Inc. Common Stock",NYSE,N,N,CYH,Nasdaq Trader Symbol Directory
CYN,Cyngn Inc. - Common stock,NASDAQ,N,N,CYN,Nasdaq Trader Symbol Directory
CYPH,Cypherpunk Technologies Inc. - Common Stock,NASDAQ,N,N,CYPH,Nasdaq Trader Symbol Directory
CYRX,"CryoPort, Inc. - Common Stock",NASDAQ,N,N,CYRX,Nasdaq Trader Symbol Directory
CYTK,"Cytokinetics, Incorporated - Common Stock",NASDAQ,N,N,CYTK,Nasdaq Trader Symbol Directory
CZFS,"Citizens Financial Services, Inc. - Common Stock",NASDAQ,N,N,CZFS,Nasdaq Trader Symbol Directory
CZNC,Citizens & Northern Corp - Common Stock,NASDAQ,N,N,CZNC,Nasdaq Trader Symbol Directory
CZR,"Caesars Entertainment, Inc. - Common Stock",NASDAQ,N,N,CZR,Nasdaq Trader Symbol Directory
CZWI,"Citizens Community Bancorp, Inc. - Common Stock",NASDAQ,N,N,CZWI,Nasdaq Trader Symbol Directory
D,"Dominion Energy, Inc. Common Stock",NYSE,N,N,D,Nasdaq Trader Symbol Directory
DAC,Danaos Corporation Common Stock,NYSE,N,N,DAC,Nasdaq Trader Symbol Directory
DAIC,"CID HoldCo, Inc. - Common Stock",NASDAQ,N,N,DAIC,Nasdaq Trader Symbol Directory
DAIO,Data I/O Corporation - Common Stock,NASDAQ,N,N,DAIO,Nasdaq Trader Symbol Directory
DAKT,"Daktronics, Inc. - Common Stock",NASDAQ,N,N,DAKT,Nasdaq Trader Symbol Directory
DAL,"Delta Air Lines, Inc. Common Stock",NYSE,N,N,DAL,Nasdaq Trader Symbol Directory
DAN,Dana Incorporated Common Stock ,NYSE,N,N,DAN,Nasdaq Trader Symbol Directory
DAR,Darling Ingredients Inc. Common Stock,NYSE,N,N,DAR,Nasdaq Trader Symbol Directory
DARE,"Dare Bioscience, Inc. - Common Stock",NASDAQ,N,N,DARE,Nasdaq Trader Symbol Directory
DASH,"DoorDash, Inc. - Common Stock",NASDAQ,N,N,DASH,Nasdaq Trader Symbol Directory
DAVE,Dave Inc.  - Class A Common Stock,NASDAQ,N,N,DAVE,Nasdaq Trader Symbol Directory
DB,Deutsche Bank AG Common Stock,NYSE,N,N,DB,Nasdaq Trader Symbol Directory
DBCA,D. Boral Acquisition I Corp. - Class A Ordinary Shares,NASDAQ,N,N,DBCA,Nasdaq Trader Symbol Directory
DBD,Diebold Nixdorf Incorporated Common stock,NYSE,N,N,DBD,Nasdaq Trader Symbol Directory
DBGI,"Digital Brands Group, Inc. - Common Stock",NASDAQ,N,N,DBGI,Nasdaq Trader Symbol Directory
DBI,Designer Brands Inc. Class A Common Stock,NYSE,N,N,DBI,Nasdaq Trader Symbol Directory
DBL,DoubleLine Opportunistic Credit Fund Common Shares of Beneficial Interest,NYSE,N,N,DBL,Nasdaq Trader Symbol Directory
DBRG,"DigitalBridge Group, Inc.",NYSE,N,N,DBRG,Nasdaq Trader Symbol Directory
DBX,"Dropbox, Inc. - Class A Common Stock",NASDAQ,N,N,DBX,Nasdaq Trader Symbol Directory
DC,Dakota Gold Corp. Common Stock,NYSE American,N,N,DC,Nasdaq Trader Symbol Directory
DCBG,"Dime Commercial Bancshares, Inc. 9.000% Junior Subordinated Notes",NYSE,N,N,DCBG,Nasdaq Trader Symbol Directory
DCBO,Docebo Inc. - Common Shares,NASDAQ,N,N,DCBO,Nasdaq Trader Symbol Directory
DCGO,DocGo Inc. - Common Stock,NASDAQ,N,N,DCGO,Nasdaq Trader Symbol Directory
DCH,Dauch Corporation Common Stock,NYSE,N,N,DCH,Nasdaq Trader Symbol Directory
DCI,"Donaldson Company, Inc. Common Stock",NYSE,N,N,DCI,Nasdaq Trader Symbol Directory
DCO,Ducommun Incorporated Common Stock,NYSE,N,N,DCO,Nasdaq Trader Symbol Directory
DCOM,"Dime Commercial Bancshares, Inc. Common Stock",NYSE,N,N,DCOM,Nasdaq Trader Symbol Directory
DCOY,Decoy Therapeutics Inc. - Common Stock,NASDAQ,N,N,DCOY,Nasdaq Trader Symbol Directory
DCTH,"Delcath Systems, Inc. - Common Stock",NASDAQ,N,N,DCTH,Nasdaq Trader Symbol Directory
DCX,Digital Currency X Technology Inc. - Class A Ordinary Shares,NASDAQ,N,N,DCX,Nasdaq Trader Symbol Directory
DD,"DuPont de Nemours, Inc. Common Stock",NYSE,N,N,DD,Nasdaq Trader Symbol Directory
DDC,DDC Enterprise Limited Class A Ordinary Shares,NYSE American,N,N,DDC,Nasdaq Trader Symbol Directory
DDD,3D Systems Corporation Common Stock,NYSE,N,N,DDD,Nasdaq Trader Symbol Directory
DDI,"DoubleDown Interactive Co., Ltd. - American Depository Shares",NASDAQ,N,N,DDI,Nasdaq Trader Symbol Directory
DDOG,"Datadog, Inc. - Class A Common Stock",NASDAQ,N,N,DDOG,Nasdaq Trader Symbol Directory
DDS,"Dillard's, Inc. Common Stock",NYSE,N,N,DDS,Nasdaq Trader Symbol Directory
DDT,Dillard's Capital Trust I,NYSE,N,N,DDT,Nasdaq Trader Symbol Directory
DE,Deere & Company Common Stock,NYSE,N,N,DE,Nasdaq Trader Symbol Directory
DEA,"Easterly Government Properties, Inc. Common Stock",NYSE,N,N,DEA,Nasdaq Trader Symbol Directory
DEC,Diversified Energy Company Common Stock,NYSE,N,N,DEC,Nasdaq Trader Symbol Directory
DECK,Deckers Outdoor Corporation Common Stock,NYSE,N,N,DECK,Nasdaq Trader Symbol Directory
DEFT,"Defi Technologies, Inc. - Common Stock",NASDAQ,N,N,DEFT,Nasdaq Trader Symbol Directory
DEI,"Douglas Emmett, Inc. Common Stock",NYSE,N,N,DEI,Nasdaq Trader Symbol Directory
DELL,Dell Technologies Inc. Class C Common Stock ,NYSE,N,N,DELL,Nasdaq Trader Symbol Directory
DEO,Diageo plc Common Stock,NYSE,N,N,DEO,Nasdaq Trader Symbol Directory
DERM,Journey Medical Corporation - Common Stock,NASDAQ,N,N,DERM,Nasdaq Trader Symbol Directory
DETX,"Liberty Defense Holdings, Ltd. - Common Shares",NASDAQ,N,N,DETX,Nasdaq Trader Symbol Directory
DFDV,DeFi Development Corp. - Common Stock,NASDAQ,N,N,DFDV,Nasdaq Trader Symbol Directory
DFH,"Dream Finders Homes, Inc. Class A Common Stock",NYSE,N,N,DFH,Nasdaq Trader Symbol Directory
DFIN,"Donnelley Financial Solutions, Inc. Common Stock ",NYSE,N,N,DFIN,Nasdaq Trader Symbol Directory
DFLI,Dragonfly Energy Holdings Corp - Common Stock,NASDAQ,N,N,DFLI,Nasdaq Trader Symbol Directory
DFNS,T3 Defense Inc. - Common Stock,NASDAQ,N,N,DFNS,Nasdaq Trader Symbol Directory
DFSC,"DEFSEC Technologies Inc. - common stock, no R/S concurrent with offering",NASDAQ,N,N,DFSC,Nasdaq Trader Symbol Directory
DFTX,"Definium Therapeutics, Inc.  - Common Shares",NASDAQ,N,N,DFTX,Nasdaq Trader Symbol Directory
DG,Dollar General Corporation Common Stock,NYSE,N,N,DG,Nasdaq Trader Symbol Directory
DGICA,"Donegal Group, Inc. - Class A Common Stock",NASDAQ,N,N,DGICA,Nasdaq Trader Symbol Directory
DGICB,"Donegal Group, Inc. - Class B Common Stock",NASDAQ,N,N,DGICB,Nasdaq Trader Symbol Directory
DGII,Digi International Inc. - Common Stock,NASDAQ,N,N,DGII,Nasdaq Trader Symbol Directory
DGNX,Diginex Limited - Ordinary Shares,NASDAQ,N,N,DGNX,Nasdaq Trader Symbol Directory
DGP,"DB Gold Double Long ETN due February 15, 2038",NYSE Arca,N,N,DGP,Nasdaq Trader Symbol Directory
DGX,Quest Diagnostics Incorporated Common Stock,NYSE,N,N,DGX,Nasdaq Trader Symbol Directory
DGXX,Digi Power X Inc. - Common Subordinate Voting Shares,NASDAQ,N,N,DGXX,Nasdaq Trader Symbol Directory
DGZ,"DB Gold Short ETN due February 15, 2038",NYSE Arca,N,N,DGZ,Nasdaq Trader Symbol Directory
DH,Definitive Healthcare Corp. - Class A Common Stock,NASDAQ,N,N,DH,Nasdaq Trader Symbol Directory
DHC,Diversified Healthcare Trust  - Common Shares of Beneficial Interest,NASDAQ,N,N,DHC,Nasdaq Trader Symbol Directory
DHCNI,Diversified Healthcare Trust  - 5.625% Senior Notes due 2042,NASDAQ,N,N,DHCNI,Nasdaq Trader Symbol Directory
DHCNL,Diversified Healthcare Trust  - 6.25% Senior Notes Due 2046,NASDAQ,N,N,DHCNL,Nasdaq Trader Symbol Directory
DHF,BNY Mellon High Yield Strategies Fund Common Stock,NYSE,N,N,DHF,Nasdaq Trader Symbol Directory
DHI,"D.R. Horton, Inc. Common Stock",NYSE,N,N,DHI,Nasdaq Trader Symbol Directory
DHR,Danaher Corporation Common Stock,NYSE,N,N,DHR,Nasdaq Trader Symbol Directory
DHT,"DHT Holdings, Inc.",NYSE,N,N,DHT,Nasdaq Trader Symbol Directory
DHX,"DHI Group, Inc. Common Stock",NYSE,N,N,DHX,Nasdaq Trader Symbol Directory
DHY,Credit Suisse High Yield Credit Fund Common Stock,NYSE American,N,N,DHY,Nasdaq Trader Symbol Directory
DIBS,"1stdibs.com, Inc. - Common Stock",NASDAQ,N,N,DIBS,Nasdaq Trader Symbol Directory
DIN,"Dine Brands Global, Inc. Common Stock",NYSE,N,N,DIN,Nasdaq Trader Symbol Directory
DINO,HF Sinclair Corporation Common Stock,NYSE,N,N,DINO,Nasdaq Trader Symbol Directory
DIOD,Diodes Incorporated - Common Stock,NASDAQ,N,N,DIOD,Nasdaq Trader Symbol Directory
DIS,Walt Disney Company (The) Common Stock,NYSE,N,N,DIS,Nasdaq Trader Symbol Directory
DIT,AMCON Distributing Company Common Stock,NYSE American,N,N,DIT,Nasdaq Trader Symbol Directory
DJCO,Daily Journal Corp. (S.C.) - Common Stock,NASDAQ,N,N,DJCO,Nasdaq Trader Symbol Directory
DJP,iPath Bloomberg Commodity Index Total Return ETN,NYSE Arca,N,N,DJP,Nasdaq Trader Symbol Directory
DJT,Trump Media & Technology Group Corp. - Common Stock,NASDAQ,N,N,DJT,Nasdaq Trader Symbol Directory
DK,"Delek US Holdings, Inc. Common Stock",NYSE,N,N,DK,Nasdaq Trader Symbol Directory
DKI,DarkIris Inc. - Class A Ordinary Shares,NASDAQ,N,N,DKI,Nasdaq Trader Symbol Directory
DKNG,DraftKings Inc. - Class A Common Stock,NASDAQ,N,N,DKNG,Nasdaq Trader Symbol Directory
DKS,Dick's Sporting Goods Inc Common Stock,NYSE,N,N,DKS,Nasdaq Trader Symbol Directory
DLB,Dolby Laboratories Common Stock,NYSE,N,N,DLB,Nasdaq Trader Symbol Directory
DLHC,DLH Holdings Corp. - Common Stock,NASDAQ,N,N,DLHC,Nasdaq Trader Symbol Directory
DLO,DLocal Limited - Class A Common Shares,NASDAQ,N,N,DLO,Nasdaq Trader Symbol Directory
DLPN,"Dolphin Entertainment, Inc. - Common Stock",NASDAQ,N,N,DLPN,Nasdaq Trader Symbol Directory
DLR,"Digital Realty Trust, Inc. Common Stock",NYSE,N,N,DLR,Nasdaq Trader Symbol Directory
DLTH,Duluth Holdings Inc. - Class B Common Stock,NASDAQ,N,N,DLTH,Nasdaq Trader Symbol Directory
DLTR,"Dollar Tree, Inc. - Common Stock",NASDAQ,N,N,DLTR,Nasdaq Trader Symbol Directory
DLX,Deluxe Corporation Common Stock,NYSE,N,N,DLX,Nasdaq Trader Symbol Directory
DLXY,Delixy Holdings Limited - Class A Ordinary Shares,NASDAQ,N,N,DLXY,Nasdaq Trader Symbol Directory
DLY,DoubleLine Yield Opportunities Fund Common Shares of Beneficial Interest,NYSE,N,N,DLY,Nasdaq Trader Symbol Directory
DMA,Destra Multi-Alternative Fund Common Stock,NYSE,N,N,DMA,Nasdaq Trader Symbol Directory
DMAC,DiaMedica Therapeutics Inc. - Common Stock,NASDAQ,N,N,DMAC,Nasdaq Trader Symbol Directory
DMB,"BNY Mellon Municipal Bond Infrastructure Fund, Inc. Common Stock",NYSE,N,N,DMB,Nasdaq Trader Symbol Directory
DMC,Del Monte Corporation Ordinary Shares,NYSE,N,N,DMC,Nasdaq Trader Symbol Directory
DMII,Drugs Made In America Acquisition II Corp. - Ordinary Shares,NASDAQ,N,N,DMII,Nasdaq Trader Symbol Directory
DMO,Western Asset Mortgage Opportunity Fund Inc. Common Stock,NYSE,N,N,DMO,Nasdaq Trader Symbol Directory
DMRA,"Damora Therapeutics, Inc. - Ordinary Shares",NASDAQ,N,N,DMRA,Nasdaq Trader Symbol Directory
DMRC,Digimarc Corporation - Common Stock,NASDAQ,N,N,DMRC,Nasdaq Trader Symbol Directory
DNA,"Ginkgo Bioworks Holdings, Inc. Class A Common Stock",NYSE,N,N,DNA,Nasdaq Trader Symbol Directory
DNLI,Denali Therapeutics Inc. - Common Stock,NASDAQ,N,N,DNLI,Nasdaq Trader Symbol Directory
DNMX,Dynamix Corporation III - Class A Ordinary Shares,NASDAQ,N,N,DNMX,Nasdaq Trader Symbol Directory
DNN,Denison Mines Corp Ordinary Shares (Canada),NYSE American,N,N,DNN,Nasdaq Trader Symbol Directory
DNOW,DNOW Inc. Common Stock,NYSE,N,N,DNOW,Nasdaq Trader Symbol Directory
DNP,"DNP Select Income Fund, Inc. Common Stock",NYSE,N,N,DNP,Nasdaq Trader Symbol Directory
DNTH,"Dianthus Therapeutics, Inc. - Common Stock",NASDAQ,N,N,DNTH,Nasdaq Trader Symbol Directory
DNUT,"Krispy Kreme, Inc. - Common Stock",NASDAQ,N,N,DNUT,Nasdaq Trader Symbol Directory
DOC,"Healthpeak Properties, Inc. Common Stock",NYSE,N,N,DOC,Nasdaq Trader Symbol Directory
DOCN,"DigitalOcean Holdings, Inc. Common Stock",NYSE,N,N,DOCN,Nasdaq Trader Symbol Directory
DOCS,"Doximity, Inc. Class A Common Stock",NYSE,N,N,DOCS,Nasdaq Trader Symbol Directory
DOCU,"DocuSign, Inc. - Common Stock",NASDAQ,N,N,DOCU,Nasdaq Trader Symbol Directory
DOGZ,Dogness (International) Corporation - Class A Common Stock,NASDAQ,N,N,DOGZ,Nasdaq Trader Symbol Directory
DOLE,Dole plc Ordinary Shares,NYSE,N,N,DOLE,Nasdaq Trader Symbol Directory
DOMH,Dominari Holdings Inc. - Common Stock,NASDAQ,N,N,DOMH,Nasdaq Trader Symbol Directory
DOMO,"Domo, Inc. - Class B Common Stock",NASDAQ,N,N,DOMO,Nasdaq Trader Symbol Directory
DOO,BRP Inc. - Common Subordinate Voting Shares,NASDAQ,N,N,DOO,Nasdaq Trader Symbol Directory
DORM,"Dorman Products, Inc. - Common Stock",NASDAQ,N,N,DORM,Nasdaq Trader Symbol Directory
DOUG,Douglas Elliman Inc. Common Stock,NYSE,N,N,DOUG,Nasdaq Trader Symbol Directory
DOV,Dover Corporation Common Stock,NYSE,N,N,DOV,Nasdaq Trader Symbol Directory
DOW,Dow Inc. Common Stock ,NYSE,N,N,DOW,Nasdaq Trader Symbol Directory
DOX,Amdocs Limited - Ordinary Shares,NASDAQ,N,N,DOX,Nasdaq Trader Symbol Directory
DPC,DPC Holdings PLC Ordinary Shares,NYSE,N,N,DPC,Nasdaq Trader Symbol Directory
DPG,Duff & Phelps Utility and Infrastructure Fund Inc.,NYSE,N,N,DPG,Nasdaq Trader Symbol Directory
DPRO,Draganfly Inc. - Common Shares,NASDAQ,N,N,DPRO,Nasdaq Trader Symbol Directory
DPU,Top KingWin Ltd - Class A Ordinary Shares,NASDAQ,N,N,DPU,Nasdaq Trader Symbol Directory
DPZ,Domino's Pizza Inc - Common Stock,NASDAQ,N,N,DPZ,Nasdaq Trader Symbol Directory
DRCT,"Direct Digital Holdings, Inc. - Class A Common Stock",NASDAQ,N,N,DRCT,Nasdaq Trader Symbol Directory
DRH,Diamondrock Hospitality Company - Common Stock,NASDAQ,N,N,DRH,Nasdaq Trader Symbol Directory
DRI,"Darden Restaurants, Inc. Common Stock",NYSE,N,N,DRI,Nasdaq Trader Symbol Directory
DRIO,DarioHealth Corp. - Common Stock,NASDAQ,N,N,DRIO,Nasdaq Trader Symbol Directory
DRMA,"Dermata Therapeutics, Inc. - Common Stock",NASDAQ,N,N,DRMA,Nasdaq Trader Symbol Directory
DRS,"Leonardo DRS, Inc. - Common Stock",NASDAQ,N,N,DRS,Nasdaq Trader Symbol Directory
DRTS,Alpha Tau Medical Ltd. - Ordinary Shares,NASDAQ,N,N,DRTS,Nasdaq Trader Symbol Directory
DRUG,Bright Minds Biosciences Inc. - common stock,NASDAQ,N,N,DRUG,Nasdaq Trader Symbol Directory
DRVN,Driven Brands Holdings Inc. - Common Stock,NASDAQ,N,N,DRVN,Nasdaq Trader Symbol Directory
DSGN,"Design Therapeutics, Inc. - Common Stock",NASDAQ,N,N,DSGN,Nasdaq Trader Symbol Directory
DSGR,"Distribution Solutions Group, Inc. - Common Stock",NASDAQ,N,N,DSGR,Nasdaq Trader Symbol Directory
DSGX,The Descartes Systems Group Inc. - Common Stock,NASDAQ,N,N,DSGX,Nasdaq Trader Symbol Directory
DSL,DoubleLine Income Solutions Fund Common Shares of Beneficial Interests,NYSE,N,N,DSL,Nasdaq Trader Symbol Directory
DSM,"BNY Mellon Strategic Municipal Bond Fund, Inc. Common Stock",NYSE,N,N,DSM,Nasdaq Trader Symbol Directory
DSP,Viant Technology Inc. - common stock,NASDAQ,N,N,DSP,Nasdaq Trader Symbol Directory
DSS,"DSS, Inc. Common Stock",NYSE American,N,N,DSS,Nasdaq Trader Symbol Directory
DSU,"Blackrock Debt Strategies Fund, Inc. Common Stock",NYSE,N,N,DSU,Nasdaq Trader Symbol Directory
DSWL,"Deswell Industries, Inc. - Common Shares",NASDAQ,N,N,DSWL,Nasdaq Trader Symbol Directory
DSX,Diana Shipping inc. common stock,NYSE,N,N,DSX,Nasdaq Trader Symbol Directory
DSY,Big Tree Cloud Holdings Limited - Class A Ordinary Shares,NASDAQ,N,N,DSY,Nasdaq Trader Symbol Directory
DT,"Dynatrace, Inc. Common Stock",NYSE,N,N,DT,Nasdaq Trader Symbol Directory
DTB,DTE Energy Company 2020 Series G 4.375% Junior Subordinated Debentures due 2080,NYSE,N,N,DTB,Nasdaq Trader Symbol Directory
DTCX,"Datacentrex, Inc. - Common Stock",NASDAQ,N,N,DTCX,Nasdaq Trader Symbol Directory
DTE,DTE Energy Company Common Stock,NYSE,N,N,DTE,Nasdaq Trader Symbol Directory
DTF,DTF Tax-Free Income 2028 Term Fund Inc. Common Stock,NYSE,N,N,DTF,Nasdaq Trader Symbol Directory
DTG,DTE Energy Company 2021 Series E 4.375% Junior Subordinated Debentures,NYSE,N,N,DTG,Nasdaq Trader Symbol Directory
DTI,Drilling Tools International Corporation  - Common Stock,NASDAQ,N,N,DTI,Nasdaq Trader Symbol Directory
DTIL,"Precision BioSciences, Inc. - Common Stock",NASDAQ,N,N,DTIL,Nasdaq Trader Symbol Directory
DTK,DTE Energy Company 2025 Series H 6.25% Junior Subordinated Debentures due 2085,NYSE,N,N,DTK,Nasdaq Trader Symbol Directory
DTM,"DT Midstream, Inc. Common Stock ",NYSE,N,N,DTM,Nasdaq Trader Symbol Directory
DTSS,Datasea Intelligent Technology Ltd. - Class A Ordinary Shares,NASDAQ,N,N,DTSS,Nasdaq Trader Symbol Directory
DTST,Data Storage Corporation - Common Stock,NASDAQ,N,N,DTST,Nasdaq Trader Symbol Directory
DTW,DTE Energy Company 2017 Series E 5.25% Junior Subordinated Debentures due 2077,NYSE,N,N,DTW,Nasdaq Trader Symbol Directory
DUK,Duke Energy Corporation (Holding Company) Common Stock,NYSE,N,N,DUK,Nasdaq Trader Symbol Directory
DUKB,Duke Energy Corporation 5.625% Junior Subordinated Debentures due 2078,NYSE,N,N,DUKB,Nasdaq Trader Symbol Directory
DUKR,DUKE Robotics Corp. - Common Stock,NASDAQ,N,N,DUKR,Nasdaq Trader Symbol Directory
DUO,Fangdd Network Group Ltd. - Class A Ordinary Shares,NASDAQ,N,N,DUO,Nasdaq Trader Symbol Directory
DUOL,"Duolingo, Inc. - Class A Common Stock",NASDAQ,N,N,DUOL,Nasdaq Trader Symbol Directory
DUOT,"Duos Technologies Group, Inc. - Common Stock",NASDAQ,N,N,DUOT,Nasdaq Trader Symbol Directory
DV,"DoubleVerify Holdings, Inc. Common Stock",NYSE,N,N,DV,Nasdaq Trader Symbol Directory
DVA,DaVita Inc. Common Stock,NYSE,N,N,DVA,Nasdaq Trader Symbol Directory
DVLT,Datavault AI Inc. - Common Stock,NASDAQ,N,N,DVLT,Nasdaq Trader Symbol Directory
DVN,Devon Energy Corporation Common Stock,NYSE,N,N,DVN,Nasdaq Trader Symbol Directory
DWSN,Dawson Geophysical Company - Common Stock,NASDAQ,N,N,DWSN,Nasdaq Trader Symbol Directory
DWTX,"Dogwood Therapeutics, Inc.  - Common Stock",NASDAQ,N,N,DWTX,Nasdaq Trader Symbol Directory
DX,"Dynex Capital, Inc. Common Stock",NYSE,N,N,DX,Nasdaq Trader Symbol Directory
DXC,DXC Technology Company Common Stock ,NYSE,N,N,DXC,Nasdaq Trader Symbol Directory
DXCM,"DexCom, Inc. - Common Stock",NASDAQ,N,N,DXCM,Nasdaq Trader Symbol Directory
DXLG,"Destination XL Group, Inc. - Common Stock",NASDAQ,N,N,DXLG,Nasdaq Trader Symbol Directory
DXPE,"DXP Enterprises, Inc. - Common Stock",NASDAQ,N,N,DXPE,Nasdaq Trader Symbol Directory
DXR,Daxor Corporation - Closed End Fund,NASDAQ,N,N,DXR,Nasdaq Trader Symbol Directory
DXST,Decent Holding Inc. - Class A Ordinary Shares,NASDAQ,N,N,DXST,Nasdaq Trader Symbol Directory
DXYZ,Destiny Tech100 Inc. Common Stock,NYSE,N,N,DXYZ,Nasdaq Trader Symbol Directory
DY,"Dycom Industries, Inc. Common Stock",NYSE,N,N,DY,Nasdaq Trader Symbol Directory
DYAI,"Dyadic International, Inc. - Common Stock",NASDAQ,N,N,DYAI,Nasdaq Trader Symbol Directory
DYN,"Dyne Therapeutics, Inc. - Common Stock",NASDAQ,N,N,DYN,Nasdaq Trader Symbol Directory
DYNC,Dynamix Corporation - Class A Ordinary Share,NASDAQ,N,N,DYNC,Nasdaq Trader Symbol Directory
DYOR,Insight Digital Partners II - Class A Ordinary Shares,NASDAQ,N,N,DYOR,Nasdaq Trader Symbol Directory
DZZ,"DB Gold Double Short ETN due February 15, 2038",NYSE Arca,N,N,DZZ,Nasdaq Trader Symbol Directory
E,ENI S.p.A. Common Stock,NYSE,N,N,E,Nasdaq Trader Symbol Directory
EAD,Allspring Income Opportunities Fund Common Shares,NYSE American,N,N,EAD,Nasdaq Trader Symbol Directory
EAF,GrafTech International Ltd. Common Stock,NYSE,N,N,EAF,Nasdaq Trader Symbol Directory
EAI,"Entergy Arkansas, LLC First Mortgage Bonds, 4.875% Series Due September 1, 2066",NYSE,N,N,EAI,Nasdaq Trader Symbol Directory
EARN,Ellington Credit Company Common Shares of Beneficial Interest,NYSE,N,N,EARN,Nasdaq Trader Symbol Directory
EAT,"Brinker International, Inc. Common Stock",NYSE,N,N,EAT,Nasdaq Trader Symbol Directory
EBAY,eBay Inc. - Common Stock,NASDAQ,N,N,EBAY,Nasdaq Trader Symbol Directory
EBC,"Eastern Bankshares, Inc. - Common Stock",NASDAQ,N,N,EBC,Nasdaq Trader Symbol Directory
EBF,"Ennis, Inc. Common Stock",NYSE,N,N,EBF,Nasdaq Trader Symbol Directory
EBMT,"Eagle Bancorp Montana, Inc. - Common Stock",NASDAQ,N,N,EBMT,Nasdaq Trader Symbol Directory
EBON,Ebang International Holdings Inc. - Class A Ordinary Shares,NASDAQ,N,N,EBON,Nasdaq Trader Symbol Directory
EBS,Emergent BioSolutions Inc. Common Stock,NYSE,N,N,EBS,Nasdaq Trader Symbol Directory
ECAT,BlackRock ESG Capital Allocation Term Trust Common Shares of Beneficial Interest,NYSE,N,N,ECAT,Nasdaq Trader Symbol Directory
ECBK,"ECB Bancorp, Inc. - Common Stock",NASDAQ,N,N,ECBK,Nasdaq Trader Symbol Directory
ECC,Eagle Point Credit Company Common Share of Beneficial Interest,NYSE,N,N,ECC,Nasdaq Trader Symbol Directory
ECCU,Eagle Point Credit Company 7.75% Notes due 2030,NYSE,N,N,ECCU,Nasdaq Trader Symbol Directory
ECCV,Eagle Point Credit Company 5.375% Notes due 2029,NYSE,N,N,ECCV,Nasdaq Trader Symbol Directory
ECF,Ellsworth Growth and Income Fund Ltd.,NYSE American,N,N,ECF,Nasdaq Trader Symbol Directory
ECG,"Everus Construction Group, Inc. Common Stock",NYSE,N,N,ECG,Nasdaq Trader Symbol Directory
ECHO,EchoStar Corporation - Common stock,NASDAQ,N,N,ECHO,Nasdaq Trader Symbol Directory
ECL,Ecolab Inc. Common Stock,NYSE,N,N,ECL,Nasdaq Trader Symbol Directory
ECO,Okeanis Eco Tankers Corp. Common Stock,NYSE,N,N,ECO,Nasdaq Trader Symbol Directory
ECOR,"electroCore, Inc. - Common Stock",NASDAQ,N,N,ECOR,Nasdaq Trader Symbol Directory
ECPG,Encore Capital Group Inc - Common Stock,NASDAQ,N,N,ECPG,Nasdaq Trader Symbol Directory
ECVT,Ecovyst Inc. Common Stock,NYSE,N,N,ECVT,Nasdaq Trader Symbol Directory
ECX,ECARX Holdings Inc. - Class A Ordinary shares,NASDAQ,N,N,ECX,Nasdaq Trader Symbol Directory
ED,"Consolidated Edison, Inc. Common Stock",NYSE,N,N,ED,Nasdaq Trader Symbol Directory
EDBL,Edible Garden AG Incorporated - Common Stock,NASDAQ,N,N,EDBL,Nasdaq Trader Symbol Directory
EDD,"Morgan Stanley Emerging Markets Domestic Debt Fund, Inc. Common Stock",NYSE,N,N,EDD,Nasdaq Trader Symbol Directory
EDF,Virtus Stone Harbor Emerging Markets Income Fund Common Shares of Beneficial Interest,NYSE,N,N,EDF,Nasdaq Trader Symbol Directory
EDHL,Everbright Digital Holding Limited - Ordinary Shares,NASDAQ,N,N,EDHL,Nasdaq Trader Symbol Directory
EDIT,"Editas Medicine, Inc. - Common Stock",NASDAQ,N,N,EDIT,Nasdaq Trader Symbol Directory
EDRY,EuroDry Ltd. - Common Shares,NASDAQ,N,N,EDRY,Nasdaq Trader Symbol Directory
EDSA,"Edesa Biotech, Inc. - Common Shares",NASDAQ,N,N,EDSA,Nasdaq Trader Symbol Directory
EDTK,Skillful Craftsman Education Technology Limited - Ordinary Share,NASDAQ,N,N,EDTK,Nasdaq Trader Symbol Directory
EDUC,Educational Development Corporation - Common Stock,NASDAQ,N,N,EDUC,Nasdaq Trader Symbol Directory
EDVA,"Endovia Health Sciences, Inc. Common Stock",NYSE American,N,N,EDVA,Nasdaq Trader Symbol Directory
EE,"Excelerate Energy, Inc. Class A Common Stock",NYSE,N,N,EE,Nasdaq Trader Symbol Directory
EEA,"The European Equity Fund, Inc. Common Stock",NYSE,N,N,EEA,Nasdaq Trader Symbol Directory
EEFT,"Euronet Worldwide, Inc. - Common Stock",NASDAQ,N,N,EEFT,Nasdaq Trader Symbol Directory
EEIQ,EpicQuest Education Group International Limited - Common Stock,NASDAQ,N,N,EEIQ,Nasdaq Trader Symbol Directory
EFC,Ellington Financial Inc. Common Stock ,NYSE,N,N,EFC,Nasdaq Trader Symbol Directory
EFOI,"Energy Focus, Inc. - Common Stock",NASDAQ,N,N,EFOI,Nasdaq Trader Symbol Directory
EFOR,"Everforth, Inc. Common Stock",NYSE,N,N,EFOR,Nasdaq Trader Symbol Directory
EFR,Eaton Vance Senior Floating-Rate Fund Common Shares of Beneficial Interest,NYSE,N,N,EFR,Nasdaq Trader Symbol Directory
EFSC,Enterprise Financial Services Corporation - Common Stock,NASDAQ,N,N,EFSC,Nasdaq Trader Symbol Directory
EFSI,Eagle Financial Services Inc - Common Stock,NASDAQ,N,N,EFSI,Nasdaq Trader Symbol Directory
EFT,Eaton Vance Floating Rate Income Trust Common Shares of Beneficial Interest,NYSE,N,N,EFT,Nasdaq Trader Symbol Directory
EFTY,"Etoiles Capital Group Co., Ltd. - Class A Ordinary Shares",NASDAQ,N,N,EFTY,Nasdaq Trader Symbol Directory
EFX,"Equifax, Inc. Common Stock",NYSE,N,N,EFX,Nasdaq Trader Symbol Directory
EFXT,Enerflex Ltd Common Shares,NYSE,N,N,EFXT,Nasdaq Trader Symbol Directory
EG,"Everest Group, Ltd. Common Stock",NYSE,N,N,EG,Nasdaq Trader Symbol Directory
EGAN,eGain Corporation - Common Stock,NASDAQ,N,N,EGAN,Nasdaq Trader Symbol Directory
EGBN,"Eagle Bancorp, Inc. - Common Stock",NASDAQ,N,N,EGBN,Nasdaq Trader Symbol Directory
EGG,Enigmatig Limited Class A Ordinary Shares,NYSE American,N,N,EGG,Nasdaq Trader Symbol Directory
EGHT,8x8 Inc - Common stock,NASDAQ,N,N,EGHT,Nasdaq Trader Symbol Directory
EGO,Eldorado Gold Corporation Ordinary Shares,NYSE,N,N,EGO,Nasdaq Trader Symbol Directory
EGP,"EastGroup Properties, Inc. Common Stock",NYSE,N,N,EGP,Nasdaq Trader Symbol Directory
EGY,"VAALCO Energy, Inc.  Common Stock",NYSE,N,N,EGY,Nasdaq Trader Symbol Directory
EH,EHang Holdings Limited - ADS,NASDAQ,N,N,EH,Nasdaq Trader Symbol Directory
EHC,Encompass Health Corporation Common Stock,NYSE,N,N,EHC,Nasdaq Trader Symbol Directory
EHGO,Eshallgo Inc. - Class A Ordinary Shares,NASDAQ,N,N,EHGO,Nasdaq Trader Symbol Directory
EHI,Western Asset Global High Income Fund Inc Common Stock,NYSE,N,N,EHI,Nasdaq Trader Symbol Directory
EHLD,Euroholdings Ltd. - Common Stock,NASDAQ,N,N,EHLD,Nasdaq Trader Symbol Directory
EHTH,"eHealth, Inc. - Common Stock",NASDAQ,N,N,EHTH,Nasdaq Trader Symbol Directory
EIC,Eagle Point Income Company Common Shares of Beneficial Interest,NYSE,N,N,EIC,Nasdaq Trader Symbol Directory
EIG,Employers Holdings Inc Common Stock,NYSE,N,N,EIG,Nasdaq Trader Symbol Directory
EIKN,"Eikon Therapeutics, Inc. - Common Stock",NASDAQ,N,N,EIKN,Nasdaq Trader Symbol Directory
EIM,"Eaton Vance Municipal Bond Fund Common Shares of Beneficial Interest, $.01 par value",NYSE American,N,N,EIM,Nasdaq Trader Symbol Directory
EIX,Edison International Common Stock,NYSE,N,N,EIX,Nasdaq Trader Symbol Directory
EJH,E-Home Household Service Holdings Limited - Ordinary shares,NASDAQ,N,N,EJH,Nasdaq Trader Symbol Directory
EL,"Estee Lauder Companies, Inc. (The) Common Stock",NYSE,N,N,EL,Nasdaq Trader Symbol Directory
ELA,Envela Corporation Common Stock,NYSE American,N,N,ELA,Nasdaq Trader Symbol Directory
ELAB,PMGC Holdings Inc. - Common Stock,NASDAQ,N,N,ELAB,Nasdaq Trader Symbol Directory
ELAN,Elanco Animal Health Incorporated Common Stock,NYSE,N,N,ELAN,Nasdaq Trader Symbol Directory
ELBM,Electra Battery Materials Corporation - Common Stock,NASDAQ,N,N,ELBM,Nasdaq Trader Symbol Directory
ELC,"Entergy Louisiana, Inc. Collateral Trust Mortgage Bonds, 4.875 % Series due September 1, 2066",NYSE,N,N,ELC,Nasdaq Trader Symbol Directory
ELDN,"Eledon Pharmaceuticals, Inc. - Common Stock",NASDAQ,N,N,ELDN,Nasdaq Trader Symbol Directory
ELE,Elemental Royalty Corporation - Common Stock,NASDAQ,N,N,ELE,Nasdaq Trader Symbol Directory
ELF,"e.l.f. Beauty, Inc. Common Stock",NYSE,N,N,ELF,Nasdaq Trader Symbol Directory
ELLA,Ellington Credit Company 8.50% Notes due 2031,NYSE,N,N,ELLA,Nasdaq Trader Symbol Directory
ELLO,Ellomay Capital Ltd Ordinary Shares (Israel),NYSE American,N,N,ELLO,Nasdaq Trader Symbol Directory
ELMD,"Electromed, Inc. Common Stock",NYSE American,N,N,ELMD,Nasdaq Trader Symbol Directory
ELME,Elme Communities Common Stock,NYSE,N,N,ELME,Nasdaq Trader Symbol Directory
ELMT,The Elmet Group Co. - Common Stock,NASDAQ,N,N,ELMT,Nasdaq Trader Symbol Directory
ELOG,Eastern International Ltd. - Ordinary Shares,NASDAQ,N,N,ELOG,Nasdaq Trader Symbol Directory
ELOX,"Eloxx Pharmaceuticals, Inc. - Common Stock",NASDAQ,N,N,ELOX,Nasdaq Trader Symbol Directory
ELPW,Elong Power Holding Limited - Class A Ordinary Shares,NASDAQ,N,N,ELPW,Nasdaq Trader Symbol Directory
ELS,"Equity Lifestyle Properties, Inc. Common Stock",NYSE,N,N,ELS,Nasdaq Trader Symbol Directory
ELTK,Eltek Ltd. - Ordinary Shares,NASDAQ,N,N,ELTK,Nasdaq Trader Symbol Directory
ELTX,"Elicio Therapeutics, Inc. - Common Stock",NASDAQ,N,N,ELTX,Nasdaq Trader Symbol Directory
ELUT,"Elutia, Inc. - Class A Common Stock",NASDAQ,N,N,ELUT,Nasdaq Trader Symbol Directory
ELV,"Elevance Health, Inc. Common Stock",NYSE,N,N,ELV,Nasdaq Trader Symbol Directory
ELVA,Electrovaya Inc. - Common Shares,NASDAQ,N,N,ELVA,Nasdaq Trader Symbol Directory
ELVN,"Enliven Therapeutics, Inc.  - Common Stock",NASDAQ,N,N,ELVN,Nasdaq Trader Symbol Directory
ELVR,Elevra Lithium Limited - American Depository Shares,NASDAQ,N,N,ELVR,Nasdaq Trader Symbol Directory
ELWT,"Elauwit Connection, Inc. - Common Stock",NASDAQ,N,N,ELWT,Nasdaq Trader Symbol Directory
EMA,Emera Incorporated Common Shares,NYSE,N,N,EMA,Nasdaq Trader Symbol Directory
EMAT,Evolution Metals & Technologies Corp. - Common Stock,NASDAQ,N,N,EMAT,Nasdaq Trader Symbol Directory
EMBC,Embecta Corp. - Common Stock,NASDAQ,N,N,EMBC,Nasdaq Trader Symbol Directory
EMBJ,Embraer S.A. Common Stock,NYSE,N,N,EMBJ,Nasdaq Trader Symbol Directory
EMD,Western Asset Emerging Markets Debt Fund Inc Common Stock,NYSE,N,N,EMD,Nasdaq Trader Symbol Directory
EME,"EMCOR Group, Inc. Common Stock",NYSE,N,N,EME,Nasdaq Trader Symbol Directory
EMF,Templeton Emerging Markets Fund Common Stock,NYSE,N,N,EMF,Nasdaq Trader Symbol Directory
EML,Eastern Company (The) - Common Stock,NASDAQ,N,N,EML,Nasdaq Trader Symbol Directory
EMN,Eastman Chemical Company Common Stock,NYSE,N,N,EMN,Nasdaq Trader Symbol Directory
EMO,ClearBridge Energy Midstream Opportunity Fund Inc. Common Stock,NYSE,N,N,EMO,Nasdaq Trader Symbol Directory
EMP,"Entergy Mississippi, LLC First Mortgage Bonds, 4.90% Series Due October 1, 2066",NYSE,N,N,EMP,Nasdaq Trader Symbol Directory
EMPD,Empery Digital Inc. - Common stock,NASDAQ,N,N,EMPD,Nasdaq Trader Symbol Directory
EMR,Emerson Electric Company Common Stock,NYSE,N,N,EMR,Nasdaq Trader Symbol Directory
ENB,Enbridge Inc Common Stock,NYSE,N,N,ENB,Nasdaq Trader Symbol Directory
ENGN,enGene Therapeutics Inc. - Common Stock,NASDAQ,N,N,ENGN,Nasdaq Trader Symbol Directory
ENGS,Energys Group Limited - Ordinary Shares,NASDAQ,N,N,ENGS,Nasdaq Trader Symbol Directory
ENHA,Enhanced Group Inc. Class A Common Stock,NYSE,N,N,ENHA,Nasdaq Trader Symbol Directory
ENJ,"Entergy New Orleans, LLC First Mortgage Bonds, 5.0% Series due December 1, 2052",NYSE,N,N,ENJ,Nasdaq Trader Symbol Directory
ENLT,Enlight Renewable Energy Ltd. - Ordinary Shares,NASDAQ,N,N,ENLT,Nasdaq Trader Symbol Directory
ENLV,Enlivex Ltd. - Ordinary Shares,NASDAQ,N,N,ENLV,Nasdaq Trader Symbol Directory
ENO,"Entergy New Orleans, LLC First Mortgage Bonds, 5.50% Series due April 1, 2066",NYSE,N,N,ENO,Nasdaq Trader Symbol Directory
ENOV,Enovis Corporation Common Stock,NYSE,N,N,ENOV,Nasdaq Trader Symbol Directory
ENPH,"Enphase Energy, Inc. - Common Stock",NASDAQ,N,N,ENPH,Nasdaq Trader Symbol Directory
ENR,"Energizer Holdings, Inc. Common Stock",NYSE,N,N,ENR,Nasdaq Trader Symbol Directory
ENS,EnerSys Common Stock,NYSE,N,N,ENS,Nasdaq Trader Symbol Directory
ENSC,"Ensysce Biosciences, Inc. - Common Stock",NASDAQ,N,N,ENSC,Nasdaq Trader Symbol Directory
ENSG,"The Ensign Group, Inc. - Common Stock",NASDAQ,N,N,ENSG,Nasdaq Trader Symbol Directory
ENTA,"Enanta Pharmaceuticals, Inc. - Common Stock",NASDAQ,N,N,ENTA,Nasdaq Trader Symbol Directory
ENTG,"Entegris, Inc. - Common Stock",NASDAQ,N,N,ENTG,Nasdaq Trader Symbol Directory
ENTX,Entera Bio Ltd. - Ordinary Shares,NASDAQ,N,N,ENTX,Nasdaq Trader Symbol Directory
ENVA,"Enova International, Inc. Common Stock",NYSE,N,N,ENVA,Nasdaq Trader Symbol Directory
ENVB,"Enveric Biosciences, Inc.  - Common Stock",NASDAQ,N,N,ENVB,Nasdaq Trader Symbol Directory
ENVX,Enovix Corporation - Common Stock,NASDAQ,N,N,ENVX,Nasdaq Trader Symbol Directory
EOD,Allspring Global Dividend Opportunity Fund Common Shares of Beneficial Interest,NYSE,N,N,EOD,Nasdaq Trader Symbol Directory
EOG,"EOG Resources, Inc. Common Stock",NYSE,N,N,EOG,Nasdaq Trader Symbol Directory
EOI,Eaton Vance Enhance Equity Income Fund Eaton Vance Enhanced Equity Income Fund Shares of Beneficial Interest,NYSE,N,N,EOI,Nasdaq Trader Symbol Directory
EOLS,"Evolus, Inc. - Common Stock",NASDAQ,N,N,EOLS,Nasdaq Trader Symbol Directory
EONR,EON Resources Inc. Class A Common Stock,NYSE American,N,N,EONR,Nasdaq Trader Symbol Directory
EOS,Eaton Vance Enhance Equity Income Fund II Common Stock,NYSE,N,N,EOS,Nasdaq Trader Symbol Directory
EOSE,"Eos Energy Enterprises, Inc. - Common Stock",NASDAQ,N,N,EOSE,Nasdaq Trader Symbol Directory
EOT,Eaton Vance Municipal Income Trust EATON VANCE NATIONAL MUNICIPAL OPPORTUNITIES TRUST,NYSE,N,N,EOT,Nasdaq Trader Symbol Directory
EP,Empire Petroleum Corporation Common Stock,NYSE American,N,N,EP,Nasdaq Trader Symbol Directory
EPAC,Enerpac Tool Group Corp. Common Stock,NYSE,N,N,EPAC,Nasdaq Trader Symbol Directory
EPAM,"EPAM Systems, Inc. Common Stock",NYSE,N,N,EPAM,Nasdaq Trader Symbol Directory
EPC,Edgewell Personal Care Company Common Stock,NYSE,N,N,EPC,Nasdaq Trader Symbol Directory
EPD,Enterprise Products Partners L.P. Common Stock,NYSE,N,N,EPD,Nasdaq Trader Symbol Directory
EPM,"Evolution Petroleum Corporation, Inc. Common Stock",NYSE American,N,N,EPM,Nasdaq Trader Symbol Directory
EPOW,E-Power Inc. - Class A Ordinary Shares,NASDAQ,N,N,EPOW,Nasdaq Trader Symbol Directory
EPR,EPR Properties Common Stock,NYSE,N,N,EPR,Nasdaq Trader Symbol Directory
EPRT,"Essential Properties Realty Trust, Inc. Common Stock",NYSE,N,N,EPRT,Nasdaq Trader Symbol Directory
EPRX,Eupraxia Pharmaceuticals Inc. - Common Stock,NASDAQ,N,N,EPRX,Nasdaq Trader Symbol Directory
EPSM,Epsium Enterprise Limited - Class A Ordinary Shares,NASDAQ,N,N,EPSM,Nasdaq Trader Symbol Directory
EPSN,Epsilon Energy Ltd. - Common Shares,NASDAQ,N,N,EPSN,Nasdaq Trader Symbol Directory
EQ,"Equillium, Inc. - Common Stock",NASDAQ,N,N,EQ,Nasdaq Trader Symbol Directory
EQBK,"Equity Bancshares, Inc. Class A Common Stock",NYSE,N,N,EQBK,Nasdaq Trader Symbol Directory
EQH,"Equitable Holdings, Inc. Common Stock",NYSE,N,N,EQH,Nasdaq Trader Symbol Directory
EQIX,"Equinix, Inc. - Common Stock",NASDAQ,N,N,EQIX,Nasdaq Trader Symbol Directory
EQNR,Equinor ASA,NYSE,N,N,EQNR,Nasdaq Trader Symbol Directory
EQPT,EquipmentShare.com Inc - Class A Common Stock,NASDAQ,N,N,EQPT,Nasdaq Trader Symbol Directory
EQS,"Equus Total Return, Inc. Common Stock",NYSE,N,N,EQS,Nasdaq Trader Symbol Directory
EQT,EQT Corporation Common Stock,NYSE,N,N,EQT,Nasdaq Trader Symbol Directory
EQX,Equinox Gold Corp. Common Shares,NYSE American,N,N,EQX,Nasdaq Trader Symbol Directory
ERAS,"Erasca, Inc. - Common Stock",NASDAQ,N,N,ERAS,Nasdaq Trader Symbol Directory
ERC,Allspring Multi-Sector Income Fund Common Stock,NYSE American,N,N,ERC,Nasdaq Trader Symbol Directory
ERH,Allspring Utilities and High Income Fund Common Shares,NYSE American,N,N,ERH,Nasdaq Trader Symbol Directory
ERIE,Erie Indemnity Company - Class A Common Stock,NASDAQ,N,N,ERIE,Nasdaq Trader Symbol Directory
ERII,"Energy Recovery, Inc. - Common Stock",NASDAQ,N,N,ERII,Nasdaq Trader Symbol Directory
ERNA,Ernexa Therapeutics Inc. - Common Stock,NASDAQ,N,N,ERNA,Nasdaq Trader Symbol Directory
ERO,Ero Copper Corp. Common Shares,NYSE,N,N,ERO,Nasdaq Trader Symbol Directory
EROC,"ERock, Inc. Class A Common Stock",NYSE,N,N,EROC,Nasdaq Trader Symbol Directory
EROK,"EagleRock Land, LLC Class A shares representing limited liability company interests",NYSE,N,N,EROK,Nasdaq Trader Symbol Directory
ES,Eversource Energy (D/B/A) Common Stock,NYSE,N,N,ES,Nasdaq Trader Symbol Directory
ESAB,ESAB Corporation Common Stock,NYSE,N,N,ESAB,Nasdaq Trader Symbol Directory
ESCA,"Escalade, Incorporated - Common Stock",NASDAQ,N,N,ESCA,Nasdaq Trader Symbol Directory
ESE,ESCO Technologies Inc. Common Stock,NYSE,N,N,ESE,Nasdaq Trader Symbol Directory
ESEA,Euroseas Ltd. - Common Stock,NASDAQ,N,N,ESEA,Nasdaq Trader Symbol Directory
ESI,Element Solutions Inc. Common Stock,NYSE,N,N,ESI,Nasdaq Trader Symbol Directory
ESLA,"Estrella Immunopharma, Inc. - Common Stock",NASDAQ,N,N,ESLA,Nasdaq Trader Symbol Directory
ESLT,Elbit Systems Ltd. - Ordinary Shares,NASDAQ,N,N,ESLT,Nasdaq Trader Symbol Directory
ESNT,Essent Group Ltd. Common Shares,NYSE,N,N,ESNT,Nasdaq Trader Symbol Directory
ESOA,Energy Services of America Corporation - Common Stock,NASDAQ,N,N,ESOA,Nasdaq Trader Symbol Directory
ESP,Espey Mfg. & Electronics Corp. Common Stock,NYSE American,N,N,ESP,Nasdaq Trader Symbol Directory
ESQ,"Esquire Financial Holdings, Inc. - Common Stock",NASDAQ,N,N,ESQ,Nasdaq Trader Symbol Directory
ESRT,"Empire State Realty Trust, Inc. Class A Common Stock",NYSE,N,N,ESRT,Nasdaq Trader Symbol Directory
ESS,"Essex Property Trust, Inc. Common Stock",NYSE,N,N,ESS,Nasdaq Trader Symbol Directory
ESTA,Establishment Labs Holdings Inc. - Common Shares,NASDAQ,N,N,ESTA,Nasdaq Trader Symbol Directory
ESTC,Elastic N.V. Ordinary Shares,NYSE,N,N,ESTC,Nasdaq Trader Symbol Directory
ETB,Eaton Vance Tax-Managed Buy-Write Income Fund Eaton Vance Tax-Managed Buy-Write Income Fund Common Shares of Beneficial Interest,NYSE,N,N,ETB,Nasdaq Trader Symbol Directory
ETD,Ethan Allen Interiors Inc. Common Stock,NYSE,N,N,ETD,Nasdaq Trader Symbol Directory
ETG,Eaton Vance Tax-Advantaged Global Dividend Income Fund Common Shares of Beneficial Interest,NYSE,N,N,ETG,Nasdaq Trader Symbol Directory
ETJ,Eaton Vance Risk-Managed Diversified Equity Income Fund Common Shares of Beneficial Interest,NYSE,N,N,ETJ,Nasdaq Trader Symbol Directory
ETN,"Eaton Corporation, PLC Ordinary Shares",NYSE,N,N,ETN,Nasdaq Trader Symbol Directory
ETO,Eaton Vance Tax-Advantage Global Dividend Opp Common Stock,NYSE,N,N,ETO,Nasdaq Trader Symbol Directory
ETON,"Eton Pharmaceuticals, Inc. - Common Stock",NASDAQ,N,N,ETON,Nasdaq Trader Symbol Directory
ETOR,eToro Group Ltd. - Class A Common Shares,NASDAQ,N,N,ETOR,Nasdaq Trader Symbol Directory
ETR,Entergy Corporation Common Stock,NYSE,N,N,ETR,Nasdaq Trader Symbol Directory
ETS,Elite Express Holding Inc. - Class A Common Stock,NASDAQ,N,N,ETS,Nasdaq Trader Symbol Directory
ETSS,Energy Transition Special Opportunities Class A Ordinary Shares,NYSE,N,N,ETSS,Nasdaq Trader Symbol Directory
ETSY,"Etsy, Inc. Common Stock",NYSE,N,N,ETSY,Nasdaq Trader Symbol Directory
ETV,Eaton Vance Corporation Eaton Vance Tax-Managed Buy-Write Opportunities Fund Common Shares of Beneficial Interest,NYSE,N,N,ETV,Nasdaq Trader Symbol Directory
ETW,Eaton Vance Corporation Eaton Vance Tax-Managed Global Buy-Write Opportunites Fund Common Shares of Beneficial Interest,NYSE,N,N,ETW,Nasdaq Trader Symbol Directory
ETX,Eaton Vance Municipal Income 2028 Term Trust Common Shares of Beneficial Interest,NYSE,N,N,ETX,Nasdaq Trader Symbol Directory
ETY,"Eaton Vance Tax-Managed Diversified Equity Income Fund Common Shares of Beneficial Interest,",NYSE,N,N,ETY,Nasdaq Trader Symbol Directory
EU,enCore Energy Corp. - Common Stock,NASDAQ,N,N,EU,Nasdaq Trader Symbol Directory
EUDA,Euda Health Holdings Limited - Ordinary Shares,NASDAQ,N,N,EUDA,Nasdaq Trader Symbol Directory
EVC,Entravision Communications Corporation Common Stock,NYSE,N,N,EVC,Nasdaq Trader Symbol Directory
EVCM,EverCommerce Inc. - Common Stock,NASDAQ,N,N,EVCM,Nasdaq Trader Symbol Directory
EVER,"EverQuote, Inc. - Class A Common Stock",NASDAQ,N,N,EVER,Nasdaq Trader Symbol Directory
EVEX,"Eve Holding, Inc. Common Stock",NYSE,N,N,EVEX,Nasdaq Trader Symbol Directory
EVF,Eaton Vance Senior Income Trust Common Stock,NYSE,N,N,EVF,Nasdaq Trader Symbol Directory
EVG,Eaton Vance Short Diversified Income Fund Eaton Vance Short Duration Diversified Income Fund Common Shares of Beneficial Interest,NYSE,N,N,EVG,Nasdaq Trader Symbol Directory
EVGN,Evogene Ltd. - Ordinary Shares,NASDAQ,N,N,EVGN,Nasdaq Trader Symbol Directory
EVGO,EVgo Inc. - Common Stock,NASDAQ,N,N,EVGO,Nasdaq Trader Symbol Directory
EVH,"Evolent Health, Inc Class A Common Stock",NYSE,N,N,EVH,Nasdaq Trader Symbol Directory
EVI,"EVI Industries, Inc.  Common Stock",NYSE American,N,N,EVI,Nasdaq Trader Symbol Directory
EVLV,"Evolv Technologies Holdings, Inc. - Class A Common Stock",NASDAQ,N,N,EVLV,Nasdaq Trader Symbol Directory
EVMN,"Evommune, Inc. Common Stock",NYSE,N,N,EVMN,Nasdaq Trader Symbol Directory
EVN,Eaton Vance Municipal Income Trust Common Stock,NYSE,N,N,EVN,Nasdaq Trader Symbol Directory
EVR,Evercore Inc. Class A Common Stock,NYSE,N,N,EVR,Nasdaq Trader Symbol Directory
EVRG,"Evergy, Inc. - Common Stock",NASDAQ,N,N,EVRG,Nasdaq Trader Symbol Directory
EVT,Eaton Vance Tax Advantaged Dividend Income Fund Common Shares of Beneficial Interest,NYSE,N,N,EVT,Nasdaq Trader Symbol Directory
EVTC,"Evertec, Inc. Common Stock",NYSE,N,N,EVTC,Nasdaq Trader Symbol Directory
EVTL,Vertical Aerospace Ltd. Ordinary Shares,NYSE,N,N,EVTL,Nasdaq Trader Symbol Directory
EVV,Eaton Vance Limited Duration Income Fund Common Shares of Beneficial Interest,NYSE American,N,N,EVV,Nasdaq Trader Symbol Directory
EW,Edwards Lifesciences Corporation Common Stock,NYSE,N,N,EW,Nasdaq Trader Symbol Directory
EWBC,"East West Bancorp, Inc. - Common Stock",NASDAQ,N,N,EWBC,Nasdaq Trader Symbol Directory
EWTX,"Edgewise Therapeutics, Inc. - Common Stock",NASDAQ,N,N,EWTX,Nasdaq Trader Symbol Directory
EXC,Exelon Corporation - Common Stock,NASDAQ,N,N,EXC,Nasdaq Trader Symbol Directory
EXE,Expand Energy Corporation - Common Stock,NASDAQ,N,N,EXE,Nasdaq Trader Symbol Directory
EXEL,"Exelixis, Inc. - Common Stock",NASDAQ,N,N,EXEL,Nasdaq Trader Symbol Directory
EXFY,"Expensify, Inc. - Class A Common Stock",NASDAQ,N,N,EXFY,Nasdaq Trader Symbol Directory
EXG,Eaton Vance Tax-Managed Global Diversified Equity Income Fund Common Shares of Beneficial Interest,NYSE,N,N,EXG,Nasdaq Trader Symbol Directory
EXK,Endeavour Silver Corporation Ordinary Shares (Canada),NYSE,N,N,EXK,Nasdaq Trader Symbol Directory
EXLS,"ExlService Holdings, Inc. - Common Stock",NASDAQ,N,N,EXLS,Nasdaq Trader Symbol Directory
EXOD,"Exodus Movement, Inc. Class A Common Stock",NYSE American,N,N,EXOD,Nasdaq Trader Symbol Directory
EXOZ,eXoZymes Inc. - Common Stock,NASDAQ,N,N,EXOZ,Nasdaq Trader Symbol Directory
EXP,Eagle Materials Inc Common Stock,NYSE,N,N,EXP,Nasdaq Trader Symbol Directory
EXPD,"Expeditors International of Washington, Inc. Common Stock",NYSE,N,N,EXPD,Nasdaq Trader Symbol Directory
EXPE,"Expedia Group, Inc. - Common Stock",NASDAQ,N,N,EXPE,Nasdaq Trader Symbol Directory
EXPO,"Exponent, Inc. - Common Stock",NASDAQ,N,N,EXPO,Nasdaq Trader Symbol Directory
EXR,Extra Space Storage Inc Common Stock,NYSE,N,N,EXR,Nasdaq Trader Symbol Directory
EXTR,"Extreme Networks, Inc. - Common Stock",NASDAQ,N,N,EXTR,Nasdaq Trader Symbol Directory
EXYN,"Exyn Technologies, Inc. - Common Stock",NASDAQ,N,N,EXYN,Nasdaq Trader Symbol Directory
EYE,"National Vision Holdings, Inc. - Common Stock",NASDAQ,N,N,EYE,Nasdaq Trader Symbol Directory
EYPT,"EyePoint, Inc. - Common Stock",NASDAQ,N,N,EYPT,Nasdaq Trader Symbol Directory
EZGO,EZGO Technologies Ltd. - Ordinary Shares,NASDAQ,N,N,EZGO,Nasdaq Trader Symbol Directory
EZPW,"EZCORP, Inc. - Class A Non-Voting Common Stock",NASDAQ,N,N,EZPW,Nasdaq Trader Symbol Directory
EZRA,"Reliance Global Group, Inc. - Common Stock",NASDAQ,N,N,EZRA,Nasdaq Trader Symbol Directory
F,Ford Motor Company Common Stock,NYSE,N,N,F,Nasdaq Trader Symbol Directory
FA,First Advantage Corporation - Common Stock,NASDAQ,N,N,FA,Nasdaq Trader Symbol Directory
FABC,"Fabric.AI, Inc. - Common Stock",NASDAQ,N,N,FABC,Nasdaq Trader Symbol Directory
FAC,Factorial Energy Inc. - Class A Common Stock,NASDAQ,N,N,FAC,Nasdaq Trader Symbol Directory
FAF,First American Corporation (New) Common Stock,NYSE,N,N,FAF,Nasdaq Trader Symbol Directory
FAMI,"Farmmi, Inc. - Class A Ordinary Shares",NASDAQ,N,N,FAMI,Nasdaq Trader Symbol Directory
FANG,"Diamondback Energy, Inc. - Common Stock",NASDAQ,N,N,FANG,Nasdaq Trader Symbol Directory
FAST,Fastenal Company - Common Stock,NASDAQ,N,N,FAST,Nasdaq Trader Symbol Directory
FATE,"Fate Therapeutics, Inc. - Common Stock",NASDAQ,N,N,FATE,Nasdaq Trader Symbol Directory
FATN,"FatPipe, Inc. - common stock",NASDAQ,N,N,FATN,Nasdaq Trader Symbol Directory
FAX,"abrdn Asia-Pacific Income Fund, Inc. Common Stock",NYSE American,N,N,FAX,Nasdaq Trader Symbol Directory
FBDT,First Breach Inc. - Common Stock,NASDAQ,N,N,FBDT,Nasdaq Trader Symbol Directory
FBGL,FBS Global Limited - Ordinary Shares,NASDAQ,N,N,FBGL,Nasdaq Trader Symbol Directory
FBIN,"Fortune Brands Innovations, Inc. Common Stock",NYSE,N,N,FBIN,Nasdaq Trader Symbol Directory
FBIO,"Fortress Biotech, Inc. - Common Stock",NASDAQ,N,N,FBIO,Nasdaq Trader Symbol Directory
FBIZ,"First Business Financial Services, Inc. - Common Stock",NASDAQ,N,N,FBIZ,Nasdaq Trader Symbol Directory
FBK,FB Financial Corporation Common Stock,NYSE,N,N,FBK,Nasdaq Trader Symbol Directory
FBLA,"FB Bancorp, Inc. - Common Stock",NASDAQ,N,N,FBLA,Nasdaq Trader Symbol Directory
FBLG,"FibroBiologics, Inc. - Common Stock",NASDAQ,N,N,FBLG,Nasdaq Trader Symbol Directory
FBNC,First Bancorp - Common Stock,NASDAQ,N,N,FBNC,Nasdaq Trader Symbol Directory
FBP,First BanCorp. New Common Stock,NYSE,N,N,FBP,Nasdaq Trader Symbol Directory
FBRT,"Franklin BSP Realty Trust, Inc. Common Stock",NYSE,N,N,FBRT,Nasdaq Trader Symbol Directory
FBRX,"Forte Biosciences, Inc.  - Common Stock",NASDAQ,N,N,FBRX,Nasdaq Trader Symbol Directory
FBYD,"Falcon's Beyond Global, Inc. - Class A Common Stock",NASDAQ,N,N,FBYD,Nasdaq Trader Symbol Directory
FC,Franklin Covey Company Common Stock,NYSE,N,N,FC,Nasdaq Trader Symbol Directory
FCAP,"First Capital, Inc. - Common Stock",NASDAQ,N,N,FCAP,Nasdaq Trader Symbol Directory
FCBC,"First Community Bankshares, Inc. - Common Stock",NASDAQ,N,N,FCBC,Nasdaq Trader Symbol Directory
FCBM,"First Carolina Financial Services, Inc. Common Stock",NYSE,N,N,FCBM,Nasdaq Trader Symbol Directory
FCCO,First Community Corporation - Common Stock,NASDAQ,N,N,FCCO,Nasdaq Trader Symbol Directory
FCEL,"FuelCell Energy, Inc. - Common Stock",NASDAQ,N,N,FCEL,Nasdaq Trader Symbol Directory
FCF,First Commonwealth Financial Corporation Common Stock,NYSE,N,N,FCF,Nasdaq Trader Symbol Directory
FCFS,"FirstCash Holdings, Inc. - Common Stock",NASDAQ,N,N,FCFS,Nasdaq Trader Symbol Directory
FCHL,Fitness Champs Holdings Limited - Ordinary Shares,NASDAQ,N,N,FCHL,Nasdaq Trader Symbol Directory
FCN,"FTI Consulting, Inc. Common Stock",NYSE,N,N,FCN,Nasdaq Trader Symbol Directory
FCNCA,"First Citizens BancShares, Inc. - Class A Common Stock",NASDAQ,N,N,FCNCA,Nasdaq Trader Symbol Directory
FCPT,"Four Corners Property Trust, Inc. Common Stock",NYSE,N,N,FCPT,Nasdaq Trader Symbol Directory
FCUV,Focus Universal Inc. - Common Stock,NASDAQ,N,N,FCUV,Nasdaq Trader Symbol Directory
FCX,"Freeport-McMoRan, Inc. Common Stock",NYSE,N,N,FCX,Nasdaq Trader Symbol Directory
FDBC,"Fidelity D & D Bancorp, Inc. - Common Stock",NASDAQ,N,N,FDBC,Nasdaq Trader Symbol Directory
FDMT,"4D Molecular Therapeutics, Inc. - Common Stock",NASDAQ,N,N,FDMT,Nasdaq Trader Symbol Directory
FDS,FactSet Research Systems Inc. Common Stock,NYSE,N,N,FDS,Nasdaq Trader Symbol Directory
FDSB,"Fifth District Bancorp, Inc. - Common Stock",NASDAQ,N,N,FDSB,Nasdaq Trader Symbol Directory
FDUS,Fidus Investment Corporation - Closed End Fund,NASDAQ,N,N,FDUS,Nasdaq Trader Symbol Directory
FDX,FedEx Corporation Common Stock,NYSE,N,N,FDX,Nasdaq Trader Symbol Directory
FDXF,"FedEx Freight Holding Company, Inc. Common Stock",NYSE,N,N,FDXF,Nasdaq Trader Symbol Directory
FE,FirstEnergy Corp. Common Stock,NYSE,N,N,FE,Nasdaq Trader Symbol Directory
FEAM,"5E Advanced Materials, Inc. - Common Stock",NASDAQ,N,N,FEAM,Nasdaq Trader Symbol Directory
FEBO,Fenbo Holdings Limited - Class A Ordinary Shares,NASDAQ,N,N,FEBO,Nasdaq Trader Symbol Directory
FEED,"ENvue Medical, Inc. - Common Stock",NASDAQ,N,N,FEED,Nasdaq Trader Symbol Directory
FEIM,"Frequency Electronics, Inc. - Common Stock",NASDAQ,N,N,FEIM,Nasdaq Trader Symbol Directory
FELE,"Franklin Electric Co., Inc. - Common Stock",NASDAQ,N,N,FELE,Nasdaq Trader Symbol Directory
FEMY,Femasys Inc. - Common Stock,NASDAQ,N,N,FEMY,Nasdaq Trader Symbol Directory
FENC,Fennec Pharmaceuticals Inc. - Common Stock,NASDAQ,N,N,FENC,Nasdaq Trader Symbol Directory
FER,Ferrovial N.V. - Ordinary Shares,NASDAQ,N,N,FER,Nasdaq Trader Symbol Directory
FERG,Ferguson Enterprises Inc. Common Stock,NYSE,N,N,FERG,Nasdaq Trader Symbol Directory
FET,"Forum Energy Technologies, Inc. Common Stock",NYSE,N,N,FET,Nasdaq Trader Symbol Directory
FF,FutureFuel Corp.  Common shares,NYSE,N,N,FF,Nasdaq Trader Symbol Directory
FFA,First Trust Enhanced Equity Income Fund Common Shares of Beneficial Interest,NYSE,N,N,FFA,Nasdaq Trader Symbol Directory
FFAI,Faraday Future Intelligent Electric Inc. - Class A Common Stock,NASDAQ,N,N,FFAI,Nasdaq Trader Symbol Directory
FFBC,First Financial Bancorp. - Common Stock,NASDAQ,N,N,FFBC,Nasdaq Trader Symbol Directory
FFIN,"First Financial Bankshares, Inc. - Common Stock",NASDAQ,N,N,FFIN,Nasdaq Trader Symbol Directory
FFIV,"F5, Inc. - Common Stock",NASDAQ,N,N,FFIV,Nasdaq Trader Symbol Directory
FG,"F&G Annuities & Life, Inc. Common Stock",NYSE,N,N,FG,Nasdaq Trader Symbol Directory
FGBI,"First Guaranty Bancshares, Inc. - Common Stock",NASDAQ,N,N,FGBI,Nasdaq Trader Symbol Directory
FGI,FGI Industries Ltd. - Ordinary Shares,NASDAQ,N,N,FGI,Nasdaq Trader Symbol Directory
FGL,Founder Group Limited - Class A Ordinary Shares,NASDAQ,N,N,FGL,Nasdaq Trader Symbol Directory
FGN,"F&G Annuities & Life, Inc. 7.950% Senior Notes due 2053",NYSE,N,N,FGN,Nasdaq Trader Symbol Directory
FGNX,FG Nexus Inc. - Common Stock,NASDAQ,N,N,FGNX,Nasdaq Trader Symbol Directory
FGSN,"F&G Annuities & Life, Inc. 7.300% Junior Subordinated Notes due 2065",NYSE,N,N,FGSN,Nasdaq Trader Symbol Directory
FHB,"First Hawaiian, Inc. - Common Stock",NASDAQ,N,N,FHB,Nasdaq Trader Symbol Directory
FHI,"Federated Hermes, Inc. Common Stock",NYSE,N,N,FHI,Nasdaq Trader Symbol Directory
FHN,First Horizon Corporation Common Stock,NYSE,N,N,FHN,Nasdaq Trader Symbol Directory
FHTX,Foghorn Therapeutics Inc. - Common Stock,NASDAQ,N,N,FHTX,Nasdaq Trader Symbol Directory
FIBK,"First Interstate BancSystem, Inc. - Common Stock",NASDAQ,N,N,FIBK,Nasdaq Trader Symbol Directory
FICO,Fair Isaac Corporation Common Stock,NYSE,N,N,FICO,Nasdaq Trader Symbol Directory
FIEE,"FiEE, Inc - Common Stock",NASDAQ,N,N,FIEE,Nasdaq Trader Symbol Directory
FIG,"Figma, Inc. Class A Common Stock",NYSE,N,N,FIG,Nasdaq Trader Symbol Directory
FIGR,"Figure Technology Solutions, Inc. - Class A Common Stock",NASDAQ,N,N,FIGR,Nasdaq Trader Symbol Directory
FIGS,"FIGS, Inc. Class A Common Stock",NYSE,N,N,FIGS,Nasdaq Trader Symbol Directory
FINS,Angel Oak Financial Strategies Income Term Trust Common Shares of Beneficial Interest,NYSE,N,N,FINS,Nasdaq Trader Symbol Directory
FINW,FinWise Bancorp - Common Stock,NASDAQ,N,N,FINW,Nasdaq Trader Symbol Directory
FIP,FTAI Infrastructure Inc. - Common Stock,NASDAQ,N,N,FIP,Nasdaq Trader Symbol Directory
FIRY,Firy Inc. Class A Common Stock,NYSE,N,N,FIRY,Nasdaq Trader Symbol Directory
FIS,"Fidelity National Information Services, Inc. Common Stock",NYSE,N,N,FIS,Nasdaq Trader Symbol Directory
FISI,"Financial Institutions, Inc. - Common Stock",NASDAQ,N,N,FISI,Nasdaq Trader Symbol Directory
FISN,"Deep Fission, Inc. - Common Stock",NASDAQ,N,N,FISN,Nasdaq Trader Symbol Directory
FISV,"Fiserv, Inc. - Common Stock",NASDAQ,N,N,FISV,Nasdaq Trader Symbol Directory
FITB,Fifth Third Bancorp Common Stock,NYSE,N,N,FITB,Nasdaq Trader Symbol Directory
FIVE,"Five Below, Inc. - Common Stock",NASDAQ,N,N,FIVE,Nasdaq Trader Symbol Directory
FIVN,"Five9, Inc. - Common Stock",NASDAQ,N,N,FIVN,Nasdaq Trader Symbol Directory
FIX,"Comfort Systems USA, Inc. Common Stock",NYSE,N,N,FIX,Nasdaq Trader Symbol Directory
FIZZ,National Beverage Corp. - Common Stock,NASDAQ,N,N,FIZZ,Nasdaq Trader Symbol Directory
FJET,"Starfighters Space, Inc. Common Stock",NYSE American,N,N,FJET,Nasdaq Trader Symbol Directory
FKWL,Franklin Wireless Corp. - common stock,NASDAQ,N,N,FKWL,Nasdaq Trader Symbol Directory
FLC,Flaherty & Crumrine Total Return Fund Inc Common Stock,NYSE,N,N,FLC,Nasdaq Trader Symbol Directory
FLD,"Fold Holdings, Inc. - Class A Common Stock",NASDAQ,N,N,FLD,Nasdaq Trader Symbol Directory
FLEX,Flex Ltd. - Ordinary Shares,NASDAQ,N,N,FLEX,Nasdaq Trader Symbol Directory
FLG,"Flagstar Bank, N.A. Common Stock",NYSE,N,N,FLG,Nasdaq Trader Symbol Directory
FLGT,"Fulgent Genetics, Inc. - Common Stock",NASDAQ,N,N,FLGT,Nasdaq Trader Symbol Directory
FLL,"Full House Resorts, Inc. - Common Stock",NASDAQ,N,N,FLL,Nasdaq Trader Symbol Directory
FLNA,"Filana Therapeutics, Inc. - Common Stock",NASDAQ,N,N,FLNA,Nasdaq Trader Symbol Directory
FLNC,"Fluence Energy, Inc. - Class A Common Stock",NASDAQ,N,N,FLNC,Nasdaq Trader Symbol Directory
FLNG,FLEX LNG Ltd. Ordinary Shares,NYSE,N,N,FLNG,Nasdaq Trader Symbol Directory
FLNT,"Fluent, Inc. - Common Stock",NASDAQ,N,N,FLNT,Nasdaq Trader Symbol Directory
FLO,"Flowers Foods, Inc. Common Stock",NYSE,N,N,FLO,Nasdaq Trader Symbol Directory
FLOC,Flowco Holdings Inc. Class A Common Stock,NYSE,N,N,FLOC,Nasdaq Trader Symbol Directory
FLR,Fluor Corporation Common Stock,NYSE,N,N,FLR,Nasdaq Trader Symbol Directory
FLS,Flowserve Corporation Common Stock,NYSE,N,N,FLS,Nasdaq Trader Symbol Directory
FLUT,Flutter Entertainment plc Ordinary Shares,NYSE,N,N,FLUT,Nasdaq Trader Symbol Directory
FLUX,"Flux Power Holdings, Inc. - Common Stock",NASDAQ,N,N,FLUX,Nasdaq Trader Symbol Directory
FLWS,"1-800-FLOWERS.COM, Inc. - Class A Common Stock",NASDAQ,N,N,FLWS,Nasdaq Trader Symbol Directory
FLXS,"Flexsteel Industries, Inc. - Common Stock",NASDAQ,N,N,FLXS,Nasdaq Trader Symbol Directory
FLY,Firefly Aerospace Inc. - Common Stock,NASDAQ,N,N,FLY,Nasdaq Trader Symbol Directory
FLYE,"Fly-E Group, Inc. - Common Stock",NASDAQ,N,N,FLYE,Nasdaq Trader Symbol Directory
FLYW,Flywire Corporation - Voting Common Stock,NASDAQ,N,N,FLYW,Nasdaq Trader Symbol Directory
FLYX,"flyExclusive, Inc. Class A Common Stock",NYSE American,N,N,FLYX,Nasdaq Trader Symbol Directory
FLZH,"Flash Sports & Media Holdings, Inc. - Common Stock",NASDAQ,N,N,FLZH,Nasdaq Trader Symbol Directory
FMAO,"Farmers & Merchants Bancorp, Inc. - Common Stock",NASDAQ,N,N,FMAO,Nasdaq Trader Symbol Directory
FMBH,"First Mid Bancshares, Inc. - Common Stock",NASDAQ,N,N,FMBH,Nasdaq Trader Symbol Directory
FMC,FMC Corporation Common Stock,NYSE,N,N,FMC,Nasdaq Trader Symbol Directory
FMFC,Kandal M Venture Limited - Class A ordinary Shares,NASDAQ,N,N,FMFC,Nasdaq Trader Symbol Directory
FMN,Federated Hermes Premier Municipal Income Fund,NYSE,N,N,FMN,Nasdaq Trader Symbol Directory
FMNB,Farmers National Banc Corp. - Common Stock,NASDAQ,N,N,FMNB,Nasdaq Trader Symbol Directory
FMST,Foremost Clean Energy Ltd. - Common Shares,NASDAQ,N,N,FMST,Nasdaq Trader Symbol Directory
FMX,Fomento Economico Mexicano S.A.B. de C.V. Common Stock,NYSE,N,N,FMX,Nasdaq Trader Symbol Directory
FMY,First Trust Mortgage Income Fund Common Shares of Beneficial Interest,NYSE,N,N,FMY,Nasdaq Trader Symbol Directory
FN,Fabrinet Ordinary Shares,NYSE,N,N,FN,Nasdaq Trader Symbol Directory
FNB,F.N.B. Corporation Common Stock,NYSE,N,N,FNB,Nasdaq Trader Symbol Directory
FND,"Floor & Decor Holdings, Inc. Common Stock",NYSE,N,N,FND,Nasdaq Trader Symbol Directory
FNF,"Fidelity National Financial, Inc. Common Stock",NYSE,N,N,FNF,Nasdaq Trader Symbol Directory
FNGD,"MicroSectors FANG  Index -3X Inverse Leveraged ETNs due January 8, 2038",NYSE Arca,N,N,FNGD,Nasdaq Trader Symbol Directory
FNGO,"MicroSectors FANG  Index 2X Leveraged ETNs due January 8, 2038",NYSE Arca,N,N,FNGO,Nasdaq Trader Symbol Directory
FNGR,"FingerMotion, Inc. - common stock",NASDAQ,N,N,FNGR,Nasdaq Trader Symbol Directory
FNKO,"Funko, Inc. - Class A Common Stock",NASDAQ,N,N,FNKO,Nasdaq Trader Symbol Directory
FNLC,"First Bancorp, Inc (ME) - Common Stock",NASDAQ,N,N,FNLC,Nasdaq Trader Symbol Directory
FNRN,First Northern Community Bancorp - Common stock,NASDAQ,N,N,FNRN,Nasdaq Trader Symbol Directory
FNUC,Frontier Nuclear and Minerals Inc. - Common Shares,NASDAQ,N,N,FNUC,Nasdaq Trader Symbol Directory
FNV,Franco-Nevada Corporation,NYSE,N,N,FNV,Nasdaq Trader Symbol Directory
FNWB,First Northwest Bancorp - Common Stock,NASDAQ,N,N,FNWB,Nasdaq Trader Symbol Directory
FNWD,Finward Bancorp - common stock,NASDAQ,N,N,FNWD,Nasdaq Trader Symbol Directory
FOA,Finance of America Companies Inc. Class A Common Stock,NYSE,N,N,FOA,Nasdaq Trader Symbol Directory
FOF,"Cohen & Steers Closed-End Opportunity Fund, Inc. Common Stock",NYSE,N,N,FOF,Nasdaq Trader Symbol Directory
FOFO,"Hang Feng Technology Innovation Co., Ltd. - Ordinary Shares",NASDAQ,N,N,FOFO,Nasdaq Trader Symbol Directory
FOR,Forestar Group Inc Common Stock ,NYSE,N,N,FOR,Nasdaq Trader Symbol Directory
FORM,"FormFactor, Inc. - Common Stock",NASDAQ,N,N,FORM,Nasdaq Trader Symbol Directory
FORR,"Forrester Research, Inc. - Common Stock",NASDAQ,N,N,FORR,Nasdaq Trader Symbol Directory
FOSL,"Fossil Group, Inc. - Common Stock",NASDAQ,N,N,FOSL,Nasdaq Trader Symbol Directory
FOUR,"Shift4 Payments, Inc. Class A Common Stock",NYSE,N,N,FOUR,Nasdaq Trader Symbol Directory
FOX,Fox Corporation - Class B Common Stock,NASDAQ,N,N,FOX,Nasdaq Trader Symbol Directory
FOXA,Fox Corporation - Class A Common Stock,NASDAQ,N,N,FOXA,Nasdaq Trader Symbol Directory
FOXF,Fox Factory Holding Corp. - Common Stock,NASDAQ,N,N,FOXF,Nasdaq Trader Symbol Directory
FOXX,Foxx Development Holdings Inc. - Common Stock,NASDAQ,N,N,FOXX,Nasdaq Trader Symbol Directory
FPH,"Five Point Holdings, LLC Class A Common Shares",NYSE,N,N,FPH,Nasdaq Trader Symbol Directory
FPI,Farmland Partners Inc. Common Stock,NYSE,N,N,FPI,Nasdaq Trader Symbol Directory
FPS,"Forgent Power Solutions, Inc. Class A Common Stock",NYSE,N,N,FPS,Nasdaq Trader Symbol Directory
FR,"First Industrial Realty Trust, Inc. Common Stock",NYSE,N,N,FR,Nasdaq Trader Symbol Directory
FRA,Blackrock Floating Rate Income Strategies Fund Inc  Common Stock,NYSE,N,N,FRA,Nasdaq Trader Symbol Directory
FRAF,Franklin Financial Services Corporation - Common Stock,NASDAQ,N,N,FRAF,Nasdaq Trader Symbol Directory
FRBA,First Bank  - Common Stock,NASDAQ,N,N,FRBA,Nasdaq Trader Symbol Directory
FRBT,"Forbright, Inc. - Class A Common Stock",NASDAQ,N,N,FRBT,Nasdaq Trader Symbol Directory
FRD,Friedman Industries Inc. - Common Stock,NASDAQ,N,N,FRD,Nasdaq Trader Symbol Directory
FRGT,"Freight Technologies, Inc. - Ordinary Shares",NASDAQ,N,N,FRGT,Nasdaq Trader Symbol Directory
FRHC,Freedom Holding Corp. - Common Stock,NASDAQ,N,N,FRHC,Nasdaq Trader Symbol Directory
FRME,First Merchants Corporation - Common Stock,NASDAQ,N,N,FRME,Nasdaq Trader Symbol Directory
FRMI,Fermi Inc. - Common Stock,NASDAQ,N,N,FRMI,Nasdaq Trader Symbol Directory
FRMM,"Forum Markets, Incorporated - Common Stock",NASDAQ,N,N,FRMM,Nasdaq Trader Symbol Directory
FRNM,"Freenome, Inc. - Common stock",NASDAQ,N,N,FRNM,Nasdaq Trader Symbol Directory
FRO,Frontline Plc Ordinary Shares,NYSE,N,N,FRO,Nasdaq Trader Symbol Directory
FROG,JFrog Ltd. - Ordinary shares,NASDAQ,N,N,FROG,Nasdaq Trader Symbol Directory
FRPH,"FRP Holdings, Inc. - Common Stock",NASDAQ,N,N,FRPH,Nasdaq Trader Symbol Directory
FRPT,"Freshpet, Inc. - Common Stock",NASDAQ,N,N,FRPT,Nasdaq Trader Symbol Directory
FRSH,Freshworks Inc. - Class A Common Stock,NASDAQ,N,N,FRSH,Nasdaq Trader Symbol Directory
FRST,Primis Financial Corp. - Common Stock,NASDAQ,N,N,FRST,Nasdaq Trader Symbol Directory
FRT,Federal Realty Investment Trust Common Stock,NYSE,N,N,FRT,Nasdaq Trader Symbol Directory
FRTT,Fort Technology Inc. - Common Shares,NASDAQ,N,N,FRTT,Nasdaq Trader Symbol Directory
FRVO,Fervo Energy Company - Class A common stock,NASDAQ,N,N,FRVO,Nasdaq Trader Symbol Directory
FSBC,Five Star Bancorp - Common Stock,NASDAQ,N,N,FSBC,Nasdaq Trader Symbol Directory
FSBW,"FS Bancorp, Inc. - Common Stock",NASDAQ,N,N,FSBW,Nasdaq Trader Symbol Directory
FSCO,FS Credit Opportunities Corp. Common Stock,NYSE,N,N,FSCO,Nasdaq Trader Symbol Directory
FSEA,"First Seacoast Bancorp, Inc. - Common Stock",NASDAQ,N,N,FSEA,Nasdaq Trader Symbol Directory
FSI,Flexible Solutions International Inc. Common Stock (CDA),NYSE American,N,N,FSI,Nasdaq Trader Symbol Directory
FSK,FS KKR Capital Corp. Common Stock,NYSE,N,N,FSK,Nasdaq Trader Symbol Directory
FSLR,"First Solar, Inc. - Common Stock",NASDAQ,N,N,FSLR,Nasdaq Trader Symbol Directory
FSLY,"Fastly, Inc. - Class A Common Stock",NASDAQ,N,N,FSLY,Nasdaq Trader Symbol Directory
FSM,Fortuna Mining Corp. Common Shares,NYSE,N,N,FSM,Nasdaq Trader Symbol Directory
FSP,Franklin Street Properties Corp. Common Stock,NYSE American,N,N,FSP,Nasdaq Trader Symbol Directory
FSS,Federal Signal Corporation Common Stock,NYSE,N,N,FSS,Nasdaq Trader Symbol Directory
FSSL,FS Specialty Lending Fund Common Shares of Beneficial Interest,NYSE,N,N,FSSL,Nasdaq Trader Symbol Directory
FSTR,L.B. Foster Company - Common Stock,NASDAQ,N,N,FSTR,Nasdaq Trader Symbol Directory
FSUN,FirstSun Capital Bancorp - Common Stock,NASDAQ,N,N,FSUN,Nasdaq Trader Symbol Directory
FSV,FirstService Corporation - Common Shares,NASDAQ,N,N,FSV,Nasdaq Trader Symbol Directory
FT,Franklin Universal Trust Common Stock,NYSE,N,N,FT,Nasdaq Trader Symbol Directory
FTAI,FTAI Aviation Ltd. - Common Stock,NASDAQ,N,N,FTAI,Nasdaq Trader Symbol Directory
FTCI,"FTC Solar, Inc. - Common Stock",NASDAQ,N,N,FTCI,Nasdaq Trader Symbol Directory
FTDR,"Frontdoor, Inc. - Common Stock",NASDAQ,N,N,FTDR,Nasdaq Trader Symbol Directory
FTEK,"Fuel Tech, Inc. - Common Stock",NASDAQ,N,N,FTEK,Nasdaq Trader Symbol Directory
FTF,Franklin Limited Duration Income Trust Common Shares of Beneficial Interest,NYSE American,N,N,FTF,Nasdaq Trader Symbol Directory
FTFT,Future FinTech Group Inc. - Common Stock,NASDAQ,N,N,FTFT,Nasdaq Trader Symbol Directory
FTH,"Faeth Therapeutics, Inc.  - Common Stock",NASDAQ,N,N,FTH,Nasdaq Trader Symbol Directory
FTHM,Fathom Holdings Inc. - Common Stock,NASDAQ,N,N,FTHM,Nasdaq Trader Symbol Directory
FTHY,First Trust High Yield Opportunities 2027 Term Fund Common Stock,NYSE,N,N,FTHY,Nasdaq Trader Symbol Directory
FTI,TechnipFMC plc Ordinary Share,NYSE,N,N,FTI,Nasdaq Trader Symbol Directory
FTK,"Flotek Industries, Inc. Common Stock",NYSE,N,N,FTK,Nasdaq Trader Symbol Directory
FTLF,"FitLife Brands, Inc. - Common Stock",NASDAQ,N,N,FTLF,Nasdaq Trader Symbol Directory
FTNT,"Fortinet, Inc. - Common Stock",NASDAQ,N,N,FTNT,Nasdaq Trader Symbol Directory
FTRA,FutureCorp Space Acquisition 1 Class A Ordinary Shares,NYSE,N,N,FTRA,Nasdaq Trader Symbol Directory
FTRE,Fortrea Holdings Inc. - Common Stock,NASDAQ,N,N,FTRE,Nasdaq Trader Symbol Directory
FTS,Fortis Inc. Common Shares,NYSE,N,N,FTS,Nasdaq Trader Symbol Directory
FTV,Fortive Corporation Common Stock ,NYSE,N,N,FTV,Nasdaq Trader Symbol Directory
FTW,Presidio Production Company Class A Common Stock,NYSE,N,N,FTW,Nasdaq Trader Symbol Directory
FUBO,FuboTV Inc. Class A Common Stock,NYSE,N,N,FUBO,Nasdaq Trader Symbol Directory
FUFU,BitFuFu Inc. - Class A Ordinary Shares,NASDAQ,N,N,FUFU,Nasdaq Trader Symbol Directory
FUL,H. B. Fuller Company Common Stock,NYSE,N,N,FUL,Nasdaq Trader Symbol Directory
FULC,"Fulcrum Therapeutics, Inc. - Common Stock",NASDAQ,N,N,FULC,Nasdaq Trader Symbol Directory
FULT,Fulton Financial Corporation - Common Stock,NASDAQ,N,N,FULT,Nasdaq Trader Symbol Directory
FUN,Six Flags Entertainment Corporation Common Stock New,NYSE,N,N,FUN,Nasdaq Trader Symbol Directory
FUNC,First United Corporation - Common Stock,NASDAQ,N,N,FUNC,Nasdaq Trader Symbol Directory
FUND,"Sprott Focus Trust, Inc. - Closed End Fund",NASDAQ,N,N,FUND,Nasdaq Trader Symbol Directory
FURY,Fury Gold Mines Limited Common Shares,NYSE American,N,N,FURY,Nasdaq Trader Symbol Directory
FUSB,"First US Bancshares, Inc. - Common Stock",NASDAQ,N,N,FUSB,Nasdaq Trader Symbol Directory
FUSE,Fusemachines Inc. - Common stock,NASDAQ,N,N,FUSE,Nasdaq Trader Symbol Directory
FVCB,"FVCBankcorp, Inc. - Common Stock",NASDAQ,N,N,FVCB,Nasdaq Trader Symbol Directory
FVR,"FrontView REIT, Inc. Common Stock",NYSE,N,N,FVR,Nasdaq Trader Symbol Directory
FVRR,"Fiverr International Ltd. Ordinary Shares, no par value",NYSE,N,N,FVRR,Nasdaq Trader Symbol Directory
FWDI,"Forward Industries, Inc. - Common Stock",NASDAQ,N,N,FWDI,Nasdaq Trader Symbol Directory
FWONA,Liberty Media Corporation - Series A Liberty Formula One Common Stock,NASDAQ,N,N,FWONA,Nasdaq Trader Symbol Directory
FWONK,Liberty Media Corporation - Series C Liberty Formula One Common Stock,NASDAQ,N,N,FWONK,Nasdaq Trader Symbol Directory
FWRD,Forward Air Corporation - Common Stock,NASDAQ,N,N,FWRD,Nasdaq Trader Symbol Directory
FWRG,"First Watch Restaurant Group, Inc. - Common Stock",NASDAQ,N,N,FWRG,Nasdaq Trader Symbol Directory
FXHO,UTime Limited - Class A Ordinary Shares,NASDAQ,N,N,FXHO,Nasdaq Trader Symbol Directory
FXNC,First National Corporation - Common Stock,NASDAQ,N,N,FXNC,Nasdaq Trader Symbol Directory
G,Genpact Limited Common Stock,NYSE,N,N,G,Nasdaq Trader Symbol Directory
GAB,"Gabelli Equity Trust, Inc. (The) Common Stock",NYSE,N,N,GAB,Nasdaq Trader Symbol Directory
GABC,"German American Bancorp, Inc. - Common Stock",NASDAQ,N,N,GABC,Nasdaq Trader Symbol Directory
GAIA,"Gaia, Inc. - Class A Common Stock",NASDAQ,N,N,GAIA,Nasdaq Trader Symbol Directory
GAIN,Gladstone Investment Corporation - Business Development Company,NASDAQ,N,N,GAIN,Nasdaq Trader Symbol Directory
GAING,Gladstone Investment Corporation - 7.125% Notes due 2031,NASDAQ,N,N,GAING,Nasdaq Trader Symbol Directory
GAINI,Gladstone Investment Corporation - 7.875% Notes due 2030,NASDAQ,N,N,GAINI,Nasdaq Trader Symbol Directory
GAINZ,Gladstone Investment Corporation - 4.875% Notes due 2028,NASDAQ,N,N,GAINZ,Nasdaq Trader Symbol Directory
GALT,Galectin Therapeutics Inc. - Common Stock,NASDAQ,N,N,GALT,Nasdaq Trader Symbol Directory
GAM,"General American Investors, Inc. Common Stock",NYSE,N,N,GAM,Nasdaq Trader Symbol Directory
GAME,"GameSquare Holdings, Inc. - Common stock",NASDAQ,N,N,GAME,Nasdaq Trader Symbol Directory
GANX,"Gain Therapeutics, Inc. - Common Stock",NASDAQ,N,N,GANX,Nasdaq Trader Symbol Directory
GAP,"Gap, Inc. (The) Common Stock",NYSE,N,N,GAP,Nasdaq Trader Symbol Directory
GASS,"StealthGas, Inc. - common stock",NASDAQ,N,N,GASS,Nasdaq Trader Symbol Directory
GATX,GATX Corporation Common Stock,NYSE,N,N,GATX,Nasdaq Trader Symbol Directory
GAU,Galiano Gold Inc.,NYSE American,N,N,GAU,Nasdaq Trader Symbol Directory
GAUZ,Gauzy Ltd. - Ordinary Shares,NASDAQ,N,N,GAUZ,Nasdaq Trader Symbol Directory
GBAB,Guggenheim Taxable Municipal Bond & Investment Grade Debt Trust Common Shares of Beneficial Interest,NYSE,N,N,GBAB,Nasdaq Trader Symbol Directory
GBCI,"Glacier Bancorp, Inc. Common Stock",NYSE,N,N,GBCI,Nasdaq Trader Symbol Directory
GBDC,"Golub Capital BDC, Inc. - Closed End Fund",NASDAQ,N,N,GBDC,Nasdaq Trader Symbol Directory
GBFH,GBank Financial Holdings Inc. - Common Stock,NASDAQ,N,N,GBFH,Nasdaq Trader Symbol Directory
GBLI,"Global Indemnity Group, LLC - Class A Common Shares",NASDAQ,N,N,GBLI,Nasdaq Trader Symbol Directory
GBR,"New Concept Energy, Inc Common Stock",NYSE American,N,N,GBR,Nasdaq Trader Symbol Directory
GBTG,"Global Business Travel Group, Inc. Class A Common Stock",NYSE,N,N,GBTG,Nasdaq Trader Symbol Directory
GBX,"Greenbrier Companies, Inc. (The) Common Stock",NYSE,N,N,GBX,Nasdaq Trader Symbol Directory
GCBC,"Greene County Bancorp, Inc. - Common Stock",NASDAQ,N,N,GCBC,Nasdaq Trader Symbol Directory
GCDT,Green Circle Decarbonize Technology Limited Class A Ordinary Shares,NYSE American,N,N,GCDT,Nasdaq Trader Symbol Directory
GCGR,General Catalyst Global Resilience Merger Corp. - Class A Ordinary Shares,NASDAQ,N,N,GCGR,Nasdaq Trader Symbol Directory
GCL,GCL Global Holdings Ltd - Ordinary Shares,NASDAQ,N,N,GCL,Nasdaq Trader Symbol Directory
GCMG,GCM Grosvenor Inc. - Class A Common Stock,NASDAQ,N,N,GCMG,Nasdaq Trader Symbol Directory
GCO,Genesco Inc. Common Stock,NYSE,N,N,GCO,Nasdaq Trader Symbol Directory
GCT,GigaCloud Technology Inc - Class A Ordinary Shares,NASDAQ,N,N,GCT,Nasdaq Trader Symbol Directory
GCTK,"GlucoTrack, Inc. - Common Stock",NASDAQ,N,N,GCTK,Nasdaq Trader Symbol Directory
GCTS,"GCT Semiconductor Holding, Inc. Common Stock",NYSE,N,N,GCTS,Nasdaq Trader Symbol Directory
GCV,"Gabelli Convertible and Income Securities Fund, Inc. (The) Common Stock",NYSE,N,N,GCV,Nasdaq Trader Symbol Directory
GD,General Dynamics Corporation Common Stock,NYSE,N,N,GD,Nasdaq Trader Symbol Directory
GDC,GD Culture Group Limited - Common Stock,NASDAQ,N,N,GDC,Nasdaq Trader Symbol Directory
GDDY,GoDaddy Inc. Class A Common Stock,NYSE,N,N,GDDY,Nasdaq Trader Symbol Directory
GDEV,GDEV Inc. - Ordinary Shares,NASDAQ,N,N,GDEV,Nasdaq Trader Symbol Directory
GDHG,Golden Heaven Group Holdings Ltd.  - Class A Ordinary Shares,NASDAQ,N,N,GDHG,Nasdaq Trader Symbol Directory
GDL,"GDL Fund, The Common Shares of Beneficial Interest",NYSE,N,N,GDL,Nasdaq Trader Symbol Directory
GDO,Western Asset Global Corporate Opportunity Fund Inc. Common Stock,NYSE,N,N,GDO,Nasdaq Trader Symbol Directory
GDOT,"Green Dot Corporation Class A Common Stock, $0.001 par value",NYSE,N,N,GDOT,Nasdaq Trader Symbol Directory
GDRX,"GoodRx Holdings, Inc. - Class A Common Stock",NASDAQ,N,N,GDRX,Nasdaq Trader Symbol Directory
GDTC,CytoMed Therapeutics Limited - Ordinary Shares,NASDAQ,N,N,GDTC,Nasdaq Trader Symbol Directory
GDV,Gabelli Dividend & Income Trust Common Shares of Beneficial Interest,NYSE,N,N,GDV,Nasdaq Trader Symbol Directory
GDYN,"Grid Dynamics Holdings, Inc. - Class A Common Stock",NASDAQ,N,N,GDYN,Nasdaq Trader Symbol Directory
GE,GE Aerospace Common Stock,NYSE,N,N,GE,Nasdaq Trader Symbol Directory
GECC,Great Elm Capital Corp. - Closed End Fund,NASDAQ,N,N,GECC,Nasdaq Trader Symbol Directory
GECCG,Great Elm Capital Corp. - 7.75% Notes Due 2030,NASDAQ,N,N,GECCG,Nasdaq Trader Symbol Directory
GECCH,Great Elm Capital Corp. - 8.125% Notes Due 2029,NASDAQ,N,N,GECCH,Nasdaq Trader Symbol Directory
GECCI,Great Elm Capital Corp. - 8.50% NOTES DUE 2029,NASDAQ,N,N,GECCI,Nasdaq Trader Symbol Directory
GEF,Greif Inc. Class A Common Stock,NYSE,N,N,GEF,Nasdaq Trader Symbol Directory
GEF.B,"Greif, Inc. Corporation Class B Common Stock",NYSE,N,N,GEF_B,Nasdaq Trader Symbol Directory
GEG,"Great Elm Group, Inc.  - Common Stock",NASDAQ,N,N,GEG,Nasdaq Trader Symbol Directory
GEGGL,"Great Elm Group, Inc.  - 7.25% Notes due 2027",NASDAQ,N,N,GEGGL,Nasdaq Trader Symbol Directory
GEHC,GE HealthCare Technologies Inc. - Common Stock,NASDAQ,N,N,GEHC,Nasdaq Trader Symbol Directory
GELS,Gelteq Limited - Ordinary Shares,NASDAQ,N,N,GELS,Nasdaq Trader Symbol Directory
GEMI,"Gemini Space Station, Inc. - Class A Common Stock",NASDAQ,N,N,GEMI,Nasdaq Trader Symbol Directory
GEN,Gen Digital Inc. - Common Stock,NASDAQ,N,N,GEN,Nasdaq Trader Symbol Directory
GENB,"Generate Biomedicines, Inc. - Common Stock",NASDAQ,N,N,GENB,Nasdaq Trader Symbol Directory
GENC,"Gencor Industries, Inc. Common Stock",NYSE American,N,N,GENC,Nasdaq Trader Symbol Directory
GENI,Genius Sports Limited Ordinary Shares,NYSE,N,N,GENI,Nasdaq Trader Symbol Directory
GENK,"GEN Restaurant Group, Inc. - Class A Common Stock",NASDAQ,N,N,GENK,Nasdaq Trader Symbol Directory
GEO,Geo Group Inc (The) REIT,NYSE,N,N,GEO,Nasdaq Trader Symbol Directory
GEOS,Geospace Technologies Corporation - Common Stock,NASDAQ,N,N,GEOS,Nasdaq Trader Symbol Directory
GERN,Geron Corporation - Common Stock,NASDAQ,N,N,GERN,Nasdaq Trader Symbol Directory
GETY,"Getty Images Holdings, Inc. Class A Common Stock",NYSE,N,N,GETY,Nasdaq Trader Symbol Directory
GEV,GE Vernova Inc. Common Stock,NYSE,N,N,GEV,Nasdaq Trader Symbol Directory
GEVO,"Gevo, Inc. - Common Stock",NASDAQ,N,N,GEVO,Nasdaq Trader Symbol Directory
GF,"New Germany Fund, Inc. (The) Common Stock",NYSE,N,N,GF,Nasdaq Trader Symbol Directory
GFAI,"Guardforce AI Co., Limited - Ordinary Shares",NASDAQ,N,N,GFAI,Nasdaq Trader Symbol Directory
GFF,Griffon Corporation Common Stock,NYSE,N,N,GFF,Nasdaq Trader Symbol Directory
GFL,"GFL Environmental Inc. Subordinate voting shares, no par value",NYSE,N,N,GFL,Nasdaq Trader Symbol Directory
GFR,Greenfire Resources Ltd. Common Shares,NYSE,N,N,GFR,Nasdaq Trader Symbol Directory
GFS,GlobalFoundries Inc. - Ordinary Share,NASDAQ,N,N,GFS,Nasdaq Trader Symbol Directory
GFUZ,General Fusion Group Ltd. - Common Shares,NASDAQ,N,N,GFUZ,Nasdaq Trader Symbol Directory
GGB,Gerdau S.A. Common Stock,NYSE,N,N,GGB,Nasdaq Trader Symbol Directory
GGG,Graco Inc. Common Stock,NYSE,N,N,GGG,Nasdaq Trader Symbol Directory
GGN,"GAMCO Global Gold, Natural Resources & Income Trust",NYSE American,N,N,GGN,Nasdaq Trader Symbol Directory
GGR,Gogoro Inc. - Ordinary Shares,NASDAQ,N,N,GGR,Nasdaq Trader Symbol Directory
GGT,"Gabelli Multi-Media Trust, Inc. (The) Common Stock",NYSE,N,N,GGT,Nasdaq Trader Symbol Directory
GGZ,Gabelli Global Small and Mid Cap Value Trust (The) Common Shares of Beneficial Interest,NYSE,N,N,GGZ,Nasdaq Trader Symbol Directory
GH,"Guardant Health, Inc. - Common Stock",NASDAQ,N,N,GH,Nasdaq Trader Symbol Directory
GHC,Graham Holdings Company Common Stock,NYSE,N,N,GHC,Nasdaq Trader Symbol Directory
GHM,Graham Corporation Common Stock,NYSE,N,N,GHM,Nasdaq Trader Symbol Directory
GHRS,GH Research PLC - Ordinary Shares,NASDAQ,N,N,GHRS,Nasdaq Trader Symbol Directory
GHXI,"Gores Holdings XI, Inc. - Class A Ordinary Shares",NASDAQ,N,N,GHXI,Nasdaq Trader Symbol Directory
GHY,"PGIM Global High Yield Fund, Inc.",NYSE,N,N,GHY,Nasdaq Trader Symbol Directory
GIB,CGI Inc. Common Stock,NYSE,N,N,GIB,Nasdaq Trader Symbol Directory
GIBO,GIBO Holdings Limited - Class A Ordinary Shares,NASDAQ,N,N,GIBO,Nasdaq Trader Symbol Directory
GIC,Global Industrial Company Common Stock,NYSE,N,N,GIC,Nasdaq Trader Symbol Directory
GIFT,"Giftify, Inc. - Common Stock",NASDAQ,N,N,GIFT,Nasdaq Trader Symbol Directory
GIGM,GigaMedia Limited - Ordinary Shares,NASDAQ,N,N,GIGM,Nasdaq Trader Symbol Directory
GIII,"G-III Apparel Group, LTD. - Common Stock",NASDAQ,N,N,GIII,Nasdaq Trader Symbol Directory
GIL,"Gildan Activewear, Inc. Class A Sub. Vot. Common Stock",NYSE,N,N,GIL,Nasdaq Trader Symbol Directory
GILD,"Gilead Sciences, Inc. - Common Stock",NASDAQ,N,N,GILD,Nasdaq Trader Symbol Directory
GILT,Gilat Satellite Networks Ltd. - Ordinary Shares,NASDAQ,N,N,GILT,Nasdaq Trader Symbol Directory
GIPR,Generation Income Properties Inc. - Common stock,NASDAQ,N,N,GIPR,Nasdaq Trader Symbol Directory
GIS,"General Mills, Inc. Common Stock",NYSE,N,N,GIS,Nasdaq Trader Symbol Directory
GITS,"Global Interactive Technologies, Inc. Common Stock - Common Stock",NASDAQ,N,N,GITS,Nasdaq Trader Symbol Directory
GIW,GigCapital8 Corp. - Class A Ordinary Shares,NASDAQ,N,N,GIW,Nasdaq Trader Symbol Directory
GIX,GigCapital9 Corp. - Class A Ordinary Share,NASDAQ,N,N,GIX,Nasdaq Trader Symbol Directory
GJH,Synthetic Fixed-Income Securities Inc 6.375% (STRATS) Cl A-1,NYSE,N,N,GJH,Nasdaq Trader Symbol Directory
GJO,"Synthetic Fixed-Income Securities, Inc. on behalf of STRATS(SM) Trust for Wal-Mart Stores, Inc. Securities, Series 2004-5",NYSE,N,N,GJO,Nasdaq Trader Symbol Directory
GJP,"Synthetic Fixed-Income Securities, Inc. on behalf of STRATS (SM) Trust for Dominion Resources, Inc. Securities, Series 2005-6, Floating Rate Structured Repackaged Asset-Backed Trust Securities (STRATS) Certificates",NYSE,N,N,GJP,Nasdaq Trader Symbol Directory
GJR,"Synthetic Fixed-Income Securities, Inc. STRATS Trust for Procter&Gamble Securities, Series 2006-1",NYSE,N,N,GJR,Nasdaq Trader Symbol Directory
GJS,"Goldman Sachs Group Securities STRATS Trust for Goldman Sachs Group Securities, Series 2006-2",NYSE,N,N,GJS,Nasdaq Trader Symbol Directory
GJT,"Synthetic Fixed-Income Securities, Inc. Floating Rate Structured Repackaged Asset-Backed Trust Securities Certificates, Series 2006-3",NYSE,N,N,GJT,Nasdaq Trader Symbol Directory
GKOS,Glaukos Corporation Common Stock,NYSE,N,N,GKOS,Nasdaq Trader Symbol Directory
GL,Globe Life Inc. Common Stock,NYSE,N,N,GL,Nasdaq Trader Symbol Directory
GLAD,Gladstone Capital Corporation - Closed End Fund,NASDAQ,N,N,GLAD,Nasdaq Trader Symbol Directory
GLAS,Glass House Brands Inc. Subordinate Voting Shares,NYSE,N,N,GLAS,Nasdaq Trader Symbol Directory
GLBE,Global-E Online Ltd. - ordinary shares,NASDAQ,N,N,GLBE,Nasdaq Trader Symbol Directory
GLBS,Globus Maritime Limited - Common Stock,NASDAQ,N,N,GLBS,Nasdaq Trader Symbol Directory
GLDG,GoldMining Inc. Common Shares,NYSE American,N,N,GLDG,Nasdaq Trader Symbol Directory
GLE,Global Engine Group Holding Limited - Class A Ordinary Shares,NASDAQ,N,N,GLE,Nasdaq Trader Symbol Directory
GLIBA,Liberty Capital Corporation - Series A GCI Group Common Stock,NASDAQ,N,N,GLIBA,Nasdaq Trader Symbol Directory
GLIBK,Liberty Capital Corporation - Series C GCI Group Common Stock,NASDAQ,N,N,GLIBK,Nasdaq Trader Symbol Directory
GLMD,Galmed Pharmaceuticals Ltd. - Ordinary Shares,NASDAQ,N,N,GLMD,Nasdaq Trader Symbol Directory
GLND,Greenland Energy Company - Common Stock,NASDAQ,N,N,GLND,Nasdaq Trader Symbol Directory
GLNG,Golar LNG Limited - Common Shares,NASDAQ,N,N,GLNG,Nasdaq Trader Symbol Directory
GLO,Clough Global Opportunities Fund Common Stock,NYSE American,N,N,GLO,Nasdaq Trader Symbol Directory
GLOB,Globant S.A. Common Shares,NYSE,N,N,GLOB,Nasdaq Trader Symbol Directory
GLOO,"Gloo Holdings, Inc. - Common Stock",NASDAQ,N,N,GLOO,Nasdaq Trader Symbol Directory
GLPI,"Gaming and Leisure Properties, Inc. - Common Stock",NASDAQ,N,N,GLPI,Nasdaq Trader Symbol Directory
GLQ,Clough Global Equity Fund Clough Global Equity Fund Common Shares of Beneficial Interest,NYSE American,N,N,GLQ,Nasdaq Trader Symbol Directory
GLRE,"Greenlight Reinsurance, Ltd. - Class A Ordinary Shares",NASDAQ,N,N,GLRE,Nasdaq Trader Symbol Directory
GLSI,"Greenwich LifeSciences, Inc. - Common stock",NASDAQ,N,N,GLSI,Nasdaq Trader Symbol Directory
GLU,Gabelli Global Utility Common Shares of Beneficial Ownership,NYSE American,N,N,GLU,Nasdaq Trader Symbol Directory
GLUE,"Monte Rosa Therapeutics, Inc. - Common Stock",NASDAQ,N,N,GLUE,Nasdaq Trader Symbol Directory
GLV,Clough Global Dividend and Income Fund Common Shares of beneficial interest,NYSE American,N,N,GLV,Nasdaq Trader Symbol Directory
GLW,Corning Incorporated Common Stock,NYSE,N,N,GLW,Nasdaq Trader Symbol Directory
GLXG,Galaxy Payroll Group Limited - Class A Ordinary Shares,NASDAQ,N,N,GLXG,Nasdaq Trader Symbol Directory
GLXY,Galaxy Digital Inc. - Class A common stock,NASDAQ,N,N,GLXY,Nasdaq Trader Symbol Directory
GM,General Motors Company Common Stock,NYSE,N,N,GM,Nasdaq Trader Symbol Directory
GME,GameStop Corporation Common Stock,NYSE,N,N,GME,Nasdaq Trader Symbol Directory
GMED,"Globus Medical, Inc. Class A Common Stock",NYSE,N,N,GMED,Nasdaq Trader Symbol Directory
GMEX,GMEX ROBOTICS CORPORATION - Class A Ordinary Shares,NASDAQ,N,N,GMEX,Nasdaq Trader Symbol Directory
GMHS,Gamehaus Holdings Inc. - Class A Ordinary Shares,NASDAQ,N,N,GMHS,Nasdaq Trader Symbol Directory
GMM,Global Mofy AI Limited  - Class A Ordinary Shares,NASDAQ,N,N,GMM,Nasdaq Trader Symbol Directory
GMRS,GMR Solutions Inc. Class A Common Stock,NYSE,N,N,GMRS,Nasdaq Trader Symbol Directory
GMTL,Guardian Metal Resources PLC ADS,NYSE American,N,N,GMTL,Nasdaq Trader Symbol Directory
GNE,Genie Energy Ltd. Class B Common Stock Stock,NYSE,N,N,GNE,Nasdaq Trader Symbol Directory
GNK,Genco Shipping & Trading Limited Ordinary Shares New (Marshall Islands),NYSE,N,N,GNK,Nasdaq Trader Symbol Directory
GNL,"Global Net Lease, Inc. Common Stock",NYSE,N,N,GNL,Nasdaq Trader Symbol Directory
GNLN,"Greenlane Holdings, Inc. - Class A Common Stock",NASDAQ,N,N,GNLN,Nasdaq Trader Symbol Directory
GNLX,Genelux Corporation - Common Stock,NASDAQ,N,N,GNLX,Nasdaq Trader Symbol Directory
GNPX,"Genprex, Inc. - Common Stock",NASDAQ,N,N,GNPX,Nasdaq Trader Symbol Directory
GNRC,Generac Holdlings Inc. Common Stock,NYSE,N,N,GNRC,Nasdaq Trader Symbol Directory
GNS,Genius Group Limited Ordinary Shares,NYSE American,N,N,GNS,Nasdaq Trader Symbol Directory
GNSS,Genasys Inc. - Common Stock,NASDAQ,N,N,GNSS,Nasdaq Trader Symbol Directory
GNT,"GAMCO Natural Resources, Gold & Income Trust",NYSE,N,N,GNT,Nasdaq Trader Symbol Directory
GNTX,Gentex Corporation - Common Stock,NASDAQ,N,N,GNTX,Nasdaq Trader Symbol Directory
GNW,Genworth Financial Inc Common Stock,NYSE,N,N,GNW,Nasdaq Trader Symbol Directory
GO,Grocery Outlet Holding Corp. - Common Stock,NASDAQ,N,N,GO,Nasdaq Trader Symbol Directory
GOAI,Eva Live Inc. - Common Stock,NASDAQ,N,N,GOAI,Nasdaq Trader Symbol Directory
GOF,Guggenheim Strategic Opportunities Fund Common Shares of Beneficial Interest,NYSE,N,N,GOF,Nasdaq Trader Symbol Directory
GOGO,Gogo Inc. - Common Stock,NASDAQ,N,N,GOGO,Nasdaq Trader Symbol Directory
GOLD,"Gold.com, Inc. Common Stock",NYSE,N,N,GOLD,Nasdaq Trader Symbol Directory
GOLF,Acushnet Holdings Corp. Common Stock,NYSE,N,N,GOLF,Nasdaq Trader Symbol Directory
GOOD,Gladstone Commercial Corporation - Real Estate Investment Trust,NASDAQ,N,N,GOOD,Nasdaq Trader Symbol Directory
GOOG,Alphabet Inc. - Class C Capital Stock,NASDAQ,N,N,GOOG,Nasdaq Trader Symbol Directory
GOOGL,Alphabet Inc. - Class A Common Stock,NASDAQ,N,N,GOOGL,Nasdaq Trader Symbol Directory
GOOS,Canada Goose Holdings Inc. Subordinate Voting Shares,NYSE,N,N,GOOS,Nasdaq Trader Symbol Directory
GORO,Goldgroup Mining Inc. Common Shares,NYSE American,N,N,GORO,Nasdaq Trader Symbol Directory
GOSS,"Gossamer Bio, Inc. - Common Stock",NASDAQ,N,N,GOSS,Nasdaq Trader Symbol Directory
GOVX,"GeoVax Labs, Inc. - Common Stock",NASDAQ,N,N,GOVX,Nasdaq Trader Symbol Directory
GP,GreenPower Motor Company Inc. - Common Shares,NASDAQ,N,N,GP,Nasdaq Trader Symbol Directory
GPC,Genuine Parts Company Common Stock,NYSE,N,N,GPC,Nasdaq Trader Symbol Directory
GPGI,"GPGI, Inc. Class A Common Stock",NYSE,N,N,GPGI,Nasdaq Trader Symbol Directory
GPI,"Group 1 Automotive, Inc. Common Stock",NYSE,N,N,GPI,Nasdaq Trader Symbol Directory
GPJA,"Georgia Power Company Series 2017A 5.00% Junior Subordinated Notes due October 1, 2077",NYSE,N,N,GPJA,Nasdaq Trader Symbol Directory
GPK,Graphic Packaging Holding Company,NYSE,N,N,GPK,Nasdaq Trader Symbol Directory
GPMT,Granite Point Mortgage Trust Inc. Common Stock,NYSE,N,N,GPMT,Nasdaq Trader Symbol Directory
GPN,Global Payments Inc. Common Stock,NYSE,N,N,GPN,Nasdaq Trader Symbol Directory
GPOR,Gulfport Energy Corporation Common Shares,NYSE,N,N,GPOR,Nasdaq Trader Symbol Directory
GPRE,"Green Plains, Inc. - Common Stock",NASDAQ,N,N,GPRE,Nasdaq Trader Symbol Directory
GPRK,Geopark Ltd Common Shares,NYSE,N,N,GPRK,Nasdaq Trader Symbol Directory
GPRO,"GoPro, Inc. - Class A Common Stock",NASDAQ,N,N,GPRO,Nasdaq Trader Symbol Directory
GPUS,"Hyperscale Data, Inc. Common Stock",NYSE American,N,N,GPUS,Nasdaq Trader Symbol Directory
GRAB,Grab Holdings Limited - Class A Ordinary Shares,NASDAQ,N,N,GRAB,Nasdaq Trader Symbol Directory
GRAL,"GRAIL, Inc. - Common Stock",NASDAQ,N,N,GRAL,Nasdaq Trader Symbol Directory
GRAN,Grande Group Limited - Class A Ordinary Shares,NASDAQ,N,N,GRAN,Nasdaq Trader Symbol Directory
GRBK,"Green Brick Partners, Inc. Common Stock",NYSE,N,N,GRBK,Nasdaq Trader Symbol Directory
GRC,Gorman-Rupp Company (The) Common Stock,NYSE,N,N,GRC,Nasdaq Trader Symbol Directory
GRCE,"Grace Therapeutics, Inc. - Common Stock",NASDAQ,N,N,GRCE,Nasdaq Trader Symbol Directory
GRDN,"Guardian Pharmacy Services, Inc. Class A Common Stock",NYSE,N,N,GRDN,Nasdaq Trader Symbol Directory
GRDX,GridAI Technologies Corp.  - Common Stock,NASDAQ,N,N,GRDX,Nasdaq Trader Symbol Directory
GREEL,Vulcan Infrastructure and Power Inc. - 8.50% Senior Notes due 2026,NASDAQ,N,N,GREEL,Nasdaq Trader Symbol Directory
GRF,"Eagle Capital Growth Fund, Inc. Common Stock",NYSE American,N,N,GRF,Nasdaq Trader Symbol Directory
GRI,"GRI Bio, Inc. - Common Stock",NASDAQ,N,N,GRI,Nasdaq Trader Symbol Directory
GRML,Greenland Mines Ltd - Common Stock,NASDAQ,N,N,GRML,Nasdaq Trader Symbol Directory
GRMN,Garmin Ltd. Common Stock (Switzerland),NYSE,N,N,GRMN,Nasdaq Trader Symbol Directory
GRN,iPath Series B Carbon Exchange-Traded Notes,NYSE Arca,N,N,GRN,Nasdaq Trader Symbol Directory
GRND,Grindr Inc. Common Stock,NYSE,N,N,GRND,Nasdaq Trader Symbol Directory
GRNQ,Greenpro Capital Corp. - Common Stock,NASDAQ,N,N,GRNQ,Nasdaq Trader Symbol Directory
GRNT,"Granite Ridge Resources, Inc. Common Stock",NYSE,N,N,GRNT,Nasdaq Trader Symbol Directory
GRO,Brazil Potash Corp. Common Shares,NYSE American,N,N,GRO,Nasdaq Trader Symbol Directory
GROV,"Grove Collaborative Holdings, Inc. Class A Common Stock",NYSE,N,N,GROV,Nasdaq Trader Symbol Directory
GROW,"U.S. Global Investors, Inc. - Class A Common Stock",NASDAQ,N,N,GROW,Nasdaq Trader Symbol Directory
GROY,Gold Royalty Corp. Common Shares,NYSE American,N,N,GROY,Nasdaq Trader Symbol Directory
GRPN,"Groupon, Inc. - Common Stock",NASDAQ,N,N,GRPN,Nasdaq Trader Symbol Directory
GRRR,Gorilla Technology Group Inc. - Ordinary shares,NASDAQ,N,N,GRRR,Nasdaq Trader Symbol Directory
GRSD,Grandstand Limited - Ordinary Shares,NASDAQ,N,N,GRSD,Nasdaq Trader Symbol Directory
GRWG,GrowGeneration Corp. - Common Stock,NASDAQ,N,N,GRWG,Nasdaq Trader Symbol Directory
GRX,The Gabelli Healthcare & Wellness Trust Common Shares of Beneficial Interest,NYSE,N,N,GRX,Nasdaq Trader Symbol Directory
GS,"Goldman Sachs Group, Inc. (The) Common Stock",NYSE,N,N,GS,Nasdaq Trader Symbol Directory
GSAT,"Globalstar, Inc. - Common Stock",NASDAQ,N,N,GSAT,Nasdaq Trader Symbol Directory
GSBC,"Great Southern Bancorp, Inc. - Common Stock",NASDAQ,N,N,GSBC,Nasdaq Trader Symbol Directory
GSBD,"Goldman Sachs BDC, Inc. Common Stock",NYSE,N,N,GSBD,Nasdaq Trader Symbol Directory
GSHD,"Goosehead Insurance, Inc. - Class A Common Stock",NASDAQ,N,N,GSHD,Nasdaq Trader Symbol Directory
GSIT,"GSI Technology, Inc. - Common Stock",NASDAQ,N,N,GSIT,Nasdaq Trader Symbol Directory
GSIW,Garden Stage Limited - Class A Ordinary Shares,NASDAQ,N,N,GSIW,Nasdaq Trader Symbol Directory
GSL,Global Ship Lease Inc New Class A Common Shares,NYSE,N,N,GSL,Nasdaq Trader Symbol Directory
GSM,Ferroglobe PLC - Ordinary Shares,NASDAQ,N,N,GSM,Nasdaq Trader Symbol Directory
GSUN,Golden Sun Technology Group Limited - Class A Ordinary Shares,NASDAQ,N,N,GSUN,Nasdaq Trader Symbol Directory
GT,The Goodyear Tire & Rubber Company - Common Stock,NASDAQ,N,N,GT,Nasdaq Trader Symbol Directory
GTBP,"GT Biopharma, Inc. - Common Stock",NASDAQ,N,N,GTBP,Nasdaq Trader Symbol Directory
GTE,Gran Tierra Energy Inc. Common Stock,NYSE American,N,N,GTE,Nasdaq Trader Symbol Directory
GTEC,Greenland Technologies Holding Corporation - Class A Ordinary Shares,NASDAQ,N,N,GTEC,Nasdaq Trader Symbol Directory
GTEN,"Gores Holdings X, Inc. - Class A ordinary shares",NASDAQ,N,N,GTEN,Nasdaq Trader Symbol Directory
GTES,Gates Industrial Corporation Ltd. Common Shares,NYSE,N,N,GTES,Nasdaq Trader Symbol Directory
GTIM,Good Times Restaurants Inc. - Common Stock,NASDAQ,N,N,GTIM,Nasdaq Trader Symbol Directory
GTLB,GitLab Inc. - Class A Common Stock,NASDAQ,N,N,GTLB,Nasdaq Trader Symbol Directory
GTM,ZoomInfo Technologies Inc. - Common Stock,NASDAQ,N,N,GTM,Nasdaq Trader Symbol Directory
GTN,"Gray Media, Inc. Common Stock",NYSE,N,N,GTN,Nasdaq Trader Symbol Directory
GTN.A,"Gray Media, Inc. Class A Common Stock",NYSE,N,N,GTN_A,Nasdaq Trader Symbol Directory
GTX,Garrett Motion Inc. - Common Stock,NASDAQ,N,N,GTX,Nasdaq Trader Symbol Directory
GTY,Getty Realty Corporation Common Stock,NYSE,N,N,GTY,Nasdaq Trader Symbol Directory
GUG,Guggenheim Active Allocation Fund Common Shares of Beneficial Interest,NYSE,N,N,GUG,Nasdaq Trader Symbol Directory
GURE,"Gulf Resources, Inc. - Common Stock",NASDAQ,N,N,GURE,Nasdaq Trader Symbol Directory
GUT,Gabelli Utility Trust (The) Common Stock,NYSE,N,N,GUT,Nasdaq Trader Symbol Directory
GUTS,"Fractyl Health, Inc. - Common Stock",NASDAQ,N,N,GUTS,Nasdaq Trader Symbol Directory
GVA,Granite Construction Incorporated Common Stock,NYSE,N,N,GVA,Nasdaq Trader Symbol Directory
GVH,Globavend Holdings Limited - Ord Shares,NASDAQ,N,N,GVH,Nasdaq Trader Symbol Directory
GWAV,"Greenwave Technology Solutions, Inc. - Common Stock",NASDAQ,N,N,GWAV,Nasdaq Trader Symbol Directory
GWH,"ESS Tech, Inc. Common Stock",NYSE,N,N,GWH,Nasdaq Trader Symbol Directory
GWRE,"Guidewire Software, Inc. Common Stock",NYSE,N,N,GWRE,Nasdaq Trader Symbol Directory
GWRS,"Global Water Resources, Inc. - common stock",NASDAQ,N,N,GWRS,Nasdaq Trader Symbol Directory
GWW,"W.W. Grainger, Inc. Common Stock",NYSE,N,N,GWW,Nasdaq Trader Symbol Directory
GXAI,Gaxos.ai Inc. - Common Stock,NASDAQ,N,N,GXAI,Nasdaq Trader Symbol Directory
GXO,"GXO Logistics, Inc. Common Stock ",NYSE,N,N,GXO,Nasdaq Trader Symbol Directory
GYGY,"Game Your Game, Inc. - Common Stock",NASDAQ,N,N,GYGY,Nasdaq Trader Symbol Directory
GYRE,"Gyre Therapeutics, Inc. - Common Stock",NASDAQ,N,N,GYRE,Nasdaq Trader Symbol Directory
GYRO,"Gyrodyne , LLC - Common Stock",NASDAQ,N,N,GYRO,Nasdaq Trader Symbol Directory
H,Hyatt Hotels Corporation Class A Common Stock,NYSE,N,N,H,Nasdaq Trader Symbol Directory
HAE,Haemonetics Corporation Common Stock,NYSE,N,N,HAE,Nasdaq Trader Symbol Directory
HAFC,Hanmi Financial Corporation - Common Stock,NASDAQ,N,N,HAFC,Nasdaq Trader Symbol Directory
HAFN,Hafnia Limited Common Shares,NYSE,N,N,HAFN,Nasdaq Trader Symbol Directory
HAIN,"The Hain Celestial Group, Inc. - Common Stock",NASDAQ,N,N,HAIN,Nasdaq Trader Symbol Directory
HAL,Halliburton Company Common Stock,NYSE,N,N,HAL,Nasdaq Trader Symbol Directory
HALO,"Halozyme Therapeutics, Inc. - Common Stock",NASDAQ,N,N,HALO,Nasdaq Trader Symbol Directory
HAO,Haoxi Health Technology Limited - Class A Ord Share,NASDAQ,N,N,HAO,Nasdaq Trader Symbol Directory
HAPN,"Happen, Inc. - Common Stock",NASDAQ,N,N,HAPN,Nasdaq Trader Symbol Directory
HAS,"Hasbro, Inc. - Common Stock",NASDAQ,N,N,HAS,Nasdaq Trader Symbol Directory
HASI,"HA Sustainable Infrastructure Capital, Inc. Common Stock",NYSE,N,N,HASI,Nasdaq Trader Symbol Directory
HAWK,"HawkEye 360, Inc. Common Stock",NYSE,N,N,HAWK,Nasdaq Trader Symbol Directory
HAYW,"Hayward Holdings, Inc. Common Stock",NYSE,N,N,HAYW,Nasdaq Trader Symbol Directory
HBAN,Huntington Bancshares Incorporated - Common Stock,NASDAQ,N,N,HBAN,Nasdaq Trader Symbol Directory
HBB,Hamilton Beach Brands Holding Company Class A Common Stock ,NYSE,N,N,HBB,Nasdaq Trader Symbol Directory
HBCP,"Home Bancorp, Inc. - Common Stock",NASDAQ,N,N,HBCP,Nasdaq Trader Symbol Directory
HBIO,"Harvard Bioscience, Inc. - Common Stock",NASDAQ,N,N,HBIO,Nasdaq Trader Symbol Directory
HBM,Hudbay Minerals Inc. Ordinary Shares (Canada),NYSE,N,N,HBM,Nasdaq Trader Symbol Directory
HBNB,Hotel101 Global Holdings Corp. - Class A Ordinary Shares,NASDAQ,N,N,HBNB,Nasdaq Trader Symbol Directory
HBNC,"Horizon Bancorp, Inc. - Common Stock",NASDAQ,N,N,HBNC,Nasdaq Trader Symbol Directory
HBT,"HBT Financial, Inc. - Common Stock",NASDAQ,N,N,HBT,Nasdaq Trader Symbol Directory
HCA,"HCA Healthcare, Inc. Common Stock",NYSE,N,N,HCA,Nasdaq Trader Symbol Directory
HCAI,"Huachen AI Parking Management Technology Holding Co., Ltd. - Class A Ordinary Shares",NASDAQ,N,N,HCAI,Nasdaq Trader Symbol Directory
HCAT,"Health Catalyst, Inc - Common stock",NASDAQ,N,N,HCAT,Nasdaq Trader Symbol Directory
HCC,"Warrior Met Coal, Inc. Common Stock",NYSE,N,N,HCC,Nasdaq Trader Symbol Directory
HCHL,Happy City Holdings Limited - Class A Ordinary shares,NASDAQ,N,N,HCHL,Nasdaq Trader Symbol Directory
HCI,"HCI Group, Inc. Common Stock",NYSE,N,N,HCI,Nasdaq Trader Symbol Directory
HCIC,Hennessy Capital Investment Corp. VIII - Class A Ordinary Shares,NASDAQ,N,N,HCIC,Nasdaq Trader Symbol Directory
HCKT,"The Hackett Group, Inc. - Common Stock",NASDAQ,N,N,HCKT,Nasdaq Trader Symbol Directory
HCSG,"Healthcare Services Group, Inc. - Common Stock",NASDAQ,N,N,HCSG,Nasdaq Trader Symbol Directory
HCTI,"Healthcare Triangle, Inc. - Common Stock",NASDAQ,N,N,HCTI,Nasdaq Trader Symbol Directory
HCWB,HCW Biologics Inc. - Common Stock,NASDAQ,N,N,HCWB,Nasdaq Trader Symbol Directory
HCWC,Healthy Choice Wellness Corp. Class A Common Stock,NYSE American,N,N,HCWC,Nasdaq Trader Symbol Directory
HCXY,"Hercules Capital, Inc. 6.25% Notes due 2033",NYSE,N,N,HCXY,Nasdaq Trader Symbol Directory
HD,"Home Depot, Inc. (The) Common Stock",NYSE,N,N,HD,Nasdaq Trader Symbol Directory
HDB,HDFC Bank Limited Common Stock,NYSE,N,N,HDB,Nasdaq Trader Symbol Directory
HDRN,"Hadron Energy, Inc. - Common Stock",NASDAQ,N,N,HDRN,Nasdaq Trader Symbol Directory
HDSN,"Hudson Technologies, Inc. - Common Stock",NASDAQ,N,N,HDSN,Nasdaq Trader Symbol Directory
HE,"Hawaiian Electric Industries, Inc. Common Stock",NYSE,N,N,HE,Nasdaq Trader Symbol Directory
HEI,Heico Corporation Common Stock,NYSE,N,N,HEI,Nasdaq Trader Symbol Directory
HEI.A,Heico Corporation Common Stock,NYSE,N,N,HEI_A,Nasdaq Trader Symbol Directory
HELE,Helen of Troy Limited - Common Stock,NASDAQ,N,N,HELE,Nasdaq Trader Symbol Directory
HELP,Cybin Inc. - Common Stock,NASDAQ,N,N,HELP,Nasdaq Trader Symbol Directory
HEQ,John Hancock Diversified Income Fund Common Shares of Beneficial Interest,NYSE,N,N,HEQ,Nasdaq Trader Symbol Directory
HERZ,"Herzfeld Credit Income Fund, Inc.  - Closed End Fund",NASDAQ,N,N,HERZ,Nasdaq Trader Symbol Directory
HESM,Hess Midstream LP Class A Representing Limited Partner Interests,NYSE,N,N,HESM,Nasdaq Trader Symbol Directory
HFBL,"Home Federal Bancorp, Inc. of Louisiana - Common Stock",NASDAQ,N,N,HFBL,Nasdaq Trader Symbol Directory
HFFG,HF Foods Group Inc. - Common Stock,NASDAQ,N,N,HFFG,Nasdaq Trader Symbol Directory
HFRO,Highland Opportunities and Income Fund Common Shares of Beneficial Interest,NYSE,N,N,HFRO,Nasdaq Trader Symbol Directory
HFWA,Heritage Financial Corporation - Common Stock,NASDAQ,N,N,HFWA,Nasdaq Trader Symbol Directory
HG,"Hamilton Insurance Group, Ltd. Class B Common Shares",NYSE,N,N,HG,Nasdaq Trader Symbol Directory
HGBL,Heritage Global Inc. - Common Stock,NASDAQ,N,N,HGBL,Nasdaq Trader Symbol Directory
HGLB,Highland Global Allocation Fund Common Stock,NYSE,N,N,HGLB,Nasdaq Trader Symbol Directory
HGTY,"Hagerty, Inc. Class A Common Stock",NYSE,N,N,HGTY,Nasdaq Trader Symbol Directory
HGV,Hilton Grand Vacations Inc. Common Stock ,NYSE,N,N,HGV,Nasdaq Trader Symbol Directory
HHH,Howard Hughes Holdings Inc. Common Stock,NYSE,N,N,HHH,Nasdaq Trader Symbol Directory
HHS,"Harte Hanks, Inc. - Common Stock",NASDAQ,N,N,HHS,Nasdaq Trader Symbol Directory
HIFS,Hingham Institution for Savings - Common Stock,NASDAQ,N,N,HIFS,Nasdaq Trader Symbol Directory
HIG,"The Hartford Insurance Group, Inc. Common Stock",NYSE,N,N,HIG,Nasdaq Trader Symbol Directory
HIHO,Highway Holdings Limited - Common Stock,NASDAQ,N,N,HIHO,Nasdaq Trader Symbol Directory
HII,"Huntington Ingalls Industries, Inc. Common Stock",NYSE,N,N,HII,Nasdaq Trader Symbol Directory
HIMS,"Hims & Hers Health, Inc. Class A Common Stock",NYSE,N,N,HIMS,Nasdaq Trader Symbol Directory
HIND,"Vyome Holdings, Inc. - Common Stock",NASDAQ,N,N,HIND,Nasdaq Trader Symbol Directory
HIO,"Western Asset High Income Opportunity Fund, Inc. Common Stock",NYSE,N,N,HIO,Nasdaq Trader Symbol Directory
HIPO,Hippo Holdings Inc. Common Stock,NYSE,N,N,HIPO,Nasdaq Trader Symbol Directory
HIT,"Health In Tech, Inc. - Class A Common Stock",NASDAQ,N,N,HIT,Nasdaq Trader Symbol Directory
HITI,High Tide Inc. - Common Shares,NASDAQ,N,N,HITI,Nasdaq Trader Symbol Directory
HIVE,HIVE Digital Technologies Ltd - Common Shares,NASDAQ,N,N,HIVE,Nasdaq Trader Symbol Directory
HIW,"Highwoods Properties, Inc. Common Stock",NYSE,N,N,HIW,Nasdaq Trader Symbol Directory
HIX,Western Asset High Income Fund II Inc. Common Stock,NYSE,N,N,HIX,Nasdaq Trader Symbol Directory
HKIT,Hitek Global Inc. - Class A Ordinary Share,NASDAQ,N,N,HKIT,Nasdaq Trader Symbol Directory
HKPD,"Cellyan Biotechnology Co., Ltd  - Class A Ordinary Shares",NASDAQ,N,N,HKPD,Nasdaq Trader Symbol Directory
HL,Hecla Mining Company Common Stock,NYSE,N,N,HL,Nasdaq Trader Symbol Directory
HLF,Herbalife Ltd. Common Shares,NYSE,N,N,HLF,Nasdaq Trader Symbol Directory
HLI,"Houlihan Lokey, Inc. Class A Common Stock",NYSE,N,N,HLI,Nasdaq Trader Symbol Directory
HLIO,"Helios Technologies, Inc. Common Stock",NYSE,N,N,HLIO,Nasdaq Trader Symbol Directory
HLIT,Harmonic Inc. - Common Stock,NASDAQ,N,N,HLIT,Nasdaq Trader Symbol Directory
HLLY,Holley Inc. Common Stock,NYSE,N,N,HLLY,Nasdaq Trader Symbol Directory
HLMN,Hillman Solutions Corp. - Common Stock,NASDAQ,N,N,HLMN,Nasdaq Trader Symbol Directory
HLNE,Hamilton Lane Incorporated - Class A Common Stock,NASDAQ,N,N,HLNE,Nasdaq Trader Symbol Directory
HLP,Hongli Group Inc. - Class A Ordinary Shares,NASDAQ,N,N,HLP,Nasdaq Trader Symbol Directory
HLT,Hilton Worldwide Holdings Inc. Common Stock ,NYSE,N,N,HLT,Nasdaq Trader Symbol Directory
HLX,"Helix Energy Solutions Group, Inc. Common Stock",NYSE,N,N,HLX,Nasdaq Trader Symbol Directory
HMC,"Honda Motor Company, Ltd. Common Stock",NYSE,N,N,HMC,Nasdaq Trader Symbol Directory
HMH,HMH Holding Inc. - Common Stock,NASDAQ,N,N,HMH,Nasdaq Trader Symbol Directory
HMN,Horace Mann Educators Corporation Common Stock,NYSE,N,N,HMN,Nasdaq Trader Symbol Directory
HMR,Heidmar Maritime Holdings Corp. - Common Stock,NASDAQ,N,N,HMR,Nasdaq Trader Symbol Directory
HMY,Harmony Gold Mining Company Limited,NYSE,N,N,HMY,Nasdaq Trader Symbol Directory
HNGE,"Hinge Health, Inc. Class A Common Stock",NYSE,N,N,HNGE,Nasdaq Trader Symbol Directory
HNI,HNI Corporation Common Stock,NYSE,N,N,HNI,Nasdaq Trader Symbol Directory
HNNA,"Hennessy Advisors, Inc. - Common Stock",NASDAQ,N,N,HNNA,Nasdaq Trader Symbol Directory
HNRG,Hallador Energy Company - Common Stock,NASDAQ,N,N,HNRG,Nasdaq Trader Symbol Directory
HNST,"The Honest Company, Inc. - Common Stock",NASDAQ,N,N,HNST,Nasdaq Trader Symbol Directory
HNVR,"Hanover Bancorp, Inc. - Common Stock",NASDAQ,N,N,HNVR,Nasdaq Trader Symbol Directory
HODO,House of Doge Inc. - Common Stock,NASDAQ,N,N,HODO,Nasdaq Trader Symbol Directory
HOFT,Hooker Furnishings Corporation - Common Stock,NASDAQ,N,N,HOFT,Nasdaq Trader Symbol Directory
HOG,"Harley-Davidson, Inc. Common Stock",NYSE,N,N,HOG,Nasdaq Trader Symbol Directory
HOLO,MicroCloud Hologram Inc. - Ordinary Shares,NASDAQ,N,N,HOLO,Nasdaq Trader Symbol Directory
HOMB,"Home BancShares, Inc. Common Stock",NYSE,N,N,HOMB,Nasdaq Trader Symbol Directory
HON,Honeywell International Inc. - Common Stock,NASDAQ,N,N,HON,Nasdaq Trader Symbol Directory
HONA,Honeywell Aerospace Inc. - Common Stock,NASDAQ,N,N,HONA,Nasdaq Trader Symbol Directory
HOOD,"Robinhood Markets, Inc. - Class A Common Stock",NASDAQ,N,N,HOOD,Nasdaq Trader Symbol Directory
HOPE,"Hope Bancorp, Inc. - Common Stock",NASDAQ,N,N,HOPE,Nasdaq Trader Symbol Directory
HOUR,"Hour Loop, Inc. - common stock",NASDAQ,N,N,HOUR,Nasdaq Trader Symbol Directory
HOV,"Hovnanian Enterprises, Inc. Class A Common Stock",NYSE,N,N,HOV,Nasdaq Trader Symbol Directory
HOVR,New Horizon Aircraft Ltd. - Class A Ordinary Shares,NASDAQ,N,N,HOVR,Nasdaq Trader Symbol Directory
HOWL,"Werewolf Therapeutics, Inc. - Common Stock",NASDAQ,N,N,HOWL,Nasdaq Trader Symbol Directory
HP,"Helmerich & Payne, Inc. Common Stock",NYSE,N,N,HP,Nasdaq Trader Symbol Directory
HPAI,Helport AI Limited - Ordinary Shares,NASDAQ,N,N,HPAI,Nasdaq Trader Symbol Directory
HPE,Hewlett Packard Enterprise Company Common Stock,NYSE,N,N,HPE,Nasdaq Trader Symbol Directory
HPF,John Hancock Pfd Income Fund II Pfd Income Fund II,NYSE,N,N,HPF,Nasdaq Trader Symbol Directory
HPK,"HighPeak Energy, Inc. - Common Stock",NASDAQ,N,N,HPK,Nasdaq Trader Symbol Directory
HPP,"Hudson Pacific Properties, Inc. Common Stock",NYSE,N,N,HPP,Nasdaq Trader Symbol Directory
HPQ,HP Inc. Common Stock,NYSE,N,N,HPQ,Nasdaq Trader Symbol Directory
HQ,Horizon Quantum Holdings Ltd. - Class A Ordinary Shares,NASDAQ,N,N,HQ,Nasdaq Trader Symbol Directory
HQH,abrdn Healthcare Investors Shares of Beneficial Interest,NYSE,N,N,HQH,Nasdaq Trader Symbol Directory
HQI,"HireQuest, Inc. - Common Stock",NASDAQ,N,N,HQI,Nasdaq Trader Symbol Directory
HQL,abrdn Life Sciences Investors Shares of Beneficial Interest,NYSE,N,N,HQL,Nasdaq Trader Symbol Directory
HQY,"HealthEquity, Inc. - Common Stock",NASDAQ,N,N,HQY,Nasdaq Trader Symbol Directory
HR,Healthcare Realty Trust Incorporated Common Stock,NYSE,N,N,HR,Nasdaq Trader Symbol Directory
HRB,"H&R Block, Inc. Common Stock",NYSE,N,N,HRB,Nasdaq Trader Symbol Directory
HRI,Herc Holdings Inc. Common Stock ,NYSE,N,N,HRI,Nasdaq Trader Symbol Directory
HRL,Hormel Foods Corporation Common Stock,NYSE,N,N,HRL,Nasdaq Trader Symbol Directory
HRMY,"Harmony Biosciences Holdings, Inc. - Common Stock",NASDAQ,N,N,HRMY,Nasdaq Trader Symbol Directory
HROW,"Harrow, Inc. - Common Stock",NASDAQ,N,N,HROW,Nasdaq Trader Symbol Directory
HRTG,"Heritage Insurance Holdings, Inc. Common Stock",NYSE,N,N,HRTG,Nasdaq Trader Symbol Directory
HRTX,"Heron Therapeutics, Inc.   - Common Stock",NASDAQ,N,N,HRTX,Nasdaq Trader Symbol Directory
HRZN,Horizon Technology Finance Corporation - Common Stock,NASDAQ,N,N,HRZN,Nasdaq Trader Symbol Directory
HSBC,"HSBC Holdings, plc. Common Stock",NYSE,N,N,HSBC,Nasdaq Trader Symbol Directory
HSCS,HeartSciences Inc. - Common Stock,NASDAQ,N,N,HSCS,Nasdaq Trader Symbol Directory
HSDT,Solana Company - Class A Common Stock,NASDAQ,N,N,HSDT,Nasdaq Trader Symbol Directory
HSHP,Himalaya Shipping Ltd. Common Shares,NYSE,N,N,HSHP,Nasdaq Trader Symbol Directory
HSIC,"Henry Schein, Inc. - Common Stock",NASDAQ,N,N,HSIC,Nasdaq Trader Symbol Directory
HSLV,Highlander Silver Corp. Common Shares,NYSE American,N,N,HSLV,Nasdaq Trader Symbol Directory
HST,"Host Hotels & Resorts, Inc. - Common Stock",NASDAQ,N,N,HST,Nasdaq Trader Symbol Directory
HSTM,"HealthStream, Inc. - Common Stock",NASDAQ,N,N,HSTM,Nasdaq Trader Symbol Directory
HSY,The Hershey Company Common Stock,NYSE,N,N,HSY,Nasdaq Trader Symbol Directory
HTB,"HomeTrust Bancshares, Inc. Common Stock",NYSE,N,N,HTB,Nasdaq Trader Symbol Directory
HTCO,High-Trend International Group - Class A Ordinary Shares,NASDAQ,N,N,HTCO,Nasdaq Trader Symbol Directory
HTCR,"Heartcore Enterprises, Inc. - Common Stock",NASDAQ,N,N,HTCR,Nasdaq Trader Symbol Directory
HTD,John Hancock Tax Advantaged Dividend Income Fund Common Shares of Beneficial Interest,NYSE,N,N,HTD,Nasdaq Trader Symbol Directory
HTFC,Horizon Technology Finance Corporation 6.25% Notes due 2027,NYSE,N,N,HTFC,Nasdaq Trader Symbol Directory
HTFL,"Heartflow, Inc. - Common Stock",NASDAQ,N,N,HTFL,Nasdaq Trader Symbol Directory
HTGC,"Hercules Capital, Inc. Common Stock",NYSE,N,N,HTGC,Nasdaq Trader Symbol Directory
HTH,Hilltop Holdings Inc.,NYSE,N,N,HTH,Nasdaq Trader Symbol Directory
HTLD,"Heartland Express, Inc. - Common Stock",NASDAQ,N,N,HTLD,Nasdaq Trader Symbol Directory
HTLM,HomesToLife Ltd - Ordinary Shares,NASDAQ,N,N,HTLM,Nasdaq Trader Symbol Directory
HTO,H2O America  - Common Stock,NASDAQ,N,N,HTO,Nasdaq Trader Symbol Directory
HTOO,Fusion Fuel Green PLC - Ordinary Shares,NASDAQ,N,N,HTOO,Nasdaq Trader Symbol Directory
HTZ,"Hertz Global Holdings, Inc - Common Stock",NASDAQ,N,N,HTZ,Nasdaq Trader Symbol Directory
HUBB,Hubbell Inc Common Stock,NYSE,N,N,HUBB,Nasdaq Trader Symbol Directory
HUBC,Hub Cyber Security Ltd. - Ordinary Shares,NASDAQ,N,N,HUBC,Nasdaq Trader Symbol Directory
HUBG,"Hub Group, Inc. - Class A Common Stock",NASDAQ,N,N,HUBG,Nasdaq Trader Symbol Directory
HUBS,"HubSpot, Inc. Common Stock",NYSE,N,N,HUBS,Nasdaq Trader Symbol Directory
HUDI,"Huadi International Group Co., Ltd. - Ordinary Shares",NASDAQ,N,N,HUDI,Nasdaq Trader Symbol Directory
HUHU,HUHUTECH International Group Inc. - Ordinary Shares,NASDAQ,N,N,HUHU,Nasdaq Trader Symbol Directory
HUM,Humana Inc. Common Stock,NYSE,N,N,HUM,Nasdaq Trader Symbol Directory
HUMA,"Humacyte, Inc. - Common Stock",NASDAQ,N,N,HUMA,Nasdaq Trader Symbol Directory
HUN,Huntsman Corporation Common Stock,NYSE,N,N,HUN,Nasdaq Trader Symbol Directory
HURA,"TuHURA Biosciences, Inc. - Common Stock",NASDAQ,N,N,HURA,Nasdaq Trader Symbol Directory
HURC,"Hurco Companies, Inc. - Common Stock",NASDAQ,N,N,HURC,Nasdaq Trader Symbol Directory
HURN,Huron Consulting Group Inc. - Common Stock,NASDAQ,N,N,HURN,Nasdaq Trader Symbol Directory
HUT,Hut 8 Corp. - Common Stock,NASDAQ,N,N,HUT,Nasdaq Trader Symbol Directory
HVII,Hennessy Capital Investment Corp. VII - Ordinary Shares,NASDAQ,N,N,HVII,Nasdaq Trader Symbol Directory
HVMC,Highview Merger Corp. - Class A Ordinary Share,NASDAQ,N,N,HVMC,Nasdaq Trader Symbol Directory
HVT,"Haverty Furniture Companies, Inc. Common Stock",NYSE,N,N,HVT,Nasdaq Trader Symbol Directory
HVT.A,"Haverty Furniture Companies, Inc. Common Stock",NYSE,N,N,HVT_A,Nasdaq Trader Symbol Directory
HWBK,"Hawthorn Bancshares, Inc. - Common Stock",NASDAQ,N,N,HWBK,Nasdaq Trader Symbol Directory
HWC,Hancock Whitney Corporation - Common Stock,NASDAQ,N,N,HWC,Nasdaq Trader Symbol Directory
HWCPZ,Hancock Whitney Corporation - 6.25% Subordinated Notes due 2060,NASDAQ,N,N,HWCPZ,Nasdaq Trader Symbol Directory
HWH,HWH International Inc. - Common Stock,NASDAQ,N,N,HWH,Nasdaq Trader Symbol Directory
HWKN,"Hawkins, Inc. - Common Stock",NASDAQ,N,N,HWKN,Nasdaq Trader Symbol Directory
HWM,Howmet Aerospace Inc. Common Stock,NYSE,N,N,HWM,Nasdaq Trader Symbol Directory
HXHX,Haoxin Holdings Limited - Class A Ordinary Shares,NASDAQ,N,N,HXHX,Nasdaq Trader Symbol Directory
HXL,Hexcel Corporation Common Stock,NYSE,N,N,HXL,Nasdaq Trader Symbol Directory
HY,"Hyster-Yale, Inc. Class A common stock",NYSE,N,N,HY,Nasdaq Trader Symbol Directory
HYFM,"Hydrofarm Holdings Group, Inc. - Common Stock",NASDAQ,N,N,HYFM,Nasdaq Trader Symbol Directory
HYFT,MindWalk Holdings Corp. - Common Stock,NASDAQ,N,N,HYFT,Nasdaq Trader Symbol Directory
HYI,Western Asset High Yield Opportunity Fund Inc. Common Stock,NYSE,N,N,HYI,Nasdaq Trader Symbol Directory
HYLN,Hyliion Holdings Corp. Class A Common Stock,NYSE American,N,N,HYLN,Nasdaq Trader Symbol Directory
HYMC,Hycroft Mining Holding Corporation - Class A Common Stock,NASDAQ,N,N,HYMC,Nasdaq Trader Symbol Directory
HYNE,"Hoyne Bancorp, Inc. - Common Stock",NASDAQ,N,N,HYNE,Nasdaq Trader Symbol Directory
HYPD,"Hyperion DeFi, Inc. - Common Stock",NASDAQ,N,N,HYPD,Nasdaq Trader Symbol Directory
HYPR,"Hyperfine, Inc.  - Class A Common Stock",NASDAQ,N,N,HYPR,Nasdaq Trader Symbol Directory
HYT,"Blackrock Corporate High Yield Fund, Inc. Common Stock",NYSE,N,N,HYT,Nasdaq Trader Symbol Directory
HZO,"MarineMax, Inc.  (FL) Common Stock",NYSE,N,N,HZO,Nasdaq Trader Symbol Directory
IA,"Innovative Solutions and Support, Inc. - Common Stock",NASDAQ,N,N,IA,Nasdaq Trader Symbol Directory
IAE,Voya Asia Pacific High Dividend Equity Income Fund ING Asia Pacific High Dividend Equity Income Fund Common Shares of Beneficial Interest,NYSE,N,N,IAE,Nasdaq Trader Symbol Directory
IAF,"abrdn Australia Equity Fund, Inc. Common Stock",NYSE American,N,N,IAF,Nasdaq Trader Symbol Directory
IAG,Iamgold Corporation Ordinary Shares,NYSE,N,N,IAG,Nasdaq Trader Symbol Directory
IART,Integra LifeSciences Holdings Corporation - Common Stock,NASDAQ,N,N,IART,Nasdaq Trader Symbol Directory
IAUX,i-80 Gold Corp. Common Shares,NYSE American,N,N,IAUX,Nasdaq Trader Symbol Directory
IBCP,Independent Bank Corporation - Common Stock,NASDAQ,N,N,IBCP,Nasdaq Trader Symbol Directory
IBEX,IBEX Limited - Common Share,NASDAQ,N,N,IBEX,Nasdaq Trader Symbol Directory
IBG,Innovation Beverage Group Limited - Ordinary Shares,NASDAQ,N,N,IBG,Nasdaq Trader Symbol Directory
IBIO,"iBio, Inc. - Common Stock",NASDAQ,N,N,IBIO,Nasdaq Trader Symbol Directory
IBKR,"Interactive Brokers Group, Inc. - Class A Common Stock",NASDAQ,N,N,IBKR,Nasdaq Trader Symbol Directory
IBM,International Business Machines Corporation Common Stock,NYSE,N,N,IBM,Nasdaq Trader Symbol Directory
IBN,ICICI Bank Limited Common Stock,NYSE,N,N,IBN,Nasdaq Trader Symbol Directory
IBO,"Impact BioMedical, Inc. Common Stock",NYSE American,N,N,IBO,Nasdaq Trader Symbol Directory
IBOC,International Bancshares Corporation - Common Stock,NASDAQ,N,N,IBOC,Nasdaq Trader Symbol Directory
IBP,"Installed Building Products, Inc. Common Stock",NYSE,N,N,IBP,Nasdaq Trader Symbol Directory
IBRX,"ImmunityBio, Inc. - Common Stock",NASDAQ,N,N,IBRX,Nasdaq Trader Symbol Directory
IBTA,"Ibotta, Inc. Class A Common Stock",NYSE,N,N,IBTA,Nasdaq Trader Symbol Directory
ICCC,ImmuCell Corporation - Common Stock,NASDAQ,N,N,ICCC,Nasdaq Trader Symbol Directory
ICCM,IceCure Medical Ltd. - Ordinary Shares,NASDAQ,N,N,ICCM,Nasdaq Trader Symbol Directory
ICE,Intercontinental Exchange Inc. Common Stock,NYSE,N,N,ICE,Nasdaq Trader Symbol Directory
ICFI,"ICF International, Inc. - Common Stock",NASDAQ,N,N,ICFI,Nasdaq Trader Symbol Directory
ICHR,Ichor Holdings - Ordinary Shares,NASDAQ,N,N,ICHR,Nasdaq Trader Symbol Directory
ICL,ICL Group Ltd. Ordinary Shares,NYSE,N,N,ICL,Nasdaq Trader Symbol Directory
ICLR,ICON plc - Ordinary Shares,NASDAQ,N,N,ICLR,Nasdaq Trader Symbol Directory
ICMB,"Investcorp Credit Management BDC, Inc. - Common Stock",NASDAQ,N,N,ICMB,Nasdaq Trader Symbol Directory
ICON,Icon Energy Corp. - Common stock,NASDAQ,N,N,ICON,Nasdaq Trader Symbol Directory
ICU,SeaStar Medical Holding Corporation - Common Stock,NASDAQ,N,N,ICU,Nasdaq Trader Symbol Directory
ICUI,"ICU Medical, Inc. - Common Stock",NASDAQ,N,N,ICUI,Nasdaq Trader Symbol Directory
IDA,"IDACORP, Inc. Common Stock",NYSE,N,N,IDA,Nasdaq Trader Symbol Directory
IDAC,Iron Dome Acquisition I Corp. - Class A Ordinary Shares,NASDAQ,N,N,IDAC,Nasdaq Trader Symbol Directory
IDAI,T Stamp Inc. - Class A Common Stock,NASDAQ,N,N,IDAI,Nasdaq Trader Symbol Directory
IDCC,"InterDigital, Inc. - Common Stock",NASDAQ,N,N,IDCC,Nasdaq Trader Symbol Directory
IDE,"Voya Infrastructure, Industrials and Materials Fund Common Shares of Beneficial Interest",NYSE,N,N,IDE,Nasdaq Trader Symbol Directory
IDN,"Intellicheck, Inc. - Common Stock",NASDAQ,N,N,IDN,Nasdaq Trader Symbol Directory
IDR,"Idaho Strategic Resources, Inc. Common Stock",NYSE American,N,N,IDR,Nasdaq Trader Symbol Directory
IDT,IDT Corporation Class B Common Stock,NYSE,N,N,IDT,Nasdaq Trader Symbol Directory
IDXX,"IDEXX Laboratories, Inc. - Common Stock",NASDAQ,N,N,IDXX,Nasdaq Trader Symbol Directory
IDYA,"IDEAYA Biosciences, Inc. - Common Stock",NASDAQ,N,N,IDYA,Nasdaq Trader Symbol Directory
IE,Ivanhoe Electric Inc. Common Stock,NYSE American,N,N,IE,Nasdaq Trader Symbol Directory
IESC,"IES Holdings, Inc. - Common Stock",NASDAQ,N,N,IESC,Nasdaq Trader Symbol Directory
IEX,IDEX Corporation Common Stock,NYSE,N,N,IEX,Nasdaq Trader Symbol Directory
IFBD,"Infobird Co., Ltd - Ordinary Shares",NASDAQ,N,N,IFBD,Nasdaq Trader Symbol Directory
IFF,"International Flavors & Fragrances, Inc. Common Stock",NYSE,N,N,IFF,Nasdaq Trader Symbol Directory
IFN,"Aberdeen India Fund, Inc. Common Stock",NYSE,N,N,IFN,Nasdaq Trader Symbol Directory
IFRX,InflaRx N.V. - Common Stock,NASDAQ,N,N,IFRX,Nasdaq Trader Symbol Directory
IFS,Intercorp Financial Services Inc. Common Shares,NYSE,N,N,IFS,Nasdaq Trader Symbol Directory
IGA,Voya Global Advantage and Premium Opportunity Fund Common Shares of Beneficial Interest,NYSE,N,N,IGA,Nasdaq Trader Symbol Directory
IGC,"IGC Pharma, Inc. Common Stock",NYSE American,N,N,IGC,Nasdaq Trader Symbol Directory
IGD,Voya Global Equity Dividend and Premium Opportunity Fund,NYSE,N,N,IGD,Nasdaq Trader Symbol Directory
IGI,Western Asset Investment Grade Opportunity Trust Inc. Common Stock,NYSE,N,N,IGI,Nasdaq Trader Symbol Directory
IGIC,International General Insurance Holdings Ltd. - Ordinary Shares,NASDAQ,N,N,IGIC,Nasdaq Trader Symbol Directory
IGR,CBRE Global Real Estate Income Fund Common Shares of Beneficial Interest,NYSE,N,N,IGR,Nasdaq Trader Symbol Directory
IHD,Voya Emerging Markets High Income Dividend Equity Fund Common Shares,NYSE,N,N,IHD,Nasdaq Trader Symbol Directory
IHRT,"iHeartMedia, Inc. - Class A Common Stock",NASDAQ,N,N,IHRT,Nasdaq Trader Symbol Directory
IHS,IHS Holding Limited Ordinary Shares,NYSE,N,N,IHS,Nasdaq Trader Symbol Directory
IHT,InnSuites Hospitality Trust Shares of Beneficial Interest,NYSE American,N,N,IHT,Nasdaq Trader Symbol Directory
IIF,"Morgan Stanley India Investment Fund, Inc. Common Stock",NYSE,N,N,IIF,Nasdaq Trader Symbol Directory
III,"Information Services Group, Inc. - Common Stock",NASDAQ,N,N,III,Nasdaq Trader Symbol Directory
IIIN,"Insteel Industries, Inc. Common Stock",NYSE,N,N,IIIN,Nasdaq Trader Symbol Directory
IIIV,"i3 Verticals, Inc. - Common Stock",NASDAQ,N,N,IIIV,Nasdaq Trader Symbol Directory
IIM,Invesco Value Municipal Income Trust Common Stock,NYSE,N,N,IIM,Nasdaq Trader Symbol Directory
IIPR,"Innovative Industrial Properties, Inc. Common Stock",NYSE,N,N,IIPR,Nasdaq Trader Symbol Directory
IKT,"Inhibikase Therapeutics, Inc. - Common Stock",NASDAQ,N,N,IKT,Nasdaq Trader Symbol Directory
ILAG,Intelligent Living Application Group Inc. - Ordinary Shares,NASDAQ,N,N,ILAG,Nasdaq Trader Symbol Directory
ILLR,Triller Group Inc. - Common Stock,NASDAQ,N,N,ILLR,Nasdaq Trader Symbol Directory
ILMN,"Illumina, Inc. - Common Stock",NASDAQ,N,N,ILMN,Nasdaq Trader Symbol Directory
ILPT,Industrial Logistics Properties Trust - Common Shares of Beneficial Interest,NASDAQ,N,N,ILPT,Nasdaq Trader Symbol Directory
IMA,"ImageneBio, Inc. - Common Stock",NASDAQ,N,N,IMA,Nasdaq Trader Symbol Directory
IMAX,Imax Corporation Common Stock,NYSE,N,N,IMAX,Nasdaq Trader Symbol Directory
IMC,IMC Rare Earths Ltd Ordinary Shares,NYSE American,N,N,IMC,Nasdaq Trader Symbol Directory
IMCC,IM Cannabis Corp. - Common Shares,NASDAQ,N,N,IMCC,Nasdaq Trader Symbol Directory
IMDX,Insight Molecular Diagnostics Inc. - Common Stock,NASDAQ,N,N,IMDX,Nasdaq Trader Symbol Directory
IMKTA,"Ingles Markets, Incorporated - Class A Common Stock",NASDAQ,N,N,IMKTA,Nasdaq Trader Symbol Directory
IMMR,Immersion Corporation - Common Stock,NASDAQ,N,N,IMMR,Nasdaq Trader Symbol Directory
IMMX,"Immix Biopharma, Inc. - Common Stock",NASDAQ,N,N,IMMX,Nasdaq Trader Symbol Directory
IMNM,"Immunome, Inc. - Common Stock",NASDAQ,N,N,IMNM,Nasdaq Trader Symbol Directory
IMNN,"Imunon, Inc. - Common Stock",NASDAQ,N,N,IMNN,Nasdaq Trader Symbol Directory
IMO,Imperial Oil Limited Common Stock,NYSE American,N,N,IMO,Nasdaq Trader Symbol Directory
IMPP,Imperial Petroleum Inc. - Common Shares,NASDAQ,N,N,IMPP,Nasdaq Trader Symbol Directory
IMRX,Immuneering Corporation - Class A Common Stock,NASDAQ,N,N,IMRX,Nasdaq Trader Symbol Directory
IMSR,Terrestrial Energy Inc. - Common Stock,NASDAQ,N,N,IMSR,Nasdaq Trader Symbol Directory
IMTE,Integrated Media Technology Limited - Ordinary Shares,NASDAQ,N,N,IMTE,Nasdaq Trader Symbol Directory
IMTX,Immatics N.V. - Ordinary Shares,NASDAQ,N,N,IMTX,Nasdaq Trader Symbol Directory
IMUX,"Immunic, Inc.  - Common Stock",NASDAQ,N,N,IMUX,Nasdaq Trader Symbol Directory
IMVT,"Immunovant, Inc.  - Common Stock",NASDAQ,N,N,IMVT,Nasdaq Trader Symbol Directory
IMXI,"International Money Express, Inc. - Common Stock",NASDAQ,N,N,IMXI,Nasdaq Trader Symbol Directory
INAB,"IN8bio, Inc. - Common Stock",NASDAQ,N,N,INAB,Nasdaq Trader Symbol Directory
INBK,First Internet Bancorp - Common Stock,NASDAQ,N,N,INBK,Nasdaq Trader Symbol Directory
INBKZ,First Internet Bancorp - Fixed-to-Floating Rate Subordinated Notes Due 2029,NASDAQ,N,N,INBKZ,Nasdaq Trader Symbol Directory
INBS,Intelligent Bio Solutions Inc.  - Common Stock,NASDAQ,N,N,INBS,Nasdaq Trader Symbol Directory
INBX,"Inhibrx Biosciences, Inc. - Common Stock",NASDAQ,N,N,INBX,Nasdaq Trader Symbol Directory
INCR,Intercure Ltd. - ordinary shares,NASDAQ,N,N,INCR,Nasdaq Trader Symbol Directory
INCY,Incyte Corporation - Common Stock,NASDAQ,N,N,INCY,Nasdaq Trader Symbol Directory
INDB,Independent Bank Corp. - Common Stock,NASDAQ,N,N,INDB,Nasdaq Trader Symbol Directory
INDI,"indie Semiconductor, Inc. - Class A Common Stock",NASDAQ,N,N,INDI,Nasdaq Trader Symbol Directory
INDO,Indonesia Energy Corporation Limited Ordinary Shares,NYSE American,N,N,INDO,Nasdaq Trader Symbol Directory
INDP,"Indaptus Therapeutics, Inc. - Common Stock",NASDAQ,N,N,INDP,Nasdaq Trader Symbol Directory
INDV,"Indivior Pharmaceuticals, Inc.  - Common Stock",NASDAQ,N,N,INDV,Nasdaq Trader Symbol Directory
INEO,INNEOVA Holdings Limited - Class A Ordinary Shares,NASDAQ,N,N,INEO,Nasdaq Trader Symbol Directory
INFQ,"Infleqtion, Inc. Common Stock",NYSE,N,N,INFQ,Nasdaq Trader Symbol Directory
INFU,"InfuSystems Holdings, Inc. Common Stock",NYSE American,N,N,INFU,Nasdaq Trader Symbol Directory
ING,"ING Group, N.V. Common Stock",NYSE,N,N,ING,Nasdaq Trader Symbol Directory
INGM,Ingram Micro Holding Corporation Common Stock,NYSE,N,N,INGM,Nasdaq Trader Symbol Directory
INGN,"Inogen, Inc - Common Stock",NASDAQ,N,N,INGN,Nasdaq Trader Symbol Directory
INGR,Ingredion Incorporated Common Stock,NYSE,N,N,INGR,Nasdaq Trader Symbol Directory
INHD,Inno Holdings Inc. - Common Stock,NASDAQ,N,N,INHD,Nasdaq Trader Symbol Directory
INIO,INNIO N.V. - Ordinary Shares,NASDAQ,N,N,INIO,Nasdaq Trader Symbol Directory
INKT,"MiNK Therapeutics, Inc. - Common Stock",NASDAQ,N,N,INKT,Nasdaq Trader Symbol Directory
INLF,INLIF LIMITED - Class A Ordinary shares,NASDAQ,N,N,INLF,Nasdaq Trader Symbol Directory
INLX,"Intellinetics, Inc. Common Stock",NYSE American,N,N,INLX,Nasdaq Trader Symbol Directory
INM,InMed Pharmaceuticals Inc. - Common Shares,NASDAQ,N,N,INM,Nasdaq Trader Symbol Directory
INMB,INmune Bio Inc. - Common stock,NASDAQ,N,N,INMB,Nasdaq Trader Symbol Directory
INMD,InMode Ltd.  - Ordinary Shares,NASDAQ,N,N,INMD,Nasdaq Trader Symbol Directory
INN,"Summit Hotel Properties, Inc. Common Stock",NYSE,N,N,INN,Nasdaq Trader Symbol Directory
INNV,InnovAge Holding Corp. - Common Stock,NASDAQ,N,N,INNV,Nasdaq Trader Symbol Directory
INO,"Inovio Pharmaceuticals, Inc. - Common Stock",NASDAQ,N,N,INO,Nasdaq Trader Symbol Directory
INOD,Innodata Inc. - Common Stock,NASDAQ,N,N,INOD,Nasdaq Trader Symbol Directory
INR,"Infinity Natural Resources, Inc. Class A Common Stock",NYSE,N,N,INR,Nasdaq Trader Symbol Directory
INSE,"Inspired Entertainment, Inc. - Common Stock",NASDAQ,N,N,INSE,Nasdaq Trader Symbol Directory
INSG,Inseego Corp. - Common Stock,NASDAQ,N,N,INSG,Nasdaq Trader Symbol Directory
INSM,Insmed Incorporated - Common Stock,NASDAQ,N,N,INSM,Nasdaq Trader Symbol Directory
INSP,"Inspire Medical Systems, Inc. Common Stock",NYSE,N,N,INSP,Nasdaq Trader Symbol Directory
INSW,"International Seaways, Inc. Common Stock ",NYSE,N,N,INSW,Nasdaq Trader Symbol Directory
INTA,"Intapp, Inc. - Common Stock",NASDAQ,N,N,INTA,Nasdaq Trader Symbol Directory
INTC,Intel Corporation - Common Stock,NASDAQ,N,N,INTC,Nasdaq Trader Symbol Directory
INTG,The Intergroup Corporation - Common Stock,NASDAQ,N,N,INTG,Nasdaq Trader Symbol Directory
INTJ,Intelligent Group Limited - Class A Ordinary Shares,NASDAQ,N,N,INTJ,Nasdaq Trader Symbol Directory
INTR,Inter & Co. Inc. - Class A Common Shares,NASDAQ,N,N,INTR,Nasdaq Trader Symbol Directory
INTS,"Intensity Therapeutics, Inc. - Common Stock",NASDAQ,N,N,INTS,Nasdaq Trader Symbol Directory
INTT,inTest Corporation Common Stock,NYSE American,N,N,INTT,Nasdaq Trader Symbol Directory
INTU,Intuit Inc. - Common Stock,NASDAQ,N,N,INTU,Nasdaq Trader Symbol Directory
INTZ,Intrusion Inc. - Common Stock,NASDAQ,N,N,INTZ,Nasdaq Trader Symbol Directory
INUV,"Inuvo, Inc.",NYSE American,N,N,INUV,Nasdaq Trader Symbol Directory
INV,"Innventure, Inc. - Common Stock",NASDAQ,N,N,INV,Nasdaq Trader Symbol Directory
INVA,"Innoviva, Inc. - Common Stock",NASDAQ,N,N,INVA,Nasdaq Trader Symbol Directory
INVE,"Identiv, Inc. - Common Stock",NASDAQ,N,N,INVE,Nasdaq Trader Symbol Directory
INVH,Invitation Homes Inc. Common Stock,NYSE,N,N,INVH,Nasdaq Trader Symbol Directory
INVX,"Innovex International, Inc. Common Stock",NYSE,N,N,INVX,Nasdaq Trader Symbol Directory
INVZ,Innoviz Technologies Ltd. - Ordinary shares,NASDAQ,N,N,INVZ,Nasdaq Trader Symbol Directory
IOND,Ionic Digital Inc. - Class A Common Stock,NASDAQ,N,N,IOND,Nasdaq Trader Symbol Directory
IONQ,"IonQ, Inc. Common Stock",NYSE,N,N,IONQ,Nasdaq Trader Symbol Directory
IONS,"Ionis Pharmaceuticals, Inc. - Common Stock",NASDAQ,N,N,IONS,Nasdaq Trader Symbol Directory
IOR,"Income Opportunity Realty Investors, Inc. Common Stock",NYSE American,N,N,IOR,Nasdaq Trader Symbol Directory
IOSP,Innospec Inc. - Common Stock,NASDAQ,N,N,IOSP,Nasdaq Trader Symbol Directory
IOT,Samsara Inc. Class A Common Stock,NYSE,N,N,IOT,Nasdaq Trader Symbol Directory
IOTR,iOThree Limited - Ordinary Shares,NASDAQ,N,N,IOTR,Nasdaq Trader Symbol Directory
IOVA,"Iovance Biotherapeutics, Inc. - Common Stock",NASDAQ,N,N,IOVA,Nasdaq Trader Symbol Directory
IP,International Paper Company Common Stock,NYSE,N,N,IP,Nasdaq Trader Symbol Directory
IPAR,"Interparfums, Inc. - Common Stock",NASDAQ,N,N,IPAR,Nasdaq Trader Symbol Directory
IPDN,"Professional Diversity Network, Inc. - Common Stock",NASDAQ,N,N,IPDN,Nasdaq Trader Symbol Directory
IPGP,IPG Photonics Corporation - Common Stock,NASDAQ,N,N,IPGP,Nasdaq Trader Symbol Directory
IPI,"Intrepid Potash, Inc Common Stock",NYSE,N,N,IPI,Nasdaq Trader Symbol Directory
IPM,Intelligent Protection Management Corp.  - Common Stock,NASDAQ,N,N,IPM,Nasdaq Trader Symbol Directory
IPSC,"Century Therapeutics, Inc. - Common Stock",NASDAQ,N,N,IPSC,Nasdaq Trader Symbol Directory
IPST,"IP Strategy Holdings, Inc. - Common Stock",NASDAQ,N,N,IPST,Nasdaq Trader Symbol Directory
IPVV,"InterPrivate Investment Partners V, Inc. - Class A Ordinary Shares",NASDAQ,N,N,IPVV,Nasdaq Trader Symbol Directory
IPW,iPower Inc. - Common Stock,NASDAQ,N,N,IPW,Nasdaq Trader Symbol Directory
IPWR,Ideal Power Inc. - Common Stock,NASDAQ,N,N,IPWR,Nasdaq Trader Symbol Directory
IQI,Invesco Quality Municipal Income Trust Common Stock,NYSE,N,N,IQI,Nasdaq Trader Symbol Directory
IQST,iQSTEL Inc. - Common Stock,NASDAQ,N,N,IQST,Nasdaq Trader Symbol Directory
IQV,"IQVIA Holdings, Inc. Common Stock",NYSE,N,N,IQV,Nasdaq Trader Symbol Directory
IR,Ingersoll Rand Inc. Common Stock,NYSE,N,N,IR,Nasdaq Trader Symbol Directory
IRD,"Opus Genetics, Inc. - Common Stock",NASDAQ,N,N,IRD,Nasdaq Trader Symbol Directory
IRDM,Iridium Communications Inc - Common Stock,NASDAQ,N,N,IRDM,Nasdaq Trader Symbol Directory
IREN,IREN Limited - Ordinary Shares,NASDAQ,N,N,IREN,Nasdaq Trader Symbol Directory
IRHO,Iron Horse Acquisitions II Corp. - Common Stock,NASDAQ,N,N,IRHO,Nasdaq Trader Symbol Directory
IRIX,IRIDEX Corporation - Common Stock,NASDAQ,N,N,IRIX,Nasdaq Trader Symbol Directory
IRM,Iron Mountain Incorporated (Delaware)Common Stock REIT,NYSE,N,N,IRM,Nasdaq Trader Symbol Directory
IRMD,iRadimed Corporation - Common Stock,NASDAQ,N,N,IRMD,Nasdaq Trader Symbol Directory
IRON,"Disc Medicine, Inc. - Common Stock",NASDAQ,N,N,IRON,Nasdaq Trader Symbol Directory
IRT,"Independence Realty Trust, Inc. Common Stock",NYSE,N,N,IRT,Nasdaq Trader Symbol Directory
IRTC,"iRhythm Holdings, Inc.  - Common Stock",NASDAQ,N,N,IRTC,Nasdaq Trader Symbol Directory
IRWD,"Ironwood Pharmaceuticals, Inc. - Class A Common Stock",NASDAQ,N,N,IRWD,Nasdaq Trader Symbol Directory
ISBA,Isabella Bank Corporation - Common stock,NASDAQ,N,N,ISBA,Nasdaq Trader Symbol Directory
ISD,"PGIM High Yield Bond Fund, Inc.",NYSE,N,N,ISD,Nasdaq Trader Symbol Directory
ISOU,IsoEnergy Ltd. Common Shares,NYSE American,N,N,ISOU,Nasdaq Trader Symbol Directory
ISPC,iSpecimen Inc. - Common Stock,NASDAQ,N,N,ISPC,Nasdaq Trader Symbol Directory
ISPR,Ispire Technology Inc. - Common Stock,NASDAQ,N,N,ISPR,Nasdaq Trader Symbol Directory
ISRG,"Intuitive Surgical, Inc. - Common Stock",NASDAQ,N,N,ISRG,Nasdaq Trader Symbol Directory
ISTR,Investar Holding Corporation - Common Stock,NASDAQ,N,N,ISTR,Nasdaq Trader Symbol Directory
IT,"Gartner, Inc. Common Stock",NYSE,N,N,IT,Nasdaq Trader Symbol Directory
ITG,"ITG, Inc. - Class A Common Stock",NASDAQ,N,N,ITG,Nasdaq Trader Symbol Directory
ITGR,Integer Holdings Corporation Common Stock,NYSE,N,N,ITGR,Nasdaq Trader Symbol Directory
ITIC,Investors Title Company - Common Stock,NASDAQ,N,N,ITIC,Nasdaq Trader Symbol Directory
ITOC,iTonic Holdings Ltd - Class A Ordinary Shares,NASDAQ,N,N,ITOC,Nasdaq Trader Symbol Directory
ITP,"IT Tech Packaging, Inc. Common Stock",NYSE American,N,N,ITP,Nasdaq Trader Symbol Directory
ITRG,Integra Resources Corp. Common Shares,NYSE American,N,N,ITRG,Nasdaq Trader Symbol Directory
ITRI,"Itron, Inc. - Common Stock",NASDAQ,N,N,ITRI,Nasdaq Trader Symbol Directory
ITRN,Ituran Location and Control Ltd. - Ordinary Shares,NASDAQ,N,N,ITRN,Nasdaq Trader Symbol Directory
ITT,ITT Inc. Common Stock ,NYSE,N,N,ITT,Nasdaq Trader Symbol Directory
ITW,Illinois Tool Works Inc. Common Stock,NYSE,N,N,ITW,Nasdaq Trader Symbol Directory
IVA,Inventiva S.A. - American Depository Shares,NASDAQ,N,N,IVA,Nasdaq Trader Symbol Directory
IVDA,"Iveda Solutions, Inc. - Common Stock",NASDAQ,N,N,IVDA,Nasdaq Trader Symbol Directory
IVF,"INVO Fertility, Inc. - Common Stock",NASDAQ,N,N,IVF,Nasdaq Trader Symbol Directory
IVR,INVESCO MORTGAGE CAPITAL INC Common Stock,NYSE,N,N,IVR,Nasdaq Trader Symbol Directory
IVT,InvenTrust Properties Corp. Common Stock,NYSE,N,N,IVT,Nasdaq Trader Symbol Directory
IVVD,"Invivyd, Inc. - Common Stock",NASDAQ,N,N,IVVD,Nasdaq Trader Symbol Directory
IVZ,Invesco Ltd Common Stock,NYSE,N,N,IVZ,Nasdaq Trader Symbol Directory
IXHL,Incannex Healthcare Inc. - Common Stock,NASDAQ,N,N,IXHL,Nasdaq Trader Symbol Directory
IZEA,"IZEA Worldwide, Inc. - Common Stock",NASDAQ,N,N,IZEA,Nasdaq Trader Symbol Directory
IZM,ICZOOM Group Inc. - Class A Ordinary Shares,NASDAQ,N,N,IZM,Nasdaq Trader Symbol Directory
J,Jacobs Solutions Inc. Common Stock,NYSE,N,N,J,Nasdaq Trader Symbol Directory
JACK,Jack In The Box Inc. - Common Stock,NASDAQ,N,N,JACK,Nasdaq Trader Symbol Directory
JACS,Jackson Acquisition Company II Class A Ordinary Shares,NYSE,N,N,JACS,Nasdaq Trader Symbol Directory
JAGU,Jaguar Uranium Corp. Class A Common Shares,NYSE American,N,N,JAGU,Nasdaq Trader Symbol Directory
JAGX,"Jaguar Health, Inc. - Common Stock",NASDAQ,N,N,JAGX,Nasdaq Trader Symbol Directory
JAKK,"JAKKS Pacific, Inc. - Common Stock",NASDAQ,N,N,JAKK,Nasdaq Trader Symbol Directory
JAN,"Janus Living, Inc. Class A-1 Common Stock",NYSE,N,N,JAN,Nasdaq Trader Symbol Directory
JANX,"Janux Therapeutics, Inc. - Common Stock",NASDAQ,N,N,JANX,Nasdaq Trader Symbol Directory
JAZZ,Jazz Pharmaceuticals plc - Ordinary Shares,NASDAQ,N,N,JAZZ,Nasdaq Trader Symbol Directory
JBDI,JBDI Holdings Limited - Ordinary Shares,NASDAQ,N,N,JBDI,Nasdaq Trader Symbol Directory
JBGS,JBG SMITH Properties Common Shares ,NYSE,N,N,JBGS,Nasdaq Trader Symbol Directory
JBHT,"J.B. Hunt Transport Services, Inc. - Common Stock",NASDAQ,N,N,JBHT,Nasdaq Trader Symbol Directory
JBI,"Janus International Group, Inc. Common Stock",NYSE,N,N,JBI,Nasdaq Trader Symbol Directory
JBIO,"Jade Biosciences, Inc. - Common Stock",NASDAQ,N,N,JBIO,Nasdaq Trader Symbol Directory
JBK,Lehman ABS 3.50 3.50% Adjustable Corp Backed Tr Certs GS Cap I,NYSE,N,N,JBK,Nasdaq Trader Symbol Directory
JBL,Jabil Inc. Common Stock,NYSE,N,N,JBL,Nasdaq Trader Symbol Directory
JBLU,JetBlue Airways Corporation - Common Stock,NASDAQ,N,N,JBLU,Nasdaq Trader Symbol Directory
JBS,JBS N.V. Class A Common Shares,NYSE,N,N,JBS,Nasdaq Trader Symbol Directory
JBSS,"John B. Sanfilippo & Son, Inc. - Common Stock",NASDAQ,N,N,JBSS,Nasdaq Trader Symbol Directory
JBTM,JBT Marel Corporation Common Stock,NYSE,N,N,JBTM,Nasdaq Trader Symbol Directory
JCAP,"Jefferson Capital, Inc. - Common Stock",NASDAQ,N,N,JCAP,Nasdaq Trader Symbol Directory
JCE,Nuveen Core Equity Alpha Fund Common Shares of Beneficial Interest,NYSE,N,N,JCE,Nasdaq Trader Symbol Directory
JCI,Johnson Controls International plc Ordinary Share,NYSE,N,N,JCI,Nasdaq Trader Symbol Directory
JCSE,JE Cleantech Holdings Limited - Ordinary Shares,NASDAQ,N,N,JCSE,Nasdaq Trader Symbol Directory
JCTC,Jewett-Cameron Trading Company - Common Shares,NASDAQ,N,N,JCTC,Nasdaq Trader Symbol Directory
JDZG,JIADE LIMITED - Class A Ordinary Shares,NASDAQ,N,N,JDZG,Nasdaq Trader Symbol Directory
JEF,Jefferies Financial Group Inc. Common Stock,NYSE,N,N,JEF,Nasdaq Trader Symbol Directory
JELD,"JELD-WEN Holding, Inc. Common Stock",NYSE,N,N,JELD,Nasdaq Trader Symbol Directory
JEM,707 Cayman Holdings Limited - Ordinary Shares,NASDAQ,N,N,JEM,Nasdaq Trader Symbol Directory
JFB,JFB Construction Holdings - Class A Common Stock,NASDAQ,N,N,JFB,Nasdaq Trader Symbol Directory
JFR,Nuveen Floating Rate Income Fund Common Stock,NYSE,N,N,JFR,Nasdaq Trader Symbol Directory
JGH,Nuveen Global High Income Fund Common Shares of Beneficial Interest,NYSE,N,N,JGH,Nasdaq Trader Symbol Directory
JHI,John Hancock Investors Trust Common Stock,NYSE,N,N,JHI,Nasdaq Trader Symbol Directory
JHS,John Hancock Income Securities Trust Common Stock,NYSE,N,N,JHS,Nasdaq Trader Symbol Directory
JHX,James Hardie Industries plc. Ordinary Shares,NYSE,N,N,JHX,Nasdaq Trader Symbol Directory
JILL,"J. Jill, Inc. Common Stock",NYSE,N,N,JILL,Nasdaq Trader Symbol Directory
JJSF,J & J Snack Foods Corp. - Common Stock,NASDAQ,N,N,JJSF,Nasdaq Trader Symbol Directory
JKHY,"Jack Henry & Associates, Inc. - Common Stock",NASDAQ,N,N,JKHY,Nasdaq Trader Symbol Directory
JL,J-Long Group Limited - Class A Ordinary Shares,NASDAQ,N,N,JL,Nasdaq Trader Symbol Directory
JLHL,Julong Holding Limited - Class A Ordinary Shares,NASDAQ,N,N,JLHL,Nasdaq Trader Symbol Directory
JLL,Jones Lang LaSalle Incorporated Common Stock,NYSE,N,N,JLL,Nasdaq Trader Symbol Directory
JLS,Nuveen Mortgage and Income Fund,NYSE,N,N,JLS,Nasdaq Trader Symbol Directory
JMKE,Jersey Mike's Subs Inc. Class A Common Stock,NYSE,N,N,JMKE,Nasdaq Trader Symbol Directory
JMM,Nuveen Multi-Market Income Fund (MA),NYSE,N,N,JMM,Nasdaq Trader Symbol Directory
JMSB,"John Marshall Bancorp, Inc. - Common Stock",NASDAQ,N,N,JMSB,Nasdaq Trader Symbol Directory
JNJ,Johnson & Johnson Common Stock,NYSE,N,N,JNJ,Nasdaq Trader Symbol Directory
JOB,GEE Group Inc. Common Stock,NYSE American,N,N,JOB,Nasdaq Trader Symbol Directory
JOBY,"Joby Aviation, Inc. Common Stock",NYSE,N,N,JOBY,Nasdaq Trader Symbol Directory
JOE,St. Joe Company (The) Common Stock,NYSE,N,N,JOE,Nasdaq Trader Symbol Directory
JOF,Japan Smaller Capitalization Fund Inc Common Stock,NYSE,N,N,JOF,Nasdaq Trader Symbol Directory
JOUT,Johnson Outdoors Inc. - Class A Common Stock,NASDAQ,N,N,JOUT,Nasdaq Trader Symbol Directory
JPM,JP Morgan Chase & Co. Common Stock,NYSE,N,N,JPM,Nasdaq Trader Symbol Directory
JQC,Nuveen Credit Strategies Income Fund Shares of Beneficial Interest,NYSE,N,N,JQC,Nasdaq Trader Symbol Directory
JRI,Nuveen Real Asset Income and Growth Fund Common Shares of Beneficial Interest,NYSE,N,N,JRI,Nasdaq Trader Symbol Directory
JRS,Nuveen Real Estate Income Fund Common Shares of Beneficial Interest,NYSE,N,N,JRS,Nasdaq Trader Symbol Directory
JRSH,"Jerash Holdings (US), Inc. - Common Stock",NASDAQ,N,N,JRSH,Nasdaq Trader Symbol Directory
JRVR,"James River Group Holdings, Inc. - Common Stock",NASDAQ,N,N,JRVR,Nasdaq Trader Symbol Directory
JSM,"Navient Corporation - 6% Senior Notes due December 15, 2043",NASDAQ,N,N,JSM,Nasdaq Trader Symbol Directory
JSPR,"Jasper Therapeutics, Inc. - Class A Common Stock",NASDAQ,N,N,JSPR,Nasdaq Trader Symbol Directory
JTAI,Jet.AI Inc. - Common Stock,NASDAQ,N,N,JTAI,Nasdaq Trader Symbol Directory
JUNS,"Jupiter Neurosciences, Inc. - Common Stock",NASDAQ,N,N,JUNS,Nasdaq Trader Symbol Directory
JVA,"Coffee Holding Co., Inc. - Common Stock",NASDAQ,N,N,JVA,Nasdaq Trader Symbol Directory
JWEL,Jowell Global Ltd. - Ordinary Shares,NASDAQ,N,N,JWEL,Nasdaq Trader Symbol Directory
JXG,JX Luxventure Group Inc. - Common Stock,NASDAQ,N,N,JXG,Nasdaq Trader Symbol Directory
JXN,Jackson Financial Inc. Class A Common Stock ,NYSE,N,N,JXN,Nasdaq Trader Symbol Directory
JYD,Jayud Global Logistics Limited - Class A Ordinary Shares,NASDAQ,N,N,JYD,Nasdaq Trader Symbol Directory
JYNT,The Joint Corp. - Common Stock,NASDAQ,N,N,JYNT,Nasdaq Trader Symbol Directory
JZXN,"Jiuzi Holdings, Inc. - Ordinary Shares",NASDAQ,N,N,JZXN,Nasdaq Trader Symbol Directory
KAI,Kadant Inc Common Stock,NYSE,N,N,KAI,Nasdaq Trader Symbol Directory
KALA,"KALA BIO, Inc. - Common Stock",NASDAQ,N,N,KALA,Nasdaq Trader Symbol Directory
KALU,Kaiser Aluminum Corporation - Common Stock,NASDAQ,N,N,KALU,Nasdaq Trader Symbol Directory
KAPA,"Kairos Pharma, Ltd. Common Stock",NYSE American,N,N,KAPA,Nasdaq Trader Symbol Directory
KARD,"Kardigan, Inc. - Common Stock",NASDAQ,N,N,KARD,Nasdaq Trader Symbol Directory
KARO,Karooooo Ltd. - Ordinary shares,NASDAQ,N,N,KARO,Nasdaq Trader Symbol Directory
KAZR,Skyline Builders Group Holding Limited - Class A Ordinary Shares,NASDAQ,N,N,KAZR,Nasdaq Trader Symbol Directory
KB,KB Financial Group Inc,NYSE,N,N,KB,Nasdaq Trader Symbol Directory
KBDC,"Kayne Anderson BDC, Inc. Common Stock",NYSE,N,N,KBDC,Nasdaq Trader Symbol Directory
KBH,KB Home Common Stock,NYSE,N,N,KBH,Nasdaq Trader Symbol Directory
KBON,Karbon Capital Partners Corp. - Class A Ordinary Shares,NASDAQ,N,N,KBON,Nasdaq Trader Symbol Directory
KBR,"KBR, Inc. Common Stock",NYSE,N,N,KBR,Nasdaq Trader Symbol Directory
KBSX,FST Corp. - Ordinary Shares,NASDAQ,N,N,KBSX,Nasdaq Trader Symbol Directory
KD,"Kyndryl Holdings, Inc. Common Stock",NYSE,N,N,KD,Nasdaq Trader Symbol Directory
KDK,"Kodiak AI, Inc. - Common Stock",NASDAQ,N,N,KDK,Nasdaq Trader Symbol Directory
KDP,Keurig Dr Pepper Inc. - Common Stock,NASDAQ,N,N,KDP,Nasdaq Trader Symbol Directory
KE,"Kimball Electronics, Inc. - Common Stock",NASDAQ,N,N,KE,Nasdaq Trader Symbol Directory
KEEL,Keel Infrastructure Corp. - Common Stock,NASDAQ,N,N,KEEL,Nasdaq Trader Symbol Directory
KELYA,"Kelly Services, Inc. - Class A Common Stock",NASDAQ,N,N,KELYA,Nasdaq Trader Symbol Directory
KELYB,"Kelly Services, Inc. - Class B Common Stock",NASDAQ,N,N,KELYB,Nasdaq Trader Symbol Directory
KEN,Kenon Holdings Ltd. Ordinary Shares,NYSE,N,N,KEN,Nasdaq Trader Symbol Directory
KEP,Korea Electric Power Corporation Common Stock,NYSE,N,N,KEP,Nasdaq Trader Symbol Directory
KEQU,Kewaunee Scientific Corporation - Common Stock,NASDAQ,N,N,KEQU,Nasdaq Trader Symbol Directory
KEX,Kirby Corporation Common Stock,NYSE,N,N,KEX,Nasdaq Trader Symbol Directory
KEY,KeyCorp Common Stock,NYSE,N,N,KEY,Nasdaq Trader Symbol Directory
KEYS,Keysight Technologies Inc. Common Stock,NYSE,N,N,KEYS,Nasdaq Trader Symbol Directory
KF,"Korea Fund, Inc. (The) New Common Stock",NYSE,N,N,KF,Nasdaq Trader Symbol Directory
KFFB,Kentucky First Federal Bancorp - Common Stock,NASDAQ,N,N,KFFB,Nasdaq Trader Symbol Directory
KFRC,"Kforce, Inc. Common Stock",NYSE,N,N,KFRC,Nasdaq Trader Symbol Directory
KFY,Korn Ferry Common Stock,NYSE,N,N,KFY,Nasdaq Trader Symbol Directory
KG,"Kestrel Group, Ltd. - Common Stock",NASDAQ,N,N,KG,Nasdaq Trader Symbol Directory
KGC,Kinross Gold Corporation Common Stock,NYSE,N,N,KGC,Nasdaq Trader Symbol Directory
KGEI,Kolibri Global Energy Inc. - Common stock,NASDAQ,N,N,KGEI,Nasdaq Trader Symbol Directory
KGS,"Kodiak Gas Services, Inc. Common Stock",NYSE,N,N,KGS,Nasdaq Trader Symbol Directory
KHC,The Kraft Heinz Company - Common Stock,NASDAQ,N,N,KHC,Nasdaq Trader Symbol Directory
KIDS,OrthoPediatrics Corp. - Common Stock,NASDAQ,N,N,KIDS,Nasdaq Trader Symbol Directory
KIDZ,KIDZ AI Inc. - Class B Common Stock,NASDAQ,N,N,KIDZ,Nasdaq Trader Symbol Directory
KIM,Kimco Realty Corporation (HC) Common Stock,NYSE,N,N,KIM,Nasdaq Trader Symbol Directory
KINS,"Kingstone Companies, Inc - Common Stock",NASDAQ,N,N,KINS,Nasdaq Trader Symbol Directory
KIO,KKR Income Opportunities Fund Common Shares,NYSE,N,N,KIO,Nasdaq Trader Symbol Directory
KITT,"Nauticus Robotics, Inc. - Common stock",NASDAQ,N,N,KITT,Nasdaq Trader Symbol Directory
KKR,KKR & Co. Inc. Common Stock,NYSE,N,N,KKR,Nasdaq Trader Symbol Directory
KKRS,KKR Group Finance Co. IX LLC 4.625% Subordinated Notes due 2061,NYSE,N,N,KKRS,Nasdaq Trader Symbol Directory
KKRT,KKR & Co. Inc. 6.875% Subordinated Notes due 2065,NYSE,N,N,KKRT,Nasdaq Trader Symbol Directory
KLAC,KLA Corporation  - Common Stock,NASDAQ,N,N,KLAC,Nasdaq Trader Symbol Directory
KLAR,Klarna Group plc Ordinary Shares,NYSE,N,N,KLAR,Nasdaq Trader Symbol Directory
KLC,"KinderCare Learning Companies, Inc. Common Stock",NYSE,N,N,KLC,Nasdaq Trader Symbol Directory
KLIC,"Kulicke and Soffa Industries, Inc. - Common Stock",NASDAQ,N,N,KLIC,Nasdaq Trader Symbol Directory
KLRA,"Kailera Therapeutics, Inc. - Common stock",NASDAQ,N,N,KLRA,Nasdaq Trader Symbol Directory
KLRS,"Kalaris Therapeutics, Inc.  - Common Stock",NASDAQ,N,N,KLRS,Nasdaq Trader Symbol Directory
KLTR,"Kaltura, Inc. - Common Stock",NASDAQ,N,N,KLTR,Nasdaq Trader Symbol Directory
KLXE,"KLX Energy Services Holdings, Inc.  - Common Stock",NASDAQ,N,N,KLXE,Nasdaq Trader Symbol Directory
KMB,Kimberly-Clark Corporation - Common Stock,NASDAQ,N,N,KMB,Nasdaq Trader Symbol Directory
KMDA,Kamada Ltd. - Ordinary Shares,NASDAQ,N,N,KMDA,Nasdaq Trader Symbol Directory
KMI,"Kinder Morgan, Inc. Common Stock",NYSE,N,N,KMI,Nasdaq Trader Symbol Directory
KMPB,Kemper Corporation 5.875% Fixed-Rate Reset Junior Subordinated Debentures due 2062,NYSE,N,N,KMPB,Nasdaq Trader Symbol Directory
KMPR,Kemper Corporation,NYSE,N,N,KMPR,Nasdaq Trader Symbol Directory
KMRK,K-Tech Solutions Company Limited - Class A Ordinary Shares,NASDAQ,N,N,KMRK,Nasdaq Trader Symbol Directory
KMT,Kennametal Inc. Common Stock,NYSE,N,N,KMT,Nasdaq Trader Symbol Directory
KMTS,"Kestra Medical Technologies, Ltd. - Common Stock",NASDAQ,N,N,KMTS,Nasdaq Trader Symbol Directory
KMX,CarMax Inc,NYSE,N,N,KMX,Nasdaq Trader Symbol Directory
KN,Knowles Corporation Common Stock,NYSE,N,N,KN,Nasdaq Trader Symbol Directory
KNDI,"Kandi Technologies Group, Inc. - Ordinary Shares",NASDAQ,N,N,KNDI,Nasdaq Trader Symbol Directory
KNF,Knife Riv Holding Co. Common Stock,NYSE,N,N,KNF,Nasdaq Trader Symbol Directory
KNRX,KNOREX LTD. Class A Ordinary Shares,NYSE American,N,N,KNRX,Nasdaq Trader Symbol Directory
KNSA,"Kiniksa Pharmaceuticals International, plc - Class A Ordinary Shares",NASDAQ,N,N,KNSA,Nasdaq Trader Symbol Directory
KNSL,"Kinsale Capital Group, Inc. Common Stock",NYSE,N,N,KNSL,Nasdaq Trader Symbol Directory
KNTK,Kinetik Holdings Inc. Class A Common Stock,NYSE,N,N,KNTK,Nasdaq Trader Symbol Directory
KNX,Knight-Swift Transportation Holdings Inc.,NYSE,N,N,KNX,Nasdaq Trader Symbol Directory
KO,Coca-Cola Company (The) Common Stock,NYSE,N,N,KO,Nasdaq Trader Symbol Directory
KOD,Kodiak Sciences Inc - Common Stock,NASDAQ,N,N,KOD,Nasdaq Trader Symbol Directory
KODK,Eastman Kodak Company Common New,NYSE,N,N,KODK,Nasdaq Trader Symbol Directory
KOP,Koppers Holdings Inc. Common Stock,NYSE,N,N,KOP,Nasdaq Trader Symbol Directory
KOPN,Kopin Corporation - Common Stock,NASDAQ,N,N,KOPN,Nasdaq Trader Symbol Directory
KOS,Kosmos Energy Ltd. Common Shares (DE),NYSE,N,N,KOS,Nasdaq Trader Symbol Directory
KOSS,Koss Corporation - Common Stock,NASDAQ,N,N,KOSS,Nasdaq Trader Symbol Directory
KPET,KPET Ultra Paceline Corporation Class A Ordinary Shares,NYSE,N,N,KPET,Nasdaq Trader Symbol Directory
KPLT,"Katapult Holdings, Inc. - Common Stock",NASDAQ,N,N,KPLT,Nasdaq Trader Symbol Directory
KPRX,"Kiora Pharmaceuticals, Inc.  - Common Stock",NASDAQ,N,N,KPRX,Nasdaq Trader Symbol Directory
KPTI,Karyopharm Therapeutics Inc. - Common Stock,NASDAQ,N,N,KPTI,Nasdaq Trader Symbol Directory
KR,Kroger Company (The) Common Stock,NYSE,N,N,KR,Nasdaq Trader Symbol Directory
KRC,Kilroy Realty Corporation Common Stock,NYSE,N,N,KRC,Nasdaq Trader Symbol Directory
KREF,KKR Real Estate Finance Trust Inc. Common Stock,NYSE,N,N,KREF,Nasdaq Trader Symbol Directory
KRG,Kite Realty Group Trust Common Stock,NYSE,N,N,KRG,Nasdaq Trader Symbol Directory
KRMD,"KORU Medical Systems, Inc. - Common Stock",NASDAQ,N,N,KRMD,Nasdaq Trader Symbol Directory
KRMN,Karman Holdings Inc. Common Stock,NYSE,N,N,KRMN,Nasdaq Trader Symbol Directory
KRNT,Kornit Digital Ltd. - Ordinary Shares,NASDAQ,N,N,KRNT,Nasdaq Trader Symbol Directory
KRNY,Kearny Financial - Common Stock,NASDAQ,N,N,KRNY,Nasdaq Trader Symbol Directory
KRO,Kronos Worldwide Inc Common Stock,NYSE,N,N,KRO,Nasdaq Trader Symbol Directory
KROS,"Keros Therapeutics, Inc. - common stock",NASDAQ,N,N,KROS,Nasdaq Trader Symbol Directory
KRRO,"Korro Bio, Inc. - Common Stock",NASDAQ,N,N,KRRO,Nasdaq Trader Symbol Directory
KRT,Karat Packaging Inc. - Common Stock,NASDAQ,N,N,KRT,Nasdaq Trader Symbol Directory
KRUS,"Kura Sushi USA, Inc. - Class A Common Stock",NASDAQ,N,N,KRUS,Nasdaq Trader Symbol Directory
KRYS,"Krystal Biotech, Inc. - Common Stock",NASDAQ,N,N,KRYS,Nasdaq Trader Symbol Directory
KSCP,"Knightscope, Inc. - Class A Common Stock",NASDAQ,N,N,KSCP,Nasdaq Trader Symbol Directory
KSPI,Joint Stock Company Kaspi.kz - American Depository Shares,NASDAQ,N,N,KSPI,Nasdaq Trader Symbol Directory
KSS,Kohl's Corporation Common Stock,NYSE,N,N,KSS,Nasdaq Trader Symbol Directory
KT,KT Corporation Common Stock,NYSE,N,N,KT,Nasdaq Trader Symbol Directory
KTB,"Kontoor Brands, Inc. Common Stock ",NYSE,N,N,KTB,Nasdaq Trader Symbol Directory
KTCC,Key Tronic Corporation - Common Stock,NASDAQ,N,N,KTCC,Nasdaq Trader Symbol Directory
KTF,DWS Municipal Income Trust,NYSE,N,N,KTF,Nasdaq Trader Symbol Directory
KTN,Structured Products Corp 8.205% CorTS 8.205% Corporate Backed Trust Securities (CorTS),NYSE,N,N,KTN,Nasdaq Trader Symbol Directory
KTOS,"Kratos Defense & Security Solutions, Inc. - Common Stock",NASDAQ,N,N,KTOS,Nasdaq Trader Symbol Directory
KTTA,Pasithea Therapeutics Corp. - Common Stock,NASDAQ,N,N,KTTA,Nasdaq Trader Symbol Directory
KULR,"KULR Technology Group, Inc. Common Stock",NYSE American,N,N,KULR,Nasdaq Trader Symbol Directory
KURA,"Kura Oncology, Inc. - Common Stock",NASDAQ,N,N,KURA,Nasdaq Trader Symbol Directory
KUST,"Kustom Entertainment, Inc. - Common Stock",NASDAQ,N,N,KUST,Nasdaq Trader Symbol Directory
KVHI,"KVH Industries, Inc. - Common Stock",NASDAQ,N,N,KVHI,Nasdaq Trader Symbol Directory
KVUE,Kenvue Inc. Common Stock,NYSE,N,N,KVUE,Nasdaq Trader Symbol Directory
KVYO,"Klaviyo, Inc. Series A Common Stock",NYSE,N,N,KVYO,Nasdaq Trader Symbol Directory
KWM,"K Wave Media, Ltd. - Ordinary Shares",NASDAQ,N,N,KWM,Nasdaq Trader Symbol Directory
KWR,Quaker Houghton Common Stock,NYSE,N,N,KWR,Nasdaq Trader Symbol Directory
KWY,Kingsway Corporation Common Stock,NYSE,N,N,KWY,Nasdaq Trader Symbol Directory
KXIN,Kaixin Holdings - Ordinary Shares,NASDAQ,N,N,KXIN,Nasdaq Trader Symbol Directory
KYIV,Kyivstar Group Ltd. - Common Shares,NASDAQ,N,N,KYIV,Nasdaq Trader Symbol Directory
KYMR,"Kymera Therapeutics, Inc. - Common Stock",NASDAQ,N,N,KYMR,Nasdaq Trader Symbol Directory
KYN,"Kayne Anderson Energy Infrastructure Fund, Inc.",NYSE,N,N,KYN,Nasdaq Trader Symbol Directory
KYNB,"Kyntra Bio, Inc. - Common Stock",NASDAQ,N,N,KYNB,Nasdaq Trader Symbol Directory
KYTX,"Kyverna Therapeutics, Inc. - Common Stock",NASDAQ,N,N,KYTX,Nasdaq Trader Symbol Directory
L,Loews Corporation Common Stock,NYSE,N,N,L,Nasdaq Trader Symbol Directory
LAB,Standard BioTools Inc. - Common Stock,NASDAQ,N,N,LAB,Nasdaq Trader Symbol Directory
LABT,Lakewood-Amedex Biotherapeutics Inc. - Common Stock,NASDAQ,N,N,LABT,Nasdaq Trader Symbol Directory
LAC,Lithium Americas Corp. Common Shares,NYSE,N,N,LAC,Nasdaq Trader Symbol Directory
LAD,"Lithia Motors, Inc. Common Stock",NYSE,N,N,LAD,Nasdaq Trader Symbol Directory
LADR,Ladder Capital Corp Class A Common Stock,NYSE,N,N,LADR,Nasdaq Trader Symbol Directory
LAES,SEALSQ Corp - Ordinary Shares,NASDAQ,N,N,LAES,Nasdaq Trader Symbol Directory
LAKE,"Lakeland Industries, Inc. - Common Stock",NASDAQ,N,N,LAKE,Nasdaq Trader Symbol Directory
LAMR,Lamar Advertising Company - Class A Common Stock,NASDAQ,N,N,LAMR,Nasdaq Trader Symbol Directory
LAND,Gladstone Land Corporation - Common Stock,NASDAQ,N,N,LAND,Nasdaq Trader Symbol Directory
LANV,Lanvin Group Holdings Limited Ordinary Shares,NYSE,N,N,LANV,Nasdaq Trader Symbol Directory
LAR,Lithium Argentina AG Common Shares,NYSE,N,N,LAR,Nasdaq Trader Symbol Directory
LARK,Landmark Bancorp Inc. - Common Stock,NASDAQ,N,N,LARK,Nasdaq Trader Symbol Directory
LASE,Laser Photonics Corporation - Common Stock,NASDAQ,N,N,LASE,Nasdaq Trader Symbol Directory
LASR,"nLIGHT, Inc. - Common Stock",NASDAQ,N,N,LASR,Nasdaq Trader Symbol Directory
LAUR,"Laureate Education, Inc. - Common Stock",NASDAQ,N,N,LAUR,Nasdaq Trader Symbol Directory
LAW,"CS Disco, Inc. Common Stock",NYSE,N,N,LAW,Nasdaq Trader Symbol Directory
LAWR,"Robot Consulting Co., Ltd. - ADS",NASDAQ,N,N,LAWR,Nasdaq Trader Symbol Directory
LAZ,"Lazard, Inc. Common Stock",NYSE,N,N,LAZ,Nasdaq Trader Symbol Directory
LB,LandBridge Company LLC Class A Shares Representing Limited Liability Company Interests,NYSE,N,N,LB,Nasdaq Trader Symbol Directory
LBGJ,Li Bang International Corporation Inc. - Class A Ordinary Shares,NASDAQ,N,N,LBGJ,Nasdaq Trader Symbol Directory
LBRT,Liberty Energy Inc. Class A common stock,NYSE,N,N,LBRT,Nasdaq Trader Symbol Directory
LBRX,LB Pharmaceuticals Inc - Common Stock,NASDAQ,N,N,LBRX,Nasdaq Trader Symbol Directory
LBTYA,Liberty Global Ltd. - Class A Common Shares,NASDAQ,N,N,LBTYA,Nasdaq Trader Symbol Directory
LBTYB,Liberty Global Ltd. - Class B Common Shares,NASDAQ,N,N,LBTYB,Nasdaq Trader Symbol Directory
LBTYK,Liberty Global Ltd. - Class C Common Shares,NASDAQ,N,N,LBTYK,Nasdaq Trader Symbol Directory
LCCC,Lakeshore Acquisition III Corp. - Ordinary Shares,NASDAQ,N,N,LCCC,Nasdaq Trader Symbol Directory
LCFY,Locafy Limited - Ordinary Share,NASDAQ,N,N,LCFY,Nasdaq Trader Symbol Directory
LCID,"Lucid Group, Inc. - Common Stock",NASDAQ,N,N,LCID,Nasdaq Trader Symbol Directory
LCII,LCI Industries,NYSE,N,N,LCII,Nasdaq Trader Symbol Directory
LCLN,"Lincoln International, Inc. Class A Common Stock",NYSE,N,N,LCLN,Nasdaq Trader Symbol Directory
LCNB,LCNB Corporation - Common Stock,NASDAQ,N,N,LCNB,Nasdaq Trader Symbol Directory
LCTX,"Lineage Cell Therapeutics, Inc. Common Stock",NYSE American,N,N,LCTX,Nasdaq Trader Symbol Directory
LCUT,"Lifetime Brands, Inc. - Common Stock",NASDAQ,N,N,LCUT,Nasdaq Trader Symbol Directory
LDI,"loanDepot, Inc. Class A Common Stock",NYSE,N,N,LDI,Nasdaq Trader Symbol Directory
LDOS,"Leidos Holdings, Inc. Common Stock",NYSE,N,N,LDOS,Nasdaq Trader Symbol Directory
LE,"Lands' End, Inc. - Common Stock",NASDAQ,N,N,LE,Nasdaq Trader Symbol Directory
LEA,Lear Corporation Common Stock,NYSE,N,N,LEA,Nasdaq Trader Symbol Directory
LECO,"Lincoln Electric Holdings, Inc. - Common Shares",NASDAQ,N,N,LECO,Nasdaq Trader Symbol Directory
LEDS,SemiLEDS Corporation - Common Stock,NASDAQ,N,N,LEDS,Nasdaq Trader Symbol Directory
LEE,"Lee Enterprises, Incorporated - Common Stock",NASDAQ,N,N,LEE,Nasdaq Trader Symbol Directory
LEG,"Leggett & Platt, Incorporated Common Stock",NYSE,N,N,LEG,Nasdaq Trader Symbol Directory
LEGH,Legacy Housing Corporation - Common Stock,NASDAQ,N,N,LEGH,Nasdaq Trader Symbol Directory
LEGO,Legato Merger Corp. IV Ordinary Shares,NYSE American,N,N,LEGO,Nasdaq Trader Symbol Directory
LEN,Lennar Corporation Class A Common Stock,NYSE,N,N,LEN,Nasdaq Trader Symbol Directory
LEN.B,Lennar Corporation Class B,NYSE,N,N,LEN_B,Nasdaq Trader Symbol Directory
LENZ,"LENZ Therapeutics, Inc. - Common Stock",NASDAQ,N,N,LENZ,Nasdaq Trader Symbol Directory
LEO,"BNY Mellon Strategic Municipals, Inc. Common Stock",NYSE,N,N,LEO,Nasdaq Trader Symbol Directory
LESL,"Leslie's, Inc. - Common Stock",NASDAQ,N,N,LESL,Nasdaq Trader Symbol Directory
LEU,Centrus Energy Corp. Class A Common Stock,NYSE,N,N,LEU,Nasdaq Trader Symbol Directory
LEVI,Levi Strauss & Co Class A Common Stock,NYSE,N,N,LEVI,Nasdaq Trader Symbol Directory
LEXX,Lexaria Bioscience Corp. - Common Stock,NASDAQ,N,N,LEXX,Nasdaq Trader Symbol Directory
LFCR,"Lifecore Biomedical, Inc. - Common Stock",NASDAQ,N,N,LFCR,Nasdaq Trader Symbol Directory
LFMD,"LifeMD, Inc. - Common Stock",NASDAQ,N,N,LFMD,Nasdaq Trader Symbol Directory
LFST,"LifeStance Health Group, Inc. - Common Stock",NASDAQ,N,N,LFST,Nasdaq Trader Symbol Directory
LFT,"Lument Finance Trust, Inc. Common Stock",NYSE,N,N,LFT,Nasdaq Trader Symbol Directory
LFTO,"Liftoff Mobile, Inc. - Common Stock",NASDAQ,N,N,LFTO,Nasdaq Trader Symbol Directory
LFUS,"Littelfuse, Inc. - Common Stock",NASDAQ,N,N,LFUS,Nasdaq Trader Symbol Directory
LFVN,Lifevantage Corporation - Common Stock,NASDAQ,N,N,LFVN,Nasdaq Trader Symbol Directory
LFWD,Lifeward Ltd. - Ordinary Shares,NASDAQ,N,N,LFWD,Nasdaq Trader Symbol Directory
LGCL,Lucas GC Limited - Class A Ordinary Shares,NASDAQ,N,N,LGCL,Nasdaq Trader Symbol Directory
LGCY,Legacy Education Inc. Common Stock,NYSE American,N,N,LGCY,Nasdaq Trader Symbol Directory
LGI,Lazard Global Total Return and Income Fund Common Stock,NYSE,N,N,LGI,Nasdaq Trader Symbol Directory
LGIH,"LGI Homes, Inc. - Common Stock",NASDAQ,N,N,LGIH,Nasdaq Trader Symbol Directory
LGL,"LGL Group, Inc. (The) Common Stock",NYSE American,N,N,LGL,Nasdaq Trader Symbol Directory
LGN,Legence Corp. - Class A Common stock,NASDAQ,N,N,LGN,Nasdaq Trader Symbol Directory
LGND,Ligand Pharmaceuticals Incorporated - Common Stock,NASDAQ,N,N,LGND,Nasdaq Trader Symbol Directory
LGO,Largo Inc. - Common Shares,NASDAQ,N,N,LGO,Nasdaq Trader Symbol Directory
LGPS,LogProstyle Inc. Common Shares,NYSE American,N,N,LGPS,Nasdaq Trader Symbol Directory
LGVN,Longeveron Inc. - Class A Common stock,NASDAQ,N,N,LGVN,Nasdaq Trader Symbol Directory
LH,Labcorp Holdings Inc. Common Stock,NYSE,N,N,LH,Nasdaq Trader Symbol Directory
LHAI,Linkhome Holdings Inc. - Common stock,NASDAQ,N,N,LHAI,Nasdaq Trader Symbol Directory
LHSW,Lianhe Sowell International Group Ltd - Class A Ordinary Shares,NASDAQ,N,N,LHSW,Nasdaq Trader Symbol Directory
LHX,"L3Harris Technologies, Inc. Common Stock",NYSE,N,N,LHX,Nasdaq Trader Symbol Directory
LICN,Lichen International Limited - Class A Ordinary Shares,NASDAQ,N,N,LICN,Nasdaq Trader Symbol Directory
LIDR,"AEye, Inc. - Class A Common Stock",NASDAQ,N,N,LIDR,Nasdaq Trader Symbol Directory
LIEN,"Chicago Atlantic BDC, Inc. - Common Stock",NASDAQ,N,N,LIEN,Nasdaq Trader Symbol Directory
LIF,"Life360, Inc. - Common Stock",NASDAQ,N,N,LIF,Nasdaq Trader Symbol Directory
LIFE,Ethos Technologies Inc. - Class A Common Stock,NASDAQ,N,N,LIFE,Nasdaq Trader Symbol Directory
LII,"Lennox International, Inc. Common Stock",NYSE,N,N,LII,Nasdaq Trader Symbol Directory
LILA,Liberty Latin America Ltd. - Class A Common Stock,NASDAQ,N,N,LILA,Nasdaq Trader Symbol Directory
LILAK,Liberty Latin America Ltd. - Class C Common Stock,NASDAQ,N,N,LILAK,Nasdaq Trader Symbol Directory
LIME,"Neutron Holdings, Inc. - Common Stock",NASDAQ,N,N,LIME,Nasdaq Trader Symbol Directory
LIMN,"Liminatus Pharma, Inc. - Class A Common Stock",NASDAQ,N,N,LIMN,Nasdaq Trader Symbol Directory
LIN,Linde plc - Ordinary Shares,NASDAQ,N,N,LIN,Nasdaq Trader Symbol Directory
LINC,Lincoln Educational Services Corporation - Common Stock,NASDAQ,N,N,LINC,Nasdaq Trader Symbol Directory
LIND,Lindblad Expeditions Holdings Inc.  - Common Stock,NASDAQ,N,N,LIND,Nasdaq Trader Symbol Directory
LINE,"Lineage, Inc. - Common Stock",NASDAQ,N,N,LINE,Nasdaq Trader Symbol Directory
LINK,"Interlink Electronics, Inc. - Common Stock",NASDAQ,N,N,LINK,Nasdaq Trader Symbol Directory
LION,Lionsgate Studios Corp Common Shares,NYSE,N,N,LION,Nasdaq Trader Symbol Directory
LIQT,"LiqTech International, Inc. - Common Stock",NASDAQ,N,N,LIQT,Nasdaq Trader Symbol Directory
LITE,Lumentum Holdings Inc. - Common Stock,NASDAQ,N,N,LITE,Nasdaq Trader Symbol Directory
LITS,"Lite Strategy, Inc. - Common Stock",NASDAQ,N,N,LITS,Nasdaq Trader Symbol Directory
LIVE,Live Ventures Incorporated - Common Stock,NASDAQ,N,N,LIVE,Nasdaq Trader Symbol Directory
LIVN,LivaNova PLC - Ordinary Shares,NASDAQ,N,N,LIVN,Nasdaq Trader Symbol Directory
LKFN,Lakeland Financial Corporation - Common Stock,NASDAQ,N,N,LKFN,Nasdaq Trader Symbol Directory
LKQ,LKQ Corporation - Common Stock,NASDAQ,N,N,LKQ,Nasdaq Trader Symbol Directory
LLY,Eli Lilly and Company Common Stock,NYSE,N,N,LLY,Nasdaq Trader Symbol Directory
LLYVA,"Liberty Live Holdings, Inc. - Series A Liberty Live Group Common Stock",NASDAQ,N,N,LLYVA,Nasdaq Trader Symbol Directory
LLYVK,"Liberty Live Holdings, Inc. - Series C Liberty Live Group Common Stock",NASDAQ,N,N,LLYVK,Nasdaq Trader Symbol Directory
LMAT,"LeMaitre Vascular, Inc. - Common Stock",NASDAQ,N,N,LMAT,Nasdaq Trader Symbol Directory
LMB,"Limbach Holdings, Inc. - Common Stock",NASDAQ,N,N,LMB,Nasdaq Trader Symbol Directory
LMND,"Lemonade, Inc. Common Stock",NYSE,N,N,LMND,Nasdaq Trader Symbol Directory
LMNR,Limoneira Co - Common Stock,NASDAQ,N,N,LMNR,Nasdaq Trader Symbol Directory
LMRI,"Lumexa Imaging Holdings, Inc. - Common Stock",NASDAQ,N,N,LMRI,Nasdaq Trader Symbol Directory
LMT,Lockheed Martin Corporation Common Stock,NYSE,N,N,LMT,Nasdaq Trader Symbol Directory
LNAI,Lunai Bioworks Inc. - Common Stock,NASDAQ,N,N,LNAI,Nasdaq Trader Symbol Directory
LNC,Lincoln National Corporation Common Stock,NYSE,N,N,LNC,Nasdaq Trader Symbol Directory
LNG,"Cheniere Energy, Inc. Common Stock",NYSE,N,N,LNG,Nasdaq Trader Symbol Directory
LNKS,Linkers Industries Limited - Class A Ordinary Shares,NASDAQ,N,N,LNKS,Nasdaq Trader Symbol Directory
LNN,Lindsay Corporation Common Stock,NYSE,N,N,LNN,Nasdaq Trader Symbol Directory
LNSR,"LENSAR, Inc. - Common Stock",NASDAQ,N,N,LNSR,Nasdaq Trader Symbol Directory
LNT,Alliant Energy Corporation - Common Stock,NASDAQ,N,N,LNT,Nasdaq Trader Symbol Directory
LNTH,"Lantheus Holdings, Inc. - Common Stock",NASDAQ,N,N,LNTH,Nasdaq Trader Symbol Directory
LNZA,"LanzaTech Global, Inc. - Common Stock",NASDAQ,N,N,LNZA,Nasdaq Trader Symbol Directory
LOAN,"Manhattan Bridge Capital, Inc - Common Stock",NASDAQ,N,N,LOAN,Nasdaq Trader Symbol Directory
LOAR,Loar Holdings Inc. Common Stock,NYSE,N,N,LOAR,Nasdaq Trader Symbol Directory
LOB,"Live Oak Bancshares, Inc. Common Stock",NYSE,N,N,LOB,Nasdaq Trader Symbol Directory
LOBO,LOBO TECHNOLOGIES LTD. - Class A Ordinary Shares,NASDAQ,N,N,LOBO,Nasdaq Trader Symbol Directory
LOCL,Local Bounti Corporation Common Stock,NYSE,N,N,LOCL,Nasdaq Trader Symbol Directory
LOCO,"El Pollo Loco Holdings, Inc. - Common Stock",NASDAQ,N,N,LOCO,Nasdaq Trader Symbol Directory
LODE,Comstock Inc. Common Stock,NYSE American,N,N,LODE,Nasdaq Trader Symbol Directory
LOGI,Logitech International S.A. - Registered Shares,NASDAQ,N,N,LOGI,Nasdaq Trader Symbol Directory
LOMA,Loma Negra Compania Industrial Argentina Sociedad Anonima ADS,NYSE,N,N,LOMA,Nasdaq Trader Symbol Directory
LONA,"LeonaBio, Inc. - Common Stock",NASDAQ,N,N,LONA,Nasdaq Trader Symbol Directory
LOOP,"Loop Industries, Inc. - Common Stock",NASDAQ,N,N,LOOP,Nasdaq Trader Symbol Directory
LOPE,"Grand Canyon Education, Inc. - Common Stock",NASDAQ,N,N,LOPE,Nasdaq Trader Symbol Directory
LOVE,The Lovesac Company - Common Stock,NASDAQ,N,N,LOVE,Nasdaq Trader Symbol Directory
LOW,"Lowe's Companies, Inc. Common Stock",NYSE,N,N,LOW,Nasdaq Trader Symbol Directory
LPA,Logistic Properties of the Americas Ordinary Shares,NYSE American,N,N,LPA,Nasdaq Trader Symbol Directory
LPCN,Lipocine Inc. - Common Stock,NASDAQ,N,N,LPCN,Nasdaq Trader Symbol Directory
LPG,Dorian LPG Ltd. Common Stock,NYSE,N,N,LPG,Nasdaq Trader Symbol Directory
LPL,"LG Display Co, Ltd AMERICAN DEPOSITORY SHARES",NYSE,N,N,LPL,Nasdaq Trader Symbol Directory
LPLA,LPL Financial Holdings Inc. - Common Stock,NASDAQ,N,N,LPLA,Nasdaq Trader Symbol Directory
LPSN,"LivePerson, Inc. - Common Stock",NASDAQ,N,N,LPSN,Nasdaq Trader Symbol Directory
LPTH,"LightPath Technologies, Inc. - Class A Common Stock",NASDAQ,N,N,LPTH,Nasdaq Trader Symbol Directory
LPX,Louisiana-Pacific Corporation Common Stock,NYSE,N,N,LPX,Nasdaq Trader Symbol Directory
LQDA,Liquidia Corporation - Common Stock,NASDAQ,N,N,LQDA,Nasdaq Trader Symbol Directory
LQDT,"Liquidity Services, Inc. - Common Stock",NASDAQ,N,N,LQDT,Nasdaq Trader Symbol Directory
LRCX,Lam Research Corporation - Common Stock,NASDAQ,N,N,LRCX,Nasdaq Trader Symbol Directory
LRHC,La Rosa Holdings Corp. - Common Stock,NASDAQ,N,N,LRHC,Nasdaq Trader Symbol Directory
LRMR,"Larimar Therapeutics, Inc. - Common Stock",NASDAQ,N,N,LRMR,Nasdaq Trader Symbol Directory
LRN,"Stride, Inc. Common Stock",NYSE,N,N,LRN,Nasdaq Trader Symbol Directory
LSAK,"Lesaka Technologies, Inc. - Common Stock",NASDAQ,N,N,LSAK,Nasdaq Trader Symbol Directory
LSBK,"Lake Shore Bancorp, Inc. - Common Stock",NASDAQ,N,N,LSBK,Nasdaq Trader Symbol Directory
LSCC,Lattice Semiconductor Corporation - Common Stock,NASDAQ,N,N,LSCC,Nasdaq Trader Symbol Directory
LSE,"Leishen Energy Holding Co., Ltd. - Class A Ordinary Shares",NASDAQ,N,N,LSE,Nasdaq Trader Symbol Directory
LSF,"Laird Superfood, Inc. Common Stock",NYSE American,N,N,LSF,Nasdaq Trader Symbol Directory
LSPD,Lightspeed Commerce Inc. Subordinate Voting Shares,NYSE,N,N,LSPD,Nasdaq Trader Symbol Directory
LSTA,"Lisata Therapeutics, Inc. - Common Stock",NASDAQ,N,N,LSTA,Nasdaq Trader Symbol Directory
LSTR,"Landstar System, Inc. - Common Stock",NASDAQ,N,N,LSTR,Nasdaq Trader Symbol Directory
LTBR,Lightbridge Corporation - Common Stock,NASDAQ,N,N,LTBR,Nasdaq Trader Symbol Directory
LTC,"LTC Properties, Inc. Common Stock",NYSE,N,N,LTC,Nasdaq Trader Symbol Directory
LTGO,"Latigo Biotherapeutics, Inc. - Common Stock",NASDAQ,N,N,LTGO,Nasdaq Trader Symbol Directory
LTGR,Long Table Growth Corp. - Class A Ordinary Shares,NASDAQ,N,N,LTGR,Nasdaq Trader Symbol Directory
LTH,"Life Time Group Holdings, Inc. Common Stock",NYSE,N,N,LTH,Nasdaq Trader Symbol Directory
LTRN,Lantern Pharma Inc. - Common Stock,NASDAQ,N,N,LTRN,Nasdaq Trader Symbol Directory
LTRX,"Lantronix, Inc. - Common Stock",NASDAQ,N,N,LTRX,Nasdaq Trader Symbol Directory
LUCD,Lucid Diagnostics Inc. - Common Stock,NASDAQ,N,N,LUCD,Nasdaq Trader Symbol Directory
LUCK,Lucky Strike Entertainment Corporation Class A Common Stock,NYSE,N,N,LUCK,Nasdaq Trader Symbol Directory
LUCY,"Innovative Eyewear, Inc. - Common Stock",NASDAQ,N,N,LUCY,Nasdaq Trader Symbol Directory
LUD,Luda Technology Group Limited Ordinary Shares,NYSE American,N,N,LUD,Nasdaq Trader Symbol Directory
LULU,lululemon athletica inc. - Common Stock,NASDAQ,N,N,LULU,Nasdaq Trader Symbol Directory
LUMN,"Lumen Technologies, Inc. Common Stock",NYSE,N,N,LUMN,Nasdaq Trader Symbol Directory
LUNG,Pulmonx Corporation - Common Stock,NASDAQ,N,N,LUNG,Nasdaq Trader Symbol Directory
LUNR,"Intuitive Machines, Inc. - Class A Common Stock",NASDAQ,N,N,LUNR,Nasdaq Trader Symbol Directory
LUV,Southwest Airlines Company Common Stock,NYSE,N,N,LUV,Nasdaq Trader Symbol Directory
LVLU,"Lulu's Fashion Lounge Holdings, Inc. - Common Stock",NASDAQ,N,N,LVLU,Nasdaq Trader Symbol Directory
LVO,"LiveOne, Inc. - Common Stock",NASDAQ,N,N,LVO,Nasdaq Trader Symbol Directory
LVS,Las Vegas Sands Corp. Common Stock,NYSE,N,N,LVS,Nasdaq Trader Symbol Directory
LVWR,"LiveWire Group, Inc. Common Stock",NYSE,N,N,LVWR,Nasdaq Trader Symbol Directory
LW,"Lamb Weston Holdings, Inc. Common Stock ",NYSE,N,N,LW,Nasdaq Trader Symbol Directory
LWAY,"Lifeway Foods, Inc. - Common Stock",NASDAQ,N,N,LWAY,Nasdaq Trader Symbol Directory
LWLG,"Lightwave Logic, Inc. - Common Stock",NASDAQ,N,N,LWLG,Nasdaq Trader Symbol Directory
LXEO,"Lexeo Therapeutics, Inc. - Common Stock",NASDAQ,N,N,LXEO,Nasdaq Trader Symbol Directory
LXFR,Luxfer Holdings PLC Ordinary Shares,NYSE,N,N,LXFR,Nasdaq Trader Symbol Directory
LXP,LXP Industrial Trust Common Stock (Maryland REIT),NYSE,N,N,LXP,Nasdaq Trader Symbol Directory
LXRX,"Lexicon Pharmaceuticals, Inc. - Common Stock",NASDAQ,N,N,LXRX,Nasdaq Trader Symbol Directory
LXU,"LSB Industries, Inc. Common Stock",NYSE,N,N,LXU,Nasdaq Trader Symbol Directory
LYB,LyondellBasell Industries NV Ordinary Shares Class A (Netherlands),NYSE,N,N,LYB,Nasdaq Trader Symbol Directory
LYEL,"Lyell Immunopharma, Inc. - Common Stock",NASDAQ,N,N,LYEL,Nasdaq Trader Symbol Directory
LYFT,"Lyft, Inc. - Class A Common Stock",NASDAQ,N,N,LYFT,Nasdaq Trader Symbol Directory
LYNX,Lyntris Inc. Common Stock,NYSE,N,N,LYNX,Nasdaq Trader Symbol Directory
LYTS,LSI Industries Inc. - Common Stock,NASDAQ,N,N,LYTS,Nasdaq Trader Symbol Directory
LYV,"Live Nation Entertainment, Inc. Common Stock",NYSE,N,N,LYV,Nasdaq Trader Symbol Directory
LZ,"LegalZoom.com, Inc. - Common Stock",NASDAQ,N,N,LZ,Nasdaq Trader Symbol Directory
LZB,La-Z-Boy Incorporated Common Stock,NYSE,N,N,LZB,Nasdaq Trader Symbol Directory
LZM,Lifezone Metals Limited Ordinary Shares,NYSE,N,N,LZM,Nasdaq Trader Symbol Directory
LZMH,LZ Technology Holdings Limited - Class B Ordinary Shares,NASDAQ,N,N,LZMH,Nasdaq Trader Symbol Directory
M,Macy's Inc Common Stock,NYSE,N,N,M,Nasdaq Trader Symbol Directory
MA,Mastercard Incorporated Common Stock,NYSE,N,N,MA,Nasdaq Trader Symbol Directory
MAA,"Mid-America Apartment Communities, Inc. Common Stock",NYSE,N,N,MAA,Nasdaq Trader Symbol Directory
MAAS,Maase Inc. - Class A Ordinary Shares,NASDAQ,N,N,MAAS,Nasdaq Trader Symbol Directory
MAC,Macerich Company (The) Common Stock,NYSE,N,N,MAC,Nasdaq Trader Symbol Directory
MAGH,Magnitude International Ltd - Ordinary Shares,NASDAQ,N,N,MAGH,Nasdaq Trader Symbol Directory
MAGN,Magnera Corporation Common Stock,NYSE,N,N,MAGN,Nasdaq Trader Symbol Directory
MAIA,"MAIA Biotechnology, Inc. Common Stock",NYSE American,N,N,MAIA,Nasdaq Trader Symbol Directory
MAIN,Main Street Capital Corporation Common Stock,NYSE,N,N,MAIN,Nasdaq Trader Symbol Directory
MAIR,Madison Air Solutions Corporation Class A Common Stock,NYSE,N,N,MAIR,Nasdaq Trader Symbol Directory
MAKO,Mako Mining Corp - Common Stock,NASDAQ,N,N,MAKO,Nasdaq Trader Symbol Directory
MAMA,"Mama's Creations, Inc. - Common Stock",NASDAQ,N,N,MAMA,Nasdaq Trader Symbol Directory
MAMK,MaxsMaking Inc. - Class A Ordinary Shares,NASDAQ,N,N,MAMK,Nasdaq Trader Symbol Directory
MAMO,Massimo Group - Common Stock,NASDAQ,N,N,MAMO,Nasdaq Trader Symbol Directory
MAN,ManpowerGroup Common Stock,NYSE,N,N,MAN,Nasdaq Trader Symbol Directory
MANE,"Veradermics, Incorporated Common Stock",NYSE,N,N,MANE,Nasdaq Trader Symbol Directory
MANH,"Manhattan Associates, Inc. - Common Stock",NASDAQ,N,N,MANH,Nasdaq Trader Symbol Directory
MANU,Manchester United Ltd. Class A Ordinary Shares,NYSE,N,N,MANU,Nasdaq Trader Symbol Directory
MAR,Marriott International - Class A Common Stock,NASDAQ,N,N,MAR,Nasdaq Trader Symbol Directory
MARA,"MARA Holdings, Inc. - Common Stock",NASDAQ,N,N,MARA,Nasdaq Trader Symbol Directory
MAS,Masco Corporation Common Stock,NYSE,N,N,MAS,Nasdaq Trader Symbol Directory
MASK,3 E Network Technology Group Ltd - Class A Ordinary Shares,NASDAQ,N,N,MASK,Nasdaq Trader Symbol Directory
MASS,908 Devices Inc. - Common Stock,NASDAQ,N,N,MASS,Nasdaq Trader Symbol Directory
MAT,"Mattel, Inc. - Common Stock",NASDAQ,N,N,MAT,Nasdaq Trader Symbol Directory
MATH,Metalpha Technology Holding Limited - Ordinary Shares,NASDAQ,N,N,MATH,Nasdaq Trader Symbol Directory
MATV,"Mativ Holdings, Inc. Common Stock",NYSE,N,N,MATV,Nasdaq Trader Symbol Directory
MATW,Matthews International Corporation - Class A Common Stock,NASDAQ,N,N,MATW,Nasdaq Trader Symbol Directory
MATX,"Matson, Inc. Common Stock",NYSE,N,N,MATX,Nasdaq Trader Symbol Directory
MAX,"MediaAlpha, Inc. Class A Common Stock",NYSE,N,N,MAX,Nasdaq Trader Symbol Directory
MAYS,"J. W. Mays, Inc. - Common Stock",NASDAQ,N,N,MAYS,Nasdaq Trader Symbol Directory
MAZE,"Maze Therapeutics, Inc. - Common Stock",NASDAQ,N,N,MAZE,Nasdaq Trader Symbol Directory
MB,MasterBeef Group - Ordinary Shares,NASDAQ,N,N,MB,Nasdaq Trader Symbol Directory
MBAI,Check-Cap Ltd. - Ordinary Share,NASDAQ,N,N,MBAI,Nasdaq Trader Symbol Directory
MBBC,"Marathon Bancorp, Inc. - Common Stock",NASDAQ,N,N,MBBC,Nasdaq Trader Symbol Directory
MBC,"MasterBrand, Inc. Common Stock",NYSE,N,N,MBC,Nasdaq Trader Symbol Directory
MBGL,Mobility Global Inc. Common Stock,NYSE,N,N,MBGL,Nasdaq Trader Symbol Directory
MBI,MBIA Inc. Common Stock,NYSE,N,N,MBI,Nasdaq Trader Symbol Directory
MBIN,Merchants Bancorp - Common Stock,NASDAQ,N,N,MBIN,Nasdaq Trader Symbol Directory
MBIO,"Mustang Bio, Inc. - Common Stock",NASDAQ,N,N,MBIO,Nasdaq Trader Symbol Directory
MBLY,Mobileye Global Inc. - Class A Common Stock,NASDAQ,N,N,MBLY,Nasdaq Trader Symbol Directory
MBOT,Microbot Medical Inc.  - Common Stock,NASDAQ,N,N,MBOT,Nasdaq Trader Symbol Directory
MBRX,"Moleculin Biotech, Inc. - Common Stock",NASDAQ,N,N,MBRX,Nasdaq Trader Symbol Directory
MBUU,"Malibu Boats, Inc. - Common Stock",NASDAQ,N,N,MBUU,Nasdaq Trader Symbol Directory
MBVI,M3-Brigade Acquisition VI Corp. - Class A Ordinary Shares,NASDAQ,N,N,MBVI,Nasdaq Trader Symbol Directory
MBWM,Mercantile Bank Corporation - Common Stock,NASDAQ,N,N,MBWM,Nasdaq Trader Symbol Directory
MBX,"MBX Biosciences, Inc. - Common Stock",NASDAQ,N,N,MBX,Nasdaq Trader Symbol Directory
MC,Moelis & Company Class A Common Stock,NYSE,N,N,MC,Nasdaq Trader Symbol Directory
MCAH,Mountain Crest Acquisition 6 Corp. - Ordinary Shares,NASDAQ,N,N,MCAH,Nasdaq Trader Symbol Directory
MCB,Metropolitan Bank Holding Corp. Common Stock,NYSE,N,N,MCB,Nasdaq Trader Symbol Directory
MCBS,"MetroCity Bankshares, Inc. - Common Stock",NASDAQ,N,N,MCBS,Nasdaq Trader Symbol Directory
MCD,McDonald's Corporation Common Stock,NYSE,N,N,MCD,Nasdaq Trader Symbol Directory
MCFT,"MasterCraft Boat Holdings, Inc. - Common Stock",NASDAQ,N,N,MCFT,Nasdaq Trader Symbol Directory
MCHB,Mechanics Bancorp - Class A Common Stock,NASDAQ,N,N,MCHB,Nasdaq Trader Symbol Directory
MCHP,Microchip Technology Incorporated - Common Stock,NASDAQ,N,N,MCHP,Nasdaq Trader Symbol Directory
MCHX,"Marchex, Inc. - Class B Common Stock",NASDAQ,N,N,MCHX,Nasdaq Trader Symbol Directory
MCI,Barings Corporate Investors Common Stock,NYSE,N,N,MCI,Nasdaq Trader Symbol Directory
MCK,McKesson Corporation Common Stock,NYSE,N,N,MCK,Nasdaq Trader Symbol Directory
MCN,XAI Madison Equity Premium Income Fund Common Shares,NYSE,N,N,MCN,Nasdaq Trader Symbol Directory
MCO,Moody's Corporation Common Stock,NYSE,N,N,MCO,Nasdaq Trader Symbol Directory
MCRB,"Seres Therapeutics, Inc. - Common Stock",NASDAQ,N,N,MCRB,Nasdaq Trader Symbol Directory
MCRI,"Monarch Casino & Resort, Inc. - Common Stock",NASDAQ,N,N,MCRI,Nasdaq Trader Symbol Directory
MCRP,Micropolis AI Robotics Ordinary Shares,NYSE American,N,N,MCRP,Nasdaq Trader Symbol Directory
MCS,Marcus Corporation (The) Common Stock,NYSE,N,N,MCS,Nasdaq Trader Symbol Directory
MCTA,Charming Medical Limited - Class A Ordinary Shares,NASDAQ,N,N,MCTA,Nasdaq Trader Symbol Directory
MCY,Mercury General Corporation Common Stock,NYSE,N,N,MCY,Nasdaq Trader Symbol Directory
MD,"Pediatrix Medical Group, Inc. Common Stock",NYSE,N,N,MD,Nasdaq Trader Symbol Directory
MDA,MDA Space Ltd. Common Shares,NYSE,N,N,MDA,Nasdaq Trader Symbol Directory
MDAI,"Spectral AI, Inc. - Class A Common Stock",NASDAQ,N,N,MDAI,Nasdaq Trader Symbol Directory
MDB,"MongoDB, Inc. - Class A Common Stock",NASDAQ,N,N,MDB,Nasdaq Trader Symbol Directory
MDBH,"MDB Capital Holdings, LLC - Class A common ",NASDAQ,N,N,MDBH,Nasdaq Trader Symbol Directory
MDCX,Medicus Pharma Ltd. - Common Stock,NASDAQ,N,N,MDCX,Nasdaq Trader Symbol Directory
MDGL,"Madrigal Pharmaceuticals, Inc. - Common Stock",NASDAQ,N,N,MDGL,Nasdaq Trader Symbol Directory
MDIA,Mediaco Holding Inc. - Class A Common Stock,NASDAQ,N,N,MDIA,Nasdaq Trader Symbol Directory
MDLN,Medline Inc. - Class A common stock,NASDAQ,N,N,MDLN,Nasdaq Trader Symbol Directory
MDLZ,"Mondelez International, Inc. - Class A Common Stock",NASDAQ,N,N,MDLZ,Nasdaq Trader Symbol Directory
MDRR,"Medalist Diversified, Inc. - Common Stock",NASDAQ,N,N,MDRR,Nasdaq Trader Symbol Directory
MDT,Medtronic plc. Ordinary Shares,NYSE,N,N,MDT,Nasdaq Trader Symbol Directory
MDU,"MDU Resources Group, Inc. Common Stock (Holding Company)",NYSE,N,N,MDU,Nasdaq Trader Symbol Directory
MDWD,MediWound Ltd. - Ordinary Shares,NASDAQ,N,N,MDWD,Nasdaq Trader Symbol Directory
MDXG,"MiMedx Group, Inc - Common Stock",NASDAQ,N,N,MDXG,Nasdaq Trader Symbol Directory
MDXH,MDxHealth SA - Ordinary Shares,NASDAQ,N,N,MDXH,Nasdaq Trader Symbol Directory
MEC,"Mayville Engineering Company, Inc. Common Stock",NYSE,N,N,MEC,Nasdaq Trader Symbol Directory
MED,MEDIFAST INC Common Stock,NYSE,N,N,MED,Nasdaq Trader Symbol Directory
MEDP,"Medpace Holdings, Inc. - Common Stock",NASDAQ,N,N,MEDP,Nasdaq Trader Symbol Directory
MEDS,"DataMeds AI, Inc. - Common Stock",NASDAQ,N,N,MEDS,Nasdaq Trader Symbol Directory
MEGI,NYLI CBRE Global Infrastructure Megatrends Term Fund Common Shares,NYSE,N,N,MEGI,Nasdaq Trader Symbol Directory
MEGL,Magic Empire Global Limited - Class A Ordinary Shares,NASDAQ,N,N,MEGL,Nasdaq Trader Symbol Directory
MEI,"Methode Electronics, Inc. Common Stock",NYSE,N,N,MEI,Nasdaq Trader Symbol Directory
MELI,"MercadoLibre, Inc. - Common Stock",NASDAQ,N,N,MELI,Nasdaq Trader Symbol Directory
MENS,Jyong Biotech Ltd. - Ordinary shares,NASDAQ,N,N,MENS,Nasdaq Trader Symbol Directory
MEOH,Methanex Corporation - Common Stock,NASDAQ,N,N,MEOH,Nasdaq Trader Symbol Directory
MERC,Mercer International Inc. - Common Stock,NASDAQ,N,N,MERC,Nasdaq Trader Symbol Directory
MET,"MetLife, Inc. Common Stock",NYSE,N,N,MET,Nasdaq Trader Symbol Directory
META,"Meta Platforms, Inc. - Class A Common Stock",NASDAQ,N,N,META,Nasdaq Trader Symbol Directory
METC,"Ramaco Resources, Inc. - Class A Common Stock",NASDAQ,N,N,METC,Nasdaq Trader Symbol Directory
METCB,"Ramaco Resources, Inc. - Class B Common Stock",NASDAQ,N,N,METCB,Nasdaq Trader Symbol Directory
METCI,"Ramaco Resources, Inc. - 8.250% Senior Notes due 2030",NASDAQ,N,N,METCI,Nasdaq Trader Symbol Directory
METCZ,"Ramaco Resources, Inc. - 8.375% Senior Notes due 2029",NASDAQ,N,N,METCZ,Nasdaq Trader Symbol Directory
MF,MindForge Inc. - Class A Ordinary Shares,NASDAQ,N,N,MF,Nasdaq Trader Symbol Directory
MFA,"MFA Financial, Inc.",NYSE,N,N,MFA,Nasdaq Trader Symbol Directory
MFAN,"MFA Financial, Inc. 8.875% Senior Notes due 2029",NYSE,N,N,MFAN,Nasdaq Trader Symbol Directory
MFAO,"MFA Financial, Inc. 9.000% Senior Notes due 2029",NYSE,N,N,MFAO,Nasdaq Trader Symbol Directory
MFC,Manulife Financial Corporation Common Stock,NYSE,N,N,MFC,Nasdaq Trader Symbol Directory
MFI,mF International Limited - Class A Ordinary Shares,NASDAQ,N,N,MFI,Nasdaq Trader Symbol Directory
MFIC,MidCap Financial Investment Corporation - Closed End Fund,NASDAQ,N,N,MFIC,Nasdaq Trader Symbol Directory
MFICL,MidCap Financial Investment Corporation - 8.00% Notes due 2028,NASDAQ,N,N,MFICL,Nasdaq Trader Symbol Directory
MFIN,Medallion Financial Corp. - Common Stock,NASDAQ,N,N,MFIN,Nasdaq Trader Symbol Directory
MFM,Aberdeen Municipal Income Fund Common Shares of Beneficial Interest,NYSE,N,N,MFM,Nasdaq Trader Symbol Directory
MFP,"Midera Food Processing, Inc. - Common Stock",NASDAQ,N,N,MFP,Nasdaq Trader Symbol Directory
MG,Mistras Group Inc Common Stock,NYSE,N,N,MG,Nasdaq Trader Symbol Directory
MGA,"Magna International, Inc. Common Stock",NYSE,N,N,MGA,Nasdaq Trader Symbol Directory
MGEE,MGE Energy Inc. - Common Stock,NASDAQ,N,N,MGEE,Nasdaq Trader Symbol Directory
MGF,Aberdeen Government Markets Income Fund Common Shares of Beneficial Interest,NYSE,N,N,MGF,Nasdaq Trader Symbol Directory
MGIH,Millennium Group International Holdings Limited - Ordinary Shares,NASDAQ,N,N,MGIH,Nasdaq Trader Symbol Directory
MGLD,"The Marygold Companies, Inc. Common Stock",NYSE American,N,N,MGLD,Nasdaq Trader Symbol Directory
MGM,MGM Resorts International Common Stock,NYSE,N,N,MGM,Nasdaq Trader Symbol Directory
MGN,Megan Holdings Limited - Class A Ordinary Shares,NASDAQ,N,N,MGN,Nasdaq Trader Symbol Directory
MGNI,"Magnite, Inc. - Common Stock",NASDAQ,N,N,MGNI,Nasdaq Trader Symbol Directory
MGNX,"MacroGenics, Inc. - Common Stock",NASDAQ,N,N,MGNX,Nasdaq Trader Symbol Directory
MGPI,"MGP Ingredients, Inc. - Common Stock",NASDAQ,N,N,MGPI,Nasdaq Trader Symbol Directory
MGR,"Affiliated Managers Group, Inc. 5.875% Junior Subordinated Notes due 2059",NYSE,N,N,MGR,Nasdaq Trader Symbol Directory
MGRB,"Affiliated Managers Group, Inc. 4.750% Junior Subordinated Notes due 2060",NYSE,N,N,MGRB,Nasdaq Trader Symbol Directory
MGRC,McGrath RentCorp - Common Stock,NASDAQ,N,N,MGRC,Nasdaq Trader Symbol Directory
MGRD,"Affiliated Managers Group, Inc. 4.200% Junior Subordinated Notes due 2061",NYSE,N,N,MGRD,Nasdaq Trader Symbol Directory
MGRE,"Affiliated Managers Group, Inc. 6.750% Junior Subordinated Notes due 2064",NYSE,N,N,MGRE,Nasdaq Trader Symbol Directory
MGRT,Mega Fortune Company Limited - Ordinary Shares,NASDAQ,N,N,MGRT,Nasdaq Trader Symbol Directory
MGRX,"Mangoceuticals, Inc. - Common Stock",NASDAQ,N,N,MGRX,Nasdaq Trader Symbol Directory
MGTX,MeiraGTx Holdings plc - Ordinary Shares,NASDAQ,N,N,MGTX,Nasdaq Trader Symbol Directory
MGX,"Metagenomi Therapeutics, Inc. - Common Stock",NASDAQ,N,N,MGX,Nasdaq Trader Symbol Directory
MGY,Magnolia Oil & Gas Corporation Class A Common Stock,NYSE,N,N,MGY,Nasdaq Trader Symbol Directory
MGYR,"Magyar Bancorp, Inc. - Common Stock",NASDAQ,N,N,MGYR,Nasdaq Trader Symbol Directory
MH,"McGraw Hill, Inc. Common Stock",NYSE,N,N,MH,Nasdaq Trader Symbol Directory
MHD,"Blackrock MuniHoldings Fund, Inc. Common Stock",NYSE,N,N,MHD,Nasdaq Trader Symbol Directory
MHF,"Western Asset Municipal High Income Fund, Inc. Common Stock",NYSE,N,N,MHF,Nasdaq Trader Symbol Directory
MHH,"Mastech Digital, Inc Common Stock",NYSE American,N,N,MHH,Nasdaq Trader Symbol Directory
MHK,"Mohawk Industries, Inc. Common Stock",NYSE,N,N,MHK,Nasdaq Trader Symbol Directory
MHLA,"Maiden Holdings, Ltd. 6.625% Notes due 2046",NYSE,N,N,MHLA,Nasdaq Trader Symbol Directory
MHNC,"Maiden Holdings North America, Ltd. 7.75% Notes due 2043",NYSE,N,N,MHNC,Nasdaq Trader Symbol Directory
MHO,"M/I Homes, Inc. Common Stock",NYSE,N,N,MHO,Nasdaq Trader Symbol Directory
MI,NFT Limited Class A Ordinary Share,NYSE American,N,N,MI,Nasdaq Trader Symbol Directory
MIAX,"Miami International Holdings, Inc. Common Stock",NYSE,N,N,MIAX,Nasdaq Trader Symbol Directory
MICC,The Magnum Ice Cream Company N.V. Ordinary Shares,NYSE,N,N,MICC,Nasdaq Trader Symbol Directory
MIDD,The Middleby Corporation - Common Stock,NASDAQ,N,N,MIDD,Nasdaq Trader Symbol Directory
MIMI,Mint Incorporation Limited - Class A Ordinary Shares,NASDAQ,N,N,MIMI,Nasdaq Trader Symbol Directory
MIN,Aberdeen Intermediate Income Fund Common Shares of Beneficial Interest,NYSE,N,N,MIN,Nasdaq Trader Symbol Directory
MIND,"MIND Technology, Inc. - Common Stock",NASDAQ,N,N,MIND,Nasdaq Trader Symbol Directory
MINE,Mayfair Gold Corp. Common Shares,NYSE American,N,N,MINE,Nasdaq Trader Symbol Directory
MIR,"Mirion Technologies, Inc. Class A Common Stock",NYSE,N,N,MIR,Nasdaq Trader Symbol Directory
MIRA,"MIRA Pharmaceuticals, Inc. - Common Stock",NASDAQ,N,N,MIRA,Nasdaq Trader Symbol Directory
MIRM,"Mirum Pharmaceuticals, Inc. - common stock",NASDAQ,N,N,MIRM,Nasdaq Trader Symbol Directory
MIST,Milestone Pharmaceuticals Inc. - Common Shares,NASDAQ,N,N,MIST,Nasdaq Trader Symbol Directory
MITK,"Mitek Systems, Inc. - Common Stock",NASDAQ,N,N,MITK,Nasdaq Trader Symbol Directory
MITN,"TPG Mortgage Investment Trust, Inc. 9.500% Senior Notes due 2029",NYSE,N,N,MITN,Nasdaq Trader Symbol Directory
MITP,"TPG Mortgage Investment Trust, Inc. 9.500% Senior Notes due 2029",NYSE,N,N,MITP,Nasdaq Trader Symbol Directory
MITQ,"Moving iMage Technologies, Inc. Common Stock",NYSE American,N,N,MITQ,Nasdaq Trader Symbol Directory
MITT,"TPG Mortgage Investment Trust, Inc. Common Stock",NYSE,N,N,MITT,Nasdaq Trader Symbol Directory
MIY,"Blackrock MuniYield Michigan Quality Fund, Inc. Common Stock",NYSE,N,N,MIY,Nasdaq Trader Symbol Directory
MKC,"McCormick & Company, Incorporated Common Stock",NYSE,N,N,MKC,Nasdaq Trader Symbol Directory
MKC.V,"McCormick & Company, Incorporated Common Stock",NYSE,N,N,MKC_V,Nasdaq Trader Symbol Directory
MKDW,MKDWELL Tech Inc. - Ordinary Shares,NASDAQ,N,N,MKDW,Nasdaq Trader Symbol Directory
MKL,Markel Group Inc. Common Stock,NYSE,N,N,MKL,Nasdaq Trader Symbol Directory
MKSI,MKS Inc. - Common Stock,NASDAQ,N,N,MKSI,Nasdaq Trader Symbol Directory
MKTW,"MarketWise, Inc. - Class A Common Stock",NASDAQ,N,N,MKTW,Nasdaq Trader Symbol Directory
MKTX,"MarketAxess Holdings, Inc. - Common Stock",NASDAQ,N,N,MKTX,Nasdaq Trader Symbol Directory
MKZR,"MacKenzie Realty Capital, Inc. - Common Stock",NASDAQ,N,N,MKZR,Nasdaq Trader Symbol Directory
MLAB,"Mesa Laboratories, Inc. - Common Stock",NASDAQ,N,N,MLAB,Nasdaq Trader Symbol Directory
MLCI,Mount Logan Capital Inc. - Common Stock,NASDAQ,N,N,MLCI,Nasdaq Trader Symbol Directory
MLCIL,Mount Logan Capital Inc. - 8.00% Notes Due 2031,NASDAQ,N,N,MLCIL,Nasdaq Trader Symbol Directory
MLEC,Moolec Science SA - Ordinary Shares,NASDAQ,N,N,MLEC,Nasdaq Trader Symbol Directory
MLGO,"MicroAlgo, Inc. - Ordinary Shares",NASDAQ,N,N,MLGO,Nasdaq Trader Symbol Directory
MLI,"Mueller Industries, Inc. Common Stock",NYSE,N,N,MLI,Nasdaq Trader Symbol Directory
MLKN,"MillerKnoll, Inc. - Common Stock",NASDAQ,N,N,MLKN,Nasdaq Trader Symbol Directory
MLM,"Martin Marietta Materials, Inc. Common Stock",NYSE,N,N,MLM,Nasdaq Trader Symbol Directory
MLP,"Maui Land & Pineapple Company, Inc. Common Stock",NYSE,N,N,MLP,Nasdaq Trader Symbol Directory
MLPB,"ETRACS Alerian MLP Infrastructure Index ETN Series B due April 2, 2040",NYSE Arca,N,N,MLPB,Nasdaq Trader Symbol Directory
MLR,"Miller Industries, Inc. Common Stock",NYSE,N,N,MLR,Nasdaq Trader Symbol Directory
MLSS,"Milestone Scientific, Inc. Common Stock",NYSE American,N,N,MLSS,Nasdaq Trader Symbol Directory
MLTX,MoonLake Immunotherapeutics - Class A Ordinary Shares,NASDAQ,N,N,MLTX,Nasdaq Trader Symbol Directory
MLYS,"Mineralys Therapeutics, Inc. - Common Stock",NASDAQ,N,N,MLYS,Nasdaq Trader Symbol Directory
MMA,Mixed Martial Arts Group Limited Ordinary Shares,NYSE American,N,N,MMA,Nasdaq Trader Symbol Directory
MMD,NYLI MacKay DefinedTerm Muni Opportunities Fund Common Shares,NYSE,N,N,MMD,Nasdaq Trader Symbol Directory
MMED,"MiniMed Group, Inc. - Common Stock",NASDAQ,N,N,MMED,Nasdaq Trader Symbol Directory
MMI,"Marcus & Millichap, Inc. Common Stock",NYSE,N,N,MMI,Nasdaq Trader Symbol Directory
MMM,3M Company Common Stock,NYSE,N,N,MMM,Nasdaq Trader Symbol Directory
MMS,"Maximus, Inc. Common Stock",NYSE,N,N,MMS,Nasdaq Trader Symbol Directory
MMSI,"Merit Medical Systems, Inc. - Common Stock",NASDAQ,N,N,MMSI,Nasdaq Trader Symbol Directory
MMT,Aberdeen Multi-Market Income Fund Common Shares of Beneficial Interest,NYSE,N,N,MMT,Nasdaq Trader Symbol Directory
MMU,"Western Asset Managed Municipals Fund, Inc. Common Stock",NYSE,N,N,MMU,Nasdaq Trader Symbol Directory
MMYT,MakeMyTrip Limited - Ordinary Shares,NASDAQ,N,N,MMYT,Nasdaq Trader Symbol Directory
MNDO,MIND C.T.I. Ltd. - Ordinary Shares,NASDAQ,N,N,MNDO,Nasdaq Trader Symbol Directory
MNDR,Mobile-health Network Solutions - Class A Ordinary Shares,NASDAQ,N,N,MNDR,Nasdaq Trader Symbol Directory
MNDY,monday.com Ltd. - Ordinary Shares,NASDAQ,N,N,MNDY,Nasdaq Trader Symbol Directory
MNKD,MannKind Corporation - Common Stock,NASDAQ,N,N,MNKD,Nasdaq Trader Symbol Directory
MNOV,"MediciNova, Inc. - Common Stock",NASDAQ,N,N,MNOV,Nasdaq Trader Symbol Directory
MNPR,Monopar Therapeutics Inc. - Common Stock,NASDAQ,N,N,MNPR,Nasdaq Trader Symbol Directory
MNRO,"Monro, Inc.  - Common Stock",NASDAQ,N,N,MNRO,Nasdaq Trader Symbol Directory
MNSB,"MainStreet Bancshares, Inc. - Common Stock",NASDAQ,N,N,MNSB,Nasdaq Trader Symbol Directory
MNST,Monster Beverage Corporation - Common Stock,NASDAQ,N,N,MNST,Nasdaq Trader Symbol Directory
MNTK,"Montauk Renewables, Inc. - Common Stock",NASDAQ,N,N,MNTK,Nasdaq Trader Symbol Directory
MNTN,"MNTN, Inc. Class A Common Stock",NYSE,N,N,MNTN,Nasdaq Trader Symbol Directory
MNTS,Momentus Inc. - Class A Common Stock,NASDAQ,N,N,MNTS,Nasdaq Trader Symbol Directory
MNY,MoneyHero Limited - Class A Ordinary Shares,NASDAQ,N,N,MNY,Nasdaq Trader Symbol Directory
MO,"Altria Group, Inc.",NYSE,N,N,MO,Nasdaq Trader Symbol Directory
MOB,Mobilicom Limited - Ordinary Shares,NASDAQ,N,N,MOB,Nasdaq Trader Symbol Directory
MOBI,"Mobia Medical, Inc. - Common Stock",NASDAQ,N,N,MOBI,Nasdaq Trader Symbol Directory
MOBX,"Mobix Labs, Inc. - Class A Common Stock",NASDAQ,N,N,MOBX,Nasdaq Trader Symbol Directory
MOD,Modine Manufacturing Company Common Stock,NYSE,N,N,MOD,Nasdaq Trader Symbol Directory
MODD,"Modular Medical, Inc. - common stock",NASDAQ,N,N,MODD,Nasdaq Trader Symbol Directory
MOG.A,Moog Inc. Class A Common Stock,NYSE,N,N,MOG_A,Nasdaq Trader Symbol Directory
MOG.B,Moog Inc. Class B Common Stock,NYSE,N,N,MOG_B,Nasdaq Trader Symbol Directory
MOH,Molina Healthcare Inc Common Stock,NYSE,N,N,MOH,Nasdaq Trader Symbol Directory
MORN,"Morningstar, Inc. - Common Stock",NASDAQ,N,N,MORN,Nasdaq Trader Symbol Directory
MOS,Mosaic Company (The) Common Stock,NYSE,N,N,MOS,Nasdaq Trader Symbol Directory
MOV,Movado Group Inc. Common Stock,NYSE,N,N,MOV,Nasdaq Trader Symbol Directory
MOVE,"Corvex, Inc. - Common Stock",NASDAQ,N,N,MOVE,Nasdaq Trader Symbol Directory
MP,MP Materials Corp. Common Stock,NYSE,N,N,MP,Nasdaq Trader Symbol Directory
MPA,Blackrock MuniYield Pennsylvania Quality Fund Common Stock,NYSE,N,N,MPA,Nasdaq Trader Symbol Directory
MPAA,"Motorcar Parts of America, Inc. - Common Stock",NASDAQ,N,N,MPAA,Nasdaq Trader Symbol Directory
MPB,Mid Penn Bancorp - Common Stock,NASDAQ,N,N,MPB,Nasdaq Trader Symbol Directory
MPC,Marathon Petroleum Corporation Common Stock,NYSE,N,N,MPC,Nasdaq Trader Symbol Directory
MPLT,"MapLight Therapeutics, Inc. - Common Stock",NASDAQ,N,N,MPLT,Nasdaq Trader Symbol Directory
MPT,"Medical Properties Trust, Inc. common stock",NYSE,N,N,MPT,Nasdaq Trader Symbol Directory
MPTI,"M-tron Industries, Inc. Common Stock",NYSE American,N,N,MPTI,Nasdaq Trader Symbol Directory
MPU,Mega Matrix Inc. Class A Ordinary Shares,NYSE American,N,N,MPU,Nasdaq Trader Symbol Directory
MPV,Barings Participation Investors Common Stock,NYSE,N,N,MPV,Nasdaq Trader Symbol Directory
MPWR,"Monolithic Power Systems, Inc. - Common Stock",NASDAQ,N,N,MPWR,Nasdaq Trader Symbol Directory
MQ,"Marqeta, Inc. - Class A Common Stock",NASDAQ,N,N,MQ,Nasdaq Trader Symbol Directory
MQY,"Blackrock MuniYield Quality Fund, Inc. Common Stock",NYSE,N,N,MQY,Nasdaq Trader Symbol Directory
MRAM,"Everspin Technologies, Inc. - Common Stock",NASDAQ,N,N,MRAM,Nasdaq Trader Symbol Directory
MRBK,Meridian Corporation - Common Stock,NASDAQ,N,N,MRBK,Nasdaq Trader Symbol Directory
MRCY,Mercury Systems Inc - Common Stock,NASDAQ,N,N,MRCY,Nasdaq Trader Symbol Directory
MRDN,Meridian Holdings Inc. - Common Stock,NASDAQ,N,N,MRDN,Nasdaq Trader Symbol Directory
MRK,"Merck & Company, Inc. Common Stock (new)",NYSE,N,N,MRK,Nasdaq Trader Symbol Directory
MRKR,"Marker Therapeutics, Inc. - Common Stock",NASDAQ,N,N,MRKR,Nasdaq Trader Symbol Directory
MRLN,"Merlin, Inc. - Common Stock",NASDAQ,N,N,MRLN,Nasdaq Trader Symbol Directory
MRNA,"Moderna, Inc. - Common Stock",NASDAQ,N,N,MRNA,Nasdaq Trader Symbol Directory
MRNO,Murano Global Investments PLC - Ordinary Shares,NASDAQ,N,N,MRNO,Nasdaq Trader Symbol Directory
MRP,"Millrose Properties, Inc. Class A Common Stock",NYSE,N,N,MRP,Nasdaq Trader Symbol Directory
MRSH,Marsh Common Stock,NYSE,N,N,MRSH,Nasdaq Trader Symbol Directory
MRT,"Marti Technologies, Inc. Class A Ordinary Shares",NYSE American,N,N,MRT,Nasdaq Trader Symbol Directory
MRTN,"Marten Transport, Ltd. - Common Stock",NASDAQ,N,N,MRTN,Nasdaq Trader Symbol Directory
MRVI,"Maravai LifeSciences Holdings, Inc. - Class A common stock",NASDAQ,N,N,MRVI,Nasdaq Trader Symbol Directory
MRVL,"Marvell Technology, Inc. - Common Stock",NASDAQ,N,N,MRVL,Nasdaq Trader Symbol Directory
MRX,Marex Group Limited - Ordinary Shares,NASDAQ,N,N,MRX,Nasdaq Trader Symbol Directory
MS,Morgan Stanley Common Stock,NYSE,N,N,MS,Nasdaq Trader Symbol Directory
MSA,MSA Safety Incorporated Common Stock,NYSE,N,N,MSA,Nasdaq Trader Symbol Directory
MSAI,"MultiSensor AI Holdings, Inc. - Common Stock",NASDAQ,N,N,MSAI,Nasdaq Trader Symbol Directory
MSB,Mesabi Trust Common Stock,NYSE,N,N,MSB,Nasdaq Trader Symbol Directory
MSBI,"Midland States Bancorp, Inc. - Common Stock",NASDAQ,N,N,MSBI,Nasdaq Trader Symbol Directory
MSCI,MSCI Inc. Common Stock,NYSE,N,N,MSCI,Nasdaq Trader Symbol Directory
MSD,"Morgan Stanley Emerging Markets Debt Fund, Inc. Common Stock",NYSE,N,N,MSD,Nasdaq Trader Symbol Directory
MSDL,Morgan Stanley Direct Lending Fund Common Stock,NYSE,N,N,MSDL,Nasdaq Trader Symbol Directory
MSEX,Middlesex Water Company - Common Stock,NASDAQ,N,N,MSEX,Nasdaq Trader Symbol Directory
MSFT,Microsoft Corporation - Common Stock,NASDAQ,N,N,MSFT,Nasdaq Trader Symbol Directory
MSGE,Madison Square Garden Entertainment Corp. Class A Common Stock,NYSE,N,N,MSGE,Nasdaq Trader Symbol Directory
MSGM,Motorsport Games Inc. - Class A Common Stock,NASDAQ,N,N,MSGM,Nasdaq Trader Symbol Directory
MSGS,Madison Square Garden Sports Corp. Class A Common Stock (New),NYSE,N,N,MSGS,Nasdaq Trader Symbol Directory
MSGY,Masonglory Limited - Class A Ordinary Shares,NASDAQ,N,N,MSGY,Nasdaq Trader Symbol Directory
MSI,"Motorola Solutions, Inc. Common Stock",NYSE,N,N,MSI,Nasdaq Trader Symbol Directory
MSIF,"MSC Income Fund, Inc. Common Stock",NYSE,N,N,MSIF,Nasdaq Trader Symbol Directory
MSLE,Satellos Bioscience Inc. - Common Stock,NASDAQ,N,N,MSLE,Nasdaq Trader Symbol Directory
MSM,"MSC Industrial Direct Company, Inc. Common Stock",NYSE,N,N,MSM,Nasdaq Trader Symbol Directory
MSN,Emerson Radio Corporation Common Stock,NYSE American,N,N,MSN,Nasdaq Trader Symbol Directory
MSS,Maison Solutions Inc. - Class A Common Stock,NASDAQ,N,N,MSS,Nasdaq Trader Symbol Directory
MSTR,Strategy Inc - Class A Common Stock,NASDAQ,N,N,MSTR,Nasdaq Trader Symbol Directory
MT,Arcelor Mittal NY Registry Shares NEW,NYSE,N,N,MT,Nasdaq Trader Symbol Directory
MTA,Metalla Royalty & Streaming Ltd. Common Shares,NYSE American,N,N,MTA,Nasdaq Trader Symbol Directory
MTB,M&T Bank Corporation Common Stock,NYSE,N,N,MTB,Nasdaq Trader Symbol Directory
MTC,"MMTec, Inc. - Common Shares",NASDAQ,N,N,MTC,Nasdaq Trader Symbol Directory
MTCH,"Match Group, Inc. - Common Stock",NASDAQ,N,N,MTCH,Nasdaq Trader Symbol Directory
MTD,"Mettler-Toledo International, Inc. Common Stock",NYSE,N,N,MTD,Nasdaq Trader Symbol Directory
MTDR,Matador Resources Company Common Stock,NYSE,N,N,MTDR,Nasdaq Trader Symbol Directory
MTEK,Maris-Tech Ltd. - ordinary shares,NASDAQ,N,N,MTEK,Nasdaq Trader Symbol Directory
MTEN,Mingteng International Corporation Inc. - Class A Ordinary Shares,NASDAQ,N,N,MTEN,Nasdaq Trader Symbol Directory
MTEX,"Mannatech, Incorporated - Common Stock",NASDAQ,N,N,MTEX,Nasdaq Trader Symbol Directory
MTG,MGIC Investment Corporation Common Stock,NYSE,N,N,MTG,Nasdaq Trader Symbol Directory
MTH,Meritage Homes Corporation Common Stock,NYSE,N,N,MTH,Nasdaq Trader Symbol Directory
MTN,"Vail Resorts, Inc. Common Stock",NYSE,N,N,MTN,Nasdaq Trader Symbol Directory
MTNB,"Matinas Biopharma Holdings, Inc. Common Stock",NYSE American,N,N,MTNB,Nasdaq Trader Symbol Directory
MTNE,CH4 Natural Solutions Corporation Class A Ordinary Shares,NYSE,N,N,MTNE,Nasdaq Trader Symbol Directory
MTR,Mesa Royalty Trust Common Stock,NYSE,N,N,MTR,Nasdaq Trader Symbol Directory
MTRN,Materion Corporation,NYSE,N,N,MTRN,Nasdaq Trader Symbol Directory
MTRX,Matrix Service Company - Common Stock,NASDAQ,N,N,MTRX,Nasdaq Trader Symbol Directory
MTSI,"MACOM Technology Solutions Holdings, Inc. - Common Stock",NASDAQ,N,N,MTSI,Nasdaq Trader Symbol Directory
MTUS,Metallus Inc. Common Shares,NYSE,N,N,MTUS,Nasdaq Trader Symbol Directory
MTVA,MetaVia Inc.  - Common Stock,NASDAQ,N,N,MTVA,Nasdaq Trader Symbol Directory
MTW,"Manitowoc Company, Inc. (The) Common Stock",NYSE,N,N,MTW,Nasdaq Trader Symbol Directory
MTX,Minerals Technologies Inc. Common Stock,NYSE,N,N,MTX,Nasdaq Trader Symbol Directory
MTZ,"MasTec, Inc. Common Stock",NYSE,N,N,MTZ,Nasdaq Trader Symbol Directory
MU,"Micron Technology, Inc. - Common Stock",NASDAQ,N,N,MU,Nasdaq Trader Symbol Directory
MUA,"Blackrock MuniAssets Fund, Inc Common Stock",NYSE,N,N,MUA,Nasdaq Trader Symbol Directory
MUC,"Blackrock MuniHoldings California Quality Fund, Inc.  Common Stock",NYSE,N,N,MUC,Nasdaq Trader Symbol Directory
MUFG,"Mitsubishi UFJ Financial Group, Inc. Common Stock",NYSE,N,N,MUFG,Nasdaq Trader Symbol Directory
MUJ,"Blackrock MuniHoldings New Jersey Quality Fund, Inc. Common Stock",NYSE,N,N,MUJ,Nasdaq Trader Symbol Directory
MUR,Murphy Oil Corporation Common Stock,NYSE,N,N,MUR,Nasdaq Trader Symbol Directory
MUSA,Murphy USA Inc. Common Stock,NYSE,N,N,MUSA,Nasdaq Trader Symbol Directory
MUX,McEwen Inc. Common Stock,NYSE,N,N,MUX,Nasdaq Trader Symbol Directory
MVBF,MVB Financial Corp. - Common Stock,NASDAQ,N,N,MVBF,Nasdaq Trader Symbol Directory
MVIS,"MicroVision, Inc. - Common Stock",NASDAQ,N,N,MVIS,Nasdaq Trader Symbol Directory
MVST,"Microvast Holdings, Inc. - Common Stock",NASDAQ,N,N,MVST,Nasdaq Trader Symbol Directory
MWA,MUELLER WATER PRODUCTS Common Stock,NYSE,N,N,MWA,Nasdaq Trader Symbol Directory
MWG,Multi Ways Holdings Limited Class A Ordinary Shares,NYSE American,N,N,MWG,Nasdaq Trader Symbol Directory
MWH,"SOLV Energy, Inc. - Class A common stock",NASDAQ,N,N,MWH,Nasdaq Trader Symbol Directory
MWYN,"Marwynn Holdings, Inc. - Common stock",NASDAQ,N,N,MWYN,Nasdaq Trader Symbol Directory
MX,Magnachip Semiconductor Corporation Common Stock,NYSE,N,N,MX,Nasdaq Trader Symbol Directory
MXC,Mexco Energy Corporation Common Stock,NYSE American,N,N,MXC,Nasdaq Trader Symbol Directory
MXCT,"MaxCyte, Inc. - Common Stock",NASDAQ,N,N,MXCT,Nasdaq Trader Symbol Directory
MXE,"Mexico Equity and Income Fund, Inc. (The) Common Stock",NYSE,N,N,MXE,Nasdaq Trader Symbol Directory
MXF,"Mexico Fund, Inc. (The) Common Stock",NYSE,N,N,MXF,Nasdaq Trader Symbol Directory
MXL,"MaxLinear, Inc - Common Stock",NASDAQ,N,N,MXL,Nasdaq Trader Symbol Directory
MYE,"Myers Industries, Inc. Common Stock",NYSE,N,N,MYE,Nasdaq Trader Symbol Directory
MYFW,"First Western Financial, Inc. - Common Stock",NASDAQ,N,N,MYFW,Nasdaq Trader Symbol Directory
MYGN,"Myriad Genetics, Inc. - Common Stock",NASDAQ,N,N,MYGN,Nasdaq Trader Symbol Directory
MYI,"Blackrock MuniYield Quality Fund III, Inc Common Stock",NYSE,N,N,MYI,Nasdaq Trader Symbol Directory
MYN,"Blackrock MuniYield New York Quality Fund, Inc.Common Stock",NYSE,N,N,MYN,Nasdaq Trader Symbol Directory
MYO,Myomo Inc. Common Stock,NYSE American,N,N,MYO,Nasdaq Trader Symbol Directory
MYPS,"PLAYSTUDIOS, Inc.  - Class A Common Stock",NASDAQ,N,N,MYPS,Nasdaq Trader Symbol Directory
MYRG,"MYR Group, Inc. - Common Stock",NASDAQ,N,N,MYRG,Nasdaq Trader Symbol Directory
MYSE,"Myseum.AI, Inc. - Common Stock",NASDAQ,N,N,MYSE,Nasdaq Trader Symbol Directory
MYSZ,"My Size, Inc. - Common Stock",NASDAQ,N,N,MYSZ,Nasdaq Trader Symbol Directory
MZTI,The Marzetti Company - Common Stock,NASDAQ,N,N,MZTI,Nasdaq Trader Symbol Directory
NABL,"N-able, Inc. Common Stock",NYSE,N,N,NABL,Nasdaq Trader Symbol Directory
NAC,Nuveen California Quality Municipal Income Fund,NYSE,N,N,NAC,Nasdaq Trader Symbol Directory
NAD,Nuveen Quality Municipal Income Fund Common Stock,NYSE,N,N,NAD,Nasdaq Trader Symbol Directory
NAGE,"Niagen Bioscience, Inc. - Common Stock",NASDAQ,N,N,NAGE,Nasdaq Trader Symbol Directory
NAII,"Natural Alternatives International, Inc. - Common Stock",NASDAQ,N,N,NAII,Nasdaq Trader Symbol Directory
NAK,"Northern Dynasty Minerals, Ltd. Common Stock",NYSE American,N,N,NAK,Nasdaq Trader Symbol Directory
NAKA,Nakamoto Inc. - Common Stock,NASDAQ,N,N,NAKA,Nasdaq Trader Symbol Directory
NAMM,Namib Minerals - Ordinary Shares,NASDAQ,N,N,NAMM,Nasdaq Trader Symbol Directory
NAMS,NewAmsterdam Pharma Company N.V. - Ordinary Shares,NASDAQ,N,N,NAMS,Nasdaq Trader Symbol Directory
NAN,Nuveen New York Quality Municipal Income Fund Common Stock,NYSE,N,N,NAN,Nasdaq Trader Symbol Directory
NAT,Nordic American Tankers Limited Common Stock,NYSE,N,N,NAT,Nasdaq Trader Symbol Directory
NATH,"Nathan's Famous, Inc. - Common Stock",NASDAQ,N,N,NATH,Nasdaq Trader Symbol Directory
NATL,NCR Atleos Corporation Common Stock,NYSE,N,N,NATL,Nasdaq Trader Symbol Directory
NATR,"Nature's Sunshine Products, Inc. - Common Stock",NASDAQ,N,N,NATR,Nasdaq Trader Symbol Directory
NAUT,"Nautilus Biotechnology, Inc. - Common Stock",NASDAQ,N,N,NAUT,Nasdaq Trader Symbol Directory
NAVI,Navient Corporation - Common Stock,NASDAQ,N,N,NAVI,Nasdaq Trader Symbol Directory
NAVN,"Navan, Inc. - Class A Common Stock",NASDAQ,N,N,NAVN,Nasdaq Trader Symbol Directory
NAZ,Nuveen Arizona Quality Municipal Income Fund Common Stock,NYSE,N,N,NAZ,Nasdaq Trader Symbol Directory
NB,NioCorp Developments Ltd. - Common Stock,NASDAQ,N,N,NB,Nasdaq Trader Symbol Directory
NBB,Nuveen Taxable Municipal Income Fund Common Shares of Beneficial Interest,NYSE,N,N,NBB,Nasdaq Trader Symbol Directory
NBBK,"NB Bancorp, Inc. - Common Stock",NASDAQ,N,N,NBBK,Nasdaq Trader Symbol Directory
NBH,Neuberger Municipal Fund Inc. Common Stock,NYSE American,N,N,NBH,Nasdaq Trader Symbol Directory
NBHC,National Bank Holdings Corporation Common Stock,NYSE,N,N,NBHC,Nasdaq Trader Symbol Directory
NBIS,Nebius Group N.V. - Class A Ordinary Shares,NASDAQ,N,N,NBIS,Nasdaq Trader Symbol Directory
NBIX,"Neurocrine Biosciences, Inc. - Common Stock",NASDAQ,N,N,NBIX,Nasdaq Trader Symbol Directory
NBN,Northeast Bank - Common Stock,NASDAQ,N,N,NBN,Nasdaq Trader Symbol Directory
NBR,Nabors Industries Ltd.,NYSE,N,N,NBR,Nasdaq Trader Symbol Directory
NBRG,Newbridge Acquisition Limited - Class A Ordinary Share,NASDAQ,N,N,NBRG,Nasdaq Trader Symbol Directory
NBTB,NBT Bancorp Inc. - Common Stock,NASDAQ,N,N,NBTB,Nasdaq Trader Symbol Directory
NBTX,Nanobiotix S.A. - ADSs,NASDAQ,N,N,NBTX,Nasdaq Trader Symbol Directory
NBXG,Neuberger Next Generation Connectivity Fund Inc. Common Stock,NYSE,N,N,NBXG,Nasdaq Trader Symbol Directory
NC,"NACCO Industries, Inc. Common Stock",NYSE,N,N,NC,Nasdaq Trader Symbol Directory
NCA,Nuveen California Municipal Value Fund,NYSE,N,N,NCA,Nasdaq Trader Symbol Directory
NCDL,Nuveen Churchill Direct Lending Corp. Common Stock,NYSE,N,N,NCDL,Nasdaq Trader Symbol Directory
NCEL,NewcelX Ltd. - Ordinary Shares,NASDAQ,N,N,NCEL,Nasdaq Trader Symbol Directory
NCEW,New Century Logistics (BVI) Limited - Ordinary Shares,NASDAQ,N,N,NCEW,Nasdaq Trader Symbol Directory
NCI,Neo-Concept International Group Holdings Limited - Class A Ordinary Shares,NASDAQ,N,N,NCI,Nasdaq Trader Symbol Directory
NCLH,Norwegian Cruise Line Holdings Ltd. Ordinary Shares,NYSE,N,N,NCLH,Nasdaq Trader Symbol Directory
NCMI,"National CineMedia, Inc. - Common Stock",NASDAQ,N,N,NCMI,Nasdaq Trader Symbol Directory
NCNO,"nCino, Inc. - Common Stock",NASDAQ,N,N,NCNO,Nasdaq Trader Symbol Directory
NCO,Southern Cross Acquisition I Corp. - Ordinary Shares,NASDAQ,N,N,NCO,Nasdaq Trader Symbol Directory
NCPL,Netcapital Inc. - Common Stock,NASDAQ,N,N,NCPL,Nasdaq Trader Symbol Directory
NCRA,"Nocera, Inc. - common stock",NASDAQ,N,N,NCRA,Nasdaq Trader Symbol Directory
NCSM,"NCS Multistage Holdings, Inc. - Common Stock",NASDAQ,N,N,NCSM,Nasdaq Trader Symbol Directory
NCT,Intercont (Cayman) Limited - Class A Ordinary shares,NASDAQ,N,N,NCT,Nasdaq Trader Symbol Directory
NCTY,The9 Limited - American Depository Shares,NASDAQ,N,N,NCTY,Nasdaq Trader Symbol Directory
NCV,Virtus Convertible & Income Fund Common Shares of Beneficial Interest,NYSE,N,N,NCV,Nasdaq Trader Symbol Directory
NCZ,Virtus Convertible & Income Fund II Common Shares of Beneficial Interest,NYSE,N,N,NCZ,Nasdaq Trader Symbol Directory
NDAQ,"Nasdaq, Inc. - Common Stock",NASDAQ,N,N,NDAQ,Nasdaq Trader Symbol Directory
NDLS,Noodles & Company - Class A Common Stock,NASDAQ,N,N,NDLS,Nasdaq Trader Symbol Directory
NDMO,Nuveen Dynamic Municipal Opportunities Fund Common Shares of Beneficial Interest,NYSE,N,N,NDMO,Nasdaq Trader Symbol Directory
NDRA,ENDRA Life Sciences Inc. - Common Stock,NASDAQ,N,N,NDRA,Nasdaq Trader Symbol Directory
NDSN,Nordson Corporation - Common Stock,NASDAQ,N,N,NDSN,Nasdaq Trader Symbol Directory
NE,Noble Corporation plc A Ordinary Shares,NYSE,N,N,NE,Nasdaq Trader Symbol Directory
NEA,Nuveen AMT-Free Quality Municipal Income Fund Common Shares of Beneficial Interest Par Value $.01,NYSE,N,N,NEA,Nasdaq Trader Symbol Directory
NECB,"NorthEast Community Bancorp, Inc. - Common Stock",NASDAQ,N,N,NECB,Nasdaq Trader Symbol Directory
NEE,"NextEra Energy, Inc. Common Stock",NYSE,N,N,NEE,Nasdaq Trader Symbol Directory
NEGG,"Newegg Commerce, Inc. - Common Shares",NASDAQ,N,N,NEGG,Nasdaq Trader Symbol Directory
NEM,Newmont Corporation,NYSE,N,N,NEM,Nasdaq Trader Symbol Directory
NEO,"NeoGenomics, Inc. - Common Stock",NASDAQ,N,N,NEO,Nasdaq Trader Symbol Directory
NEOG,Neogen Corporation - Common Stock,NASDAQ,N,N,NEOG,Nasdaq Trader Symbol Directory
NEON,Neonode Inc. - Common Stock,NASDAQ,N,N,NEON,Nasdaq Trader Symbol Directory
NEOV,NeoVolta Inc. - Common Stock,NASDAQ,N,N,NEOV,Nasdaq Trader Symbol Directory
NEPH,"Nephros, Inc. - Common Stock",NASDAQ,N,N,NEPH,Nasdaq Trader Symbol Directory
NERV,"Minerva Neurosciences, Inc - Common Stock",NASDAQ,N,N,NERV,Nasdaq Trader Symbol Directory
NESR,National Energy Services Reunited Corp - Ordinary Shares,NASDAQ,N,N,NESR,Nasdaq Trader Symbol Directory
NET,"Cloudflare, Inc. Class A Common Stock",NYSE,N,N,NET,Nasdaq Trader Symbol Directory
NEU,NewMarket Corp Common Stock,NYSE,N,N,NEU,Nasdaq Trader Symbol Directory
NEUP,Neuphoria Therapeutics Inc. - Common Stock,NASDAQ,N,N,NEUP,Nasdaq Trader Symbol Directory
NEWP,New Pacific Metals Corp. Common Shares,NYSE American,N,N,NEWP,Nasdaq Trader Symbol Directory
NEWT,"NewtekOne, Inc. - Common Stock",NASDAQ,N,N,NEWT,Nasdaq Trader Symbol Directory
NEWTG,"NewtekOne, Inc. - 8.50% Fixed Rate Senior Notes due 2029",NASDAQ,N,N,NEWTG,Nasdaq Trader Symbol Directory
NEWTH,"NewtekOne, Inc. - 8.625% Fixed Rate Senior Notes due 2029",NASDAQ,N,N,NEWTH,Nasdaq Trader Symbol Directory
NEWTI,"NewtekOne, Inc. - 8.00% Fixed Rate Senior Notes due 2028",NASDAQ,N,N,NEWTI,Nasdaq Trader Symbol Directory
NEWTO,"NewtekOne, Inc. - 8.50% Fixed Rate Senior Notes due 2031",NASDAQ,N,N,NEWTO,Nasdaq Trader Symbol Directory
NEXA,Nexa Resources S.A. Common Shares,NYSE,N,N,NEXA,Nasdaq Trader Symbol Directory
NEXM,NexMetals Mining Corp. - Common Stock,NASDAQ,N,N,NEXM,Nasdaq Trader Symbol Directory
NEXN,Nexxen International Ltd. - Ordinary Shares,NASDAQ,N,N,NEXN,Nasdaq Trader Symbol Directory
NEXR,Nexera Technologies Ltd - Ordinary Shares,NASDAQ,N,N,NEXR,Nasdaq Trader Symbol Directory
NEXT,NextDecade Corporation - Common Stock,NASDAQ,N,N,NEXT,Nasdaq Trader Symbol Directory
NFE,New Fortress Energy Inc. - Class A Common Stock,NASDAQ,N,N,NFE,Nasdaq Trader Symbol Directory
NFG,National Fuel Gas Company Common Stock,NYSE,N,N,NFG,Nasdaq Trader Symbol Directory
NFGC,New Found Gold Corp Common Shares,NYSE American,N,N,NFGC,Nasdaq Trader Symbol Directory
NFJ,"Virtus Dividend, Interest & Premium Strategy Fund Common Shares of Beneficial Interest",NYSE,N,N,NFJ,Nasdaq Trader Symbol Directory
NFLX,"Netflix, Inc. - Common Stock",NASDAQ,N,N,NFLX,Nasdaq Trader Symbol Directory
NG,Novagold Resources Inc.,NYSE American,N,N,NG,Nasdaq Trader Symbol Directory
NGEN,NervGen Pharma Corp. - Common stock,NASDAQ,N,N,NGEN,Nasdaq Trader Symbol Directory
NGNE,Neurogene Inc. - Common Stock,NASDAQ,N,N,NGNE,Nasdaq Trader Symbol Directory
NGS,"Natural Gas Services Group, Inc. Common Stock",NYSE,N,N,NGS,Nasdaq Trader Symbol Directory
NGVC,"Natural Grocers by Vitamin Cottage, Inc. Common Stock",NYSE,N,N,NGVC,Nasdaq Trader Symbol Directory
NGVT,Ingevity Corporation Common Stock ,NYSE,N,N,NGVT,Nasdaq Trader Symbol Directory
NHC,National HealthCare Corporation Common Stock,NYSE American,N,N,NHC,Nasdaq Trader Symbol Directory
NHI,"National Health Investors, Inc. Common Stock",NYSE,N,N,NHI,Nasdaq Trader Symbol Directory
NHIC,NewHold Investment Corp III - Class A Ordinary shares,NASDAQ,N,N,NHIC,Nasdaq Trader Symbol Directory
NHIV,NewHold Investment Corp IV - Class A Ordinary Shares,NASDAQ,N,N,NHIV,Nasdaq Trader Symbol Directory
NHP,"National Healthcare Properties, Inc. - Class A Common Stock",NASDAQ,N,N,NHP,Nasdaq Trader Symbol Directory
NHS,Neuberger High Yield Strategies Fund Inc. Common Stock,NYSE American,N,N,NHS,Nasdaq Trader Symbol Directory
NHTC,Natural Health Trends Corp. - Common Stock,NASDAQ,N,N,NHTC,Nasdaq Trader Symbol Directory
NI,NiSource Inc Common Stock,NYSE,N,N,NI,Nasdaq Trader Symbol Directory
NIC,Nicolet Bankshares Inc. Common Stock,NYSE,N,N,NIC,Nasdaq Trader Symbol Directory
NIE,Virtus Equity & Convertible Income Fund Common Shares of Beneficial Interest,NYSE,N,N,NIE,Nasdaq Trader Symbol Directory
NIKI,"Niki BioSolutions, Inc. - Common Stock",NASDAQ,N,N,NIKI,Nasdaq Trader Symbol Directory
NIM,Nuveen Select Maturities Municipal Fund Common Stock,NYSE,N,N,NIM,Nasdaq Trader Symbol Directory
NINE,"Nine Energy Service, Inc. Common Stock",NYSE American,N,N,NINE,Nasdaq Trader Symbol Directory
NIQ,NIQ Global Intelligence plc Ordinary Shares,NYSE,N,N,NIQ,Nasdaq Trader Symbol Directory
NIVF,NewGenIvf Group Limited - Class A Ordinary Shares,NASDAQ,N,N,NIVF,Nasdaq Trader Symbol Directory
NIXX,"Nixxy, Inc. - Common Stock",NASDAQ,N,N,NIXX,Nasdaq Trader Symbol Directory
NJR,NewJersey Resources Corporation Common Stock,NYSE,N,N,NJR,Nasdaq Trader Symbol Directory
NKE,"Nike, Inc. Common Stock",NYSE,N,N,NKE,Nasdaq Trader Symbol Directory
NKLR,Terra Innovatum Global N.V. - Ordinary shares,NASDAQ,N,N,NKLR,Nasdaq Trader Symbol Directory
NKSH,"National Bankshares, Inc. - Common Stock",NASDAQ,N,N,NKSH,Nasdaq Trader Symbol Directory
NKTR,Nektar Therapeutics - Common Stock,NASDAQ,N,N,NKTR,Nasdaq Trader Symbol Directory
NKTX,"Nkarta, Inc. - Common Stock",NASDAQ,N,N,NKTX,Nasdaq Trader Symbol Directory
NKX,Nuveen California AMT-Free Quality Municipal Income Fund,NYSE,N,N,NKX,Nasdaq Trader Symbol Directory
NL,"NLI Holdings, Inc. Common Stock",NYSE,N,N,NL,Nasdaq Trader Symbol Directory
NLOP,Net Lease Office Properties Common Shares of Beneficial Interest,NYSE,N,N,NLOP,Nasdaq Trader Symbol Directory
NLY,Annaly Capital Management Inc. Common Stock,NYSE,N,N,NLY,Nasdaq Trader Symbol Directory
NMAD,"Nomad Power Solutions, Inc. - Common Stock",NASDAQ,N,N,NMAD,Nasdaq Trader Symbol Directory
NMAI,Nuveen Multi-Asset Income Fund Common Shares of Beneficial Interest,NYSE,N,N,NMAI,Nasdaq Trader Symbol Directory
NMAX,"Newsmax, Inc. Class B Common Stock",NYSE,N,N,NMAX,Nasdaq Trader Symbol Directory
NMCO,Nuveen Municipal Credit Opportunities Fund Common Shares,NYSE,N,N,NMCO,Nasdaq Trader Symbol Directory
NMFC,New Mountain Finance Corporation - Common Stock,NASDAQ,N,N,NMFC,Nasdaq Trader Symbol Directory
NMFCZ,New Mountain Finance Corporation - 8.250% Notes due 2028,NASDAQ,N,N,NMFCZ,Nasdaq Trader Symbol Directory
NMG,Nouveau Monde Graphite Inc. Common Shares,NYSE,N,N,NMG,Nasdaq Trader Symbol Directory
NMI,"Nuveen Municipal Income Fund, Inc. Common Stock",NYSE,N,N,NMI,Nasdaq Trader Symbol Directory
NMIH,NMI Holdings Inc - Common Stock,NASDAQ,N,N,NMIH,Nasdaq Trader Symbol Directory
NML,Neuberger Energy Infrastructure and Income Fund Inc. Common Stock,NYSE American,N,N,NML,Nasdaq Trader Symbol Directory
NMRA,"Neumora Therapeutics, Inc. - Common Stock",NASDAQ,N,N,NMRA,Nasdaq Trader Symbol Directory
NMRK,"Newmark Group, Inc. - Class A Common Stock",NASDAQ,N,N,NMRK,Nasdaq Trader Symbol Directory
NMS,Nuveen Minnesota Quality Municipal Income Fund ,NYSE,N,N,NMS,Nasdaq Trader Symbol Directory
NMT,Nuveen Massachusetts Quality Municipal Income Fund Common Stock,NYSE,N,N,NMT,Nasdaq Trader Symbol Directory
NMTC,NeuroOne Medical Technologies Corporation - Common Stock,NASDAQ,N,N,NMTC,Nasdaq Trader Symbol Directory
NMZ,"Nuveen Municipal High Income Opportunity Fund Common Stock, $0.01 par value, per share",NYSE,N,N,NMZ,Nasdaq Trader Symbol Directory
NN,NextNav Inc. - Common stock,NASDAQ,N,N,NN,Nasdaq Trader Symbol Directory
NNBR,"NN, Inc. - Common Stock",NASDAQ,N,N,NNBR,Nasdaq Trader Symbol Directory
NNE,Nano Nuclear Energy Inc. - common stock,NASDAQ,N,N,NNE,Nasdaq Trader Symbol Directory
NNI,"Nelnet, Inc. Common Stock",NYSE,N,N,NNI,Nasdaq Trader Symbol Directory
NNN,"NNN REIT, Inc. Common Stock",NYSE,N,N,NNN,Nasdaq Trader Symbol Directory
NNNN,Anbio Biotechnology - Class A Ordinary Shares,NASDAQ,N,N,NNNN,Nasdaq Trader Symbol Directory
NNOX,NANO-X IMAGING LTD - Ordinary Shares,NASDAQ,N,N,NNOX,Nasdaq Trader Symbol Directory
NNVC,"NanoViricides, Inc. Common Stock",NYSE American,N,N,NNVC,Nasdaq Trader Symbol Directory
NNY,Nuveen New York Municipal Value Fund Common Stock,NYSE,N,N,NNY,Nasdaq Trader Symbol Directory
NOA,North American Construction Group Ltd. Common Shares (no par),NYSE,N,N,NOA,Nasdaq Trader Symbol Directory
NOC,Northrop Grumman Corporation Common Stock,NYSE,N,N,NOC,Nasdaq Trader Symbol Directory
NODK,"NI Holdings, Inc. - Common Stock",NASDAQ,N,N,NODK,Nasdaq Trader Symbol Directory
NOEM,CO2 Energy Transition Corp. - Common Stock,NASDAQ,N,N,NOEM,Nasdaq Trader Symbol Directory
NOG,"Northern Oil and Gas, Inc. Common Stock",NYSE,N,N,NOG,Nasdaq Trader Symbol Directory
NOMA,NOMADAR Corp. - Class A Common Stock,NASDAQ,N,N,NOMA,Nasdaq Trader Symbol Directory
NOMD,Nomad Foods Limited Ordinary Shares,NYSE,N,N,NOMD,Nasdaq Trader Symbol Directory
NOV,NOV Inc. Common Stock,NYSE,N,N,NOV,Nasdaq Trader Symbol Directory
NOVT,Novanta Inc. - Common Shares,NASDAQ,N,N,NOVT,Nasdaq Trader Symbol Directory
NOW,"ServiceNow, Inc. Common Stock",NYSE,N,N,NOW,Nasdaq Trader Symbol Directory
NP,Neptune Insurance Holdings Inc. Class A Common Stock,NYSE,N,N,NP,Nasdaq Trader Symbol Directory
NPB,"Northpointe Bancshares, Inc. Common Stock",NYSE,N,N,NPB,Nasdaq Trader Symbol Directory
NPCE,"Neuropace, Inc. - Common Stock",NASDAQ,N,N,NPCE,Nasdaq Trader Symbol Directory
NPCT,Nuveen Core Plus Impact Fund Common Shares of Beneficial Interest,NYSE,N,N,NPCT,Nasdaq Trader Symbol Directory
NPK,"National Presto Industries, Inc. Common Stock",NYSE,N,N,NPK,Nasdaq Trader Symbol Directory
NPKI,NPK International Inc. Common Stock,NYSE,N,N,NPKI,Nasdaq Trader Symbol Directory
NPO,Enpro Inc. Common Stock,NYSE,N,N,NPO,Nasdaq Trader Symbol Directory
NPT,Texxon Holding Limited - Ordinary shares,NASDAQ,N,N,NPT,Nasdaq Trader Symbol Directory
NPV,Nuveen Virginia Quality Municipal Income Fund Common Stock,NYSE,N,N,NPV,Nasdaq Trader Symbol Directory
NPWR,NET Power Inc. Class A Common Stock,NYSE,N,N,NPWR,Nasdaq Trader Symbol Directory
NRC,NRC Health - Common Stock,NASDAQ,N,N,NRC,Nasdaq Trader Symbol Directory
NRDS,"NerdWallet, Inc. - Class A Common Stock",NASDAQ,N,N,NRDS,Nasdaq Trader Symbol Directory
NRDY,Nerdy Inc. Class A Common Stock,NYSE,N,N,NRDY,Nasdaq Trader Symbol Directory
NREF,"NexPoint Real Estate Finance, Inc. Common Stock",NYSE,N,N,NREF,Nasdaq Trader Symbol Directory
NRG,"NRG Energy, Inc. Common Stock",NYSE,N,N,NRG,Nasdaq Trader Symbol Directory
NRGV,"Energy Vault Holdings, Inc. Common Stock",NYSE,N,N,NRGV,Nasdaq Trader Symbol Directory
NRIM,Northrim BanCorp Inc - Common Stock,NASDAQ,N,N,NRIM,Nasdaq Trader Symbol Directory
NRIX,"Nurix Therapeutics, Inc. - Common stock",NASDAQ,N,N,NRIX,Nasdaq Trader Symbol Directory
NRK,Nuveen New York AMT-Free Quality Municipal Income Fund ,NYSE,N,N,NRK,Nasdaq Trader Symbol Directory
NRO,Neuberger Real Estate Securities Income Fund Inc. Common Stock,NYSE American,N,N,NRO,Nasdaq Trader Symbol Directory
NRP,Natural Resource Partners LP Limited Partnership,NYSE,N,N,NRP,Nasdaq Trader Symbol Directory
NRSN,NeuroSense Therapeutics Ltd. - Ordinary Shares,NASDAQ,N,N,NRSN,Nasdaq Trader Symbol Directory
NRT,North European Oil Royality Trust Common Stock,NYSE,N,N,NRT,Nasdaq Trader Symbol Directory
NRUC,National Rural Utilities Cooperative Finance Corporation 5.500% Subordinated Notes due 2064 (Subordinated Deferrable Interest Notes),NYSE,N,N,NRUC,Nasdaq Trader Symbol Directory
NRXP,"NRX Pharmaceuticals, Inc. - Common Stock",NASDAQ,N,N,NRXP,Nasdaq Trader Symbol Directory
NRXS,"Neuraxis, Inc. Common Stock",NYSE American,N,N,NRXS,Nasdaq Trader Symbol Directory
NSC,Norfolk Southern Corporation Common Stock,NYSE,N,N,NSC,Nasdaq Trader Symbol Directory
NSIT,"Insight Enterprises, Inc. - Common Stock",NASDAQ,N,N,NSIT,Nasdaq Trader Symbol Directory
NSLR,Neostellar Capital Corp. - Closed End Fund,NASDAQ,N,N,NSLR,Nasdaq Trader Symbol Directory
NSLRL,Neostellar Capital Corp. - 6.00% Notes due 2026,NASDAQ,N,N,NSLRL,Nasdaq Trader Symbol Directory
NSP,"Insperity, Inc. Common Stock",NYSE,N,N,NSP,Nasdaq Trader Symbol Directory
NSPR,InspireMD Inc. - Common Stock,NASDAQ,N,N,NSPR,Nasdaq Trader Symbol Directory
NSRX,Nasus Pharma Ltd. Ordinary Shares,NYSE American,N,N,NSRX,Nasdaq Trader Symbol Directory
NSSC,"NAPCO Security Technologies, Inc. - Common Stock",NASDAQ,N,N,NSSC,Nasdaq Trader Symbol Directory
NSTS,"NSTS Bancorp, Inc. - Common Stock",NASDAQ,N,N,NSTS,Nasdaq Trader Symbol Directory
NSYS,Nortech Systems Incorporated - Common Stock,NASDAQ,N,N,NSYS,Nasdaq Trader Symbol Directory
NTAP,"NetApp, Inc. - Common Stock",NASDAQ,N,N,NTAP,Nasdaq Trader Symbol Directory
NTB,Bank of N.T. Butterfield & Son Limited (The) Voting Ordinary Shares,NYSE,N,N,NTB,Nasdaq Trader Symbol Directory
NTCL,NETCLASS TECHNOLOGY INC - Class A Ordinary Shares,NASDAQ,N,N,NTCL,Nasdaq Trader Symbol Directory
NTCT,"NetScout Systems, Inc. - Common Stock",NASDAQ,N,N,NTCT,Nasdaq Trader Symbol Directory
NTGR,"NETGEAR, Inc. - Common Stock",NASDAQ,N,N,NTGR,Nasdaq Trader Symbol Directory
NTHI,"NeOnc Technologies Holdings, Inc. - Common Stock",NASDAQ,N,N,NTHI,Nasdaq Trader Symbol Directory
NTIC,Northern Technologies International Corporation - Common Stock,NASDAQ,N,N,NTIC,Nasdaq Trader Symbol Directory
NTIP,"Network-1 Technologies, Inc. Common Stock",NYSE American,N,N,NTIP,Nasdaq Trader Symbol Directory
NTLA,"Intellia Therapeutics, Inc. - Common Stock",NASDAQ,N,N,NTLA,Nasdaq Trader Symbol Directory
NTNX,"Nutanix, Inc. - Class A Common Stock",NASDAQ,N,N,NTNX,Nasdaq Trader Symbol Directory
NTR,Nutrien Ltd. Common Shares,NYSE,N,N,NTR,Nasdaq Trader Symbol Directory
NTRA,"Natera, Inc. - Common Stock",NASDAQ,N,N,NTRA,Nasdaq Trader Symbol Directory
NTRB,Nutriband Inc. - Common Stock,NASDAQ,N,N,NTRB,Nasdaq Trader Symbol Directory
NTRP,"NextTrip, Inc. - Common Stock",NASDAQ,N,N,NTRP,Nasdaq Trader Symbol Directory
NTRS,Northern Trust Corporation - Common Stock,NASDAQ,N,N,NTRS,Nasdaq Trader Symbol Directory
NTSK,"Netskope, Inc. - Class A Common Stock",NASDAQ,N,N,NTSK,Nasdaq Trader Symbol Directory
NTST,NetSTREIT Corp. Common Stock,NYSE,N,N,NTST,Nasdaq Trader Symbol Directory
NTWK,NETSOL Technologies Inc. - Common Stock,NASDAQ,N,N,NTWK,Nasdaq Trader Symbol Directory
NTZ,"Natuzzi, S.p.A.",NYSE,N,N,NTZ,Nasdaq Trader Symbol Directory
NU,Nu Holdings Ltd. Class A Ordinary Shares,NYSE,N,N,NU,Nasdaq Trader Symbol Directory
NUAI,"New Era Energy & Digital, Inc. - Common Stock",NASDAQ,N,N,NUAI,Nasdaq Trader Symbol Directory
NUCL,Eagle Nuclear Energy Corp. - Common stock,NASDAQ,N,N,NUCL,Nasdaq Trader Symbol Directory
NUE,Nucor Corporation Common Stock,NYSE,N,N,NUE,Nasdaq Trader Symbol Directory
NUR,Nuran Wireless Inc. - Common Shares,NASDAQ,N,N,NUR,Nasdaq Trader Symbol Directory
NUS,"Nu Skin Enterprises, Inc. Common Stock",NYSE,N,N,NUS,Nasdaq Trader Symbol Directory
NUTX,Nutex Health Inc. - Common Stock,NASDAQ,N,N,NUTX,Nasdaq Trader Symbol Directory
NUV,"Nuveen Municipal Value Fund, Inc. Common Stock",NYSE,N,N,NUV,Nasdaq Trader Symbol Directory
NUVB,Nuvation Bio Inc. Class A Common Stock,NYSE,N,N,NUVB,Nasdaq Trader Symbol Directory
NUW,Nuveen AMT-Free Municipal Value Fund,NYSE,N,N,NUW,Nasdaq Trader Symbol Directory
NUWE,"Nuwellis, Inc. - Common Stock",NASDAQ,N,N,NUWE,Nasdaq Trader Symbol Directory
NVA,Nova Minerals Corp Common Stock,NYSE American,N,N,NVA,Nasdaq Trader Symbol Directory
NVAX,"Novavax, Inc. - Common Stock",NASDAQ,N,N,NVAX,Nasdaq Trader Symbol Directory
NVCR,NovoCure Limited - Ordinary Shares,NASDAQ,N,N,NVCR,Nasdaq Trader Symbol Directory
NVCT,"Nuvectis Pharma, Inc. - Common Stock",NASDAQ,N,N,NVCT,Nasdaq Trader Symbol Directory
NVDA,NVIDIA Corporation - Common Stock,NASDAQ,N,N,NVDA,Nasdaq Trader Symbol Directory
NVEC,NVE Corporation - Common Stock,NASDAQ,N,N,NVEC,Nasdaq Trader Symbol Directory
NVG,Nuveen AMT-Free Municipal Credit Income Fund ,NYSE,N,N,NVG,Nasdaq Trader Symbol Directory
NVGS,Navigator Holdings Ltd. Ordinary Shares (Marshall Islands),NYSE,N,N,NVGS,Nasdaq Trader Symbol Directory
NVMI,Nova Ltd. - Ordinary Shares,NASDAQ,N,N,NVMI,Nasdaq Trader Symbol Directory
NVNI,Nvni Group Limited - Ordinary Shares,NASDAQ,N,N,NVNI,Nasdaq Trader Symbol Directory
NVNO,enVVeno Medical Corporation - Common Stock,NASDAQ,N,N,NVNO,Nasdaq Trader Symbol Directory
NVO,Novo Nordisk A/S Common Stock,NYSE,N,N,NVO,Nasdaq Trader Symbol Directory
NVR,"NVR, Inc. Common Stock",NYSE,N,N,NVR,Nasdaq Trader Symbol Directory
NVRI,Enviri Corporation Common Stock,NYSE,N,N,NVRI,Nasdaq Trader Symbol Directory
NVS,Novartis AG Common Stock,NYSE,N,N,NVS,Nasdaq Trader Symbol Directory
NVST,Envista Holdings Corporation Common Stock,NYSE,N,N,NVST,Nasdaq Trader Symbol Directory
NVT,nVent Electric plc Ordinary Shares ,NYSE,N,N,NVT,Nasdaq Trader Symbol Directory
NVTS,Navitas Semiconductor Corporation - Common Stock,NASDAQ,N,N,NVTS,Nasdaq Trader Symbol Directory
NVX,NOVONIX Limited - American Depository Shares,NASDAQ,N,N,NVX,Nasdaq Trader Symbol Directory
NWAX,New America Acquisition I Corp. Class A Common Stock,NYSE,N,N,NWAX,Nasdaq Trader Symbol Directory
NWBI,"Northwest Bancshares, Inc. - Common Stock",NASDAQ,N,N,NWBI,Nasdaq Trader Symbol Directory
NWE,"NorthWestern Energy Group, Inc.  - Common Stock",NASDAQ,N,N,NWE,Nasdaq Trader Symbol Directory
NWFL,Norwood Financial Corp. - Common Stock,NASDAQ,N,N,NWFL,Nasdaq Trader Symbol Directory
NWL,Newell Brands Inc. - Common Stock,NASDAQ,N,N,NWL,Nasdaq Trader Symbol Directory
NWN,Northwest Natural Holding Company Common Stock,NYSE,N,N,NWN,Nasdaq Trader Symbol Directory
NWPX,"NWPX Infrastructure, Inc. - Common Stock",NASDAQ,N,N,NWPX,Nasdaq Trader Symbol Directory
NWS,News Corporation - Class B Common Stock,NASDAQ,N,N,NWS,Nasdaq Trader Symbol Directory
NWSA,News Corporation - Class A Common Stock,NASDAQ,N,N,NWSA,Nasdaq Trader Symbol Directory
NWTG,"Newton Golf Company, Inc. - Common Stock",NASDAQ,N,N,NWTG,Nasdaq Trader Symbol Directory
NX,Quanex Building Products Corporation Common Stock,NYSE,N,N,NX,Nasdaq Trader Symbol Directory
NXB,NextBoat Inc. Common Stcok,NYSE American,N,N,NXB,Nasdaq Trader Symbol Directory
NXDR,"Nextdoor Holdings, Inc. Class A Common Stock",NYSE,N,N,NXDR,Nasdaq Trader Symbol Directory
NXDT,NexPoint Diversified Real Estate Trust Common Stock,NYSE,N,N,NXDT,Nasdaq Trader Symbol Directory
NXE,Nexgen Energy Ltd. Common Shares,NYSE,N,N,NXE,Nasdaq Trader Symbol Directory
NXG,NXG NextGen Infrastructure Income Fund Common Shares of Beneficial Interest,NYSE,N,N,NXG,Nasdaq Trader Symbol Directory
NXGL,"NexGel, Inc - Common Stock",NASDAQ,N,N,NXGL,Nasdaq Trader Symbol Directory
NXH,"Neighborhood Intelligence, Inc.  - Common Stock",NASDAQ,N,N,NXH,Nasdaq Trader Symbol Directory
NXL,"Nexalin Technology, Inc. - Common Stock",NASDAQ,N,N,NXL,Nasdaq Trader Symbol Directory
NXP,Nuveen Select Tax Free Income Portfolio Common Stock,NYSE,N,N,NXP,Nasdaq Trader Symbol Directory
NXPI,NXP Semiconductors N.V. - Common Stock,NASDAQ,N,N,NXPI,Nasdaq Trader Symbol Directory
NXPL,NextPlat Corp - Common Stock,NASDAQ,N,N,NXPL,Nasdaq Trader Symbol Directory
NXRT,"NexPoint Residential Trust, Inc. Common Stock",NYSE,N,N,NXRT,Nasdaq Trader Symbol Directory
NXST,"Nexstar Media Group, Inc. - Common Stock",NASDAQ,N,N,NXST,Nasdaq Trader Symbol Directory
NXT,Nextpower Inc. - Common Stock,NASDAQ,N,N,NXT,Nasdaq Trader Symbol Directory
NXTC,"NextCure, Inc. - Common Stock",NASDAQ,N,N,NXTC,Nasdaq Trader Symbol Directory
NXTS,Nexentis Technologies Inc. - Common Stock,NASDAQ,N,N,NXTS,Nasdaq Trader Symbol Directory
NXTT,Next Technology Holding Inc. - Ordinary Shares,NASDAQ,N,N,NXTT,Nasdaq Trader Symbol Directory
NXXT,"NextNRG, Inc. - Common Stock",NASDAQ,N,N,NXXT,Nasdaq Trader Symbol Directory
NYAX,Nayax Ltd. - Ordinary Shares,NASDAQ,N,N,NYAX,Nasdaq Trader Symbol Directory
NYC,American Strategic Investment Co. Class A Common Stock,NYSE,N,N,NYC,Nasdaq Trader Symbol Directory
NYT,New York Times Company (The) Common Stock,NYSE,N,N,NYT,Nasdaq Trader Symbol Directory
NYXH,Nyxoah SA - Ordinary Shares,NASDAQ,N,N,NYXH,Nasdaq Trader Symbol Directory
NZF,Nuveen Municipal Credit Income Fund ,NYSE,N,N,NZF,Nasdaq Trader Symbol Directory
O,Realty Income Corporation Common Stock,NYSE,N,N,O,Nasdaq Trader Symbol Directory
OABI,"OmniAb, Inc. - Common Stock",NASDAQ,N,N,OABI,Nasdaq Trader Symbol Directory
OBA,Oxley Bridge Acquisition Limited - Class A Ordinary Shares,NASDAQ,N,N,OBA,Nasdaq Trader Symbol Directory
OBAI,"Our Bond, Inc. - Common Stock",NASDAQ,N,N,OBAI,Nasdaq Trader Symbol Directory
OBDC,Blue Owl Capital Corporation Common Stock,NYSE,N,N,OBDC,Nasdaq Trader Symbol Directory
OBE,Obsidian Energy Ltd. Common Shares,NYSE American,N,N,OBE,Nasdaq Trader Symbol Directory
OBIO,"Orchestra BioMed Holdings, Inc. - Ordinary Shares",NASDAQ,N,N,OBIO,Nasdaq Trader Symbol Directory
OBK,"Origin Bancorp, Inc. Common Stock",NYSE,N,N,OBK,Nasdaq Trader Symbol Directory
OBT,"Orange County Bancorp, Inc. - Common Stock",NASDAQ,N,N,OBT,Nasdaq Trader Symbol Directory
OBX,"Obsidian Therapeutics, Inc. - Common Stock",NASDAQ,N,N,OBX,Nasdaq Trader Symbol Directory
OC,Owens Corning Inc Common Stock New,NYSE,N,N,OC,Nasdaq Trader Symbol Directory
OCC,Optical Cable Corporation - Common Stock,NASDAQ,N,N,OCC,Nasdaq Trader Symbol Directory
OCCI,"OFS Credit Company, Inc. - Closed End Fund",NASDAQ,N,N,OCCI,Nasdaq Trader Symbol Directory
OCFC,OceanFirst Financial Corp. - Common Stock,NASDAQ,N,N,OCFC,Nasdaq Trader Symbol Directory
OCG,Oriental Culture Holding LTD - Ordinary Shares,NASDAQ,N,N,OCG,Nasdaq Trader Symbol Directory
OCGN,"Ocugen, Inc. - Common Stock",NASDAQ,N,N,OCGN,Nasdaq Trader Symbol Directory
OCS,Oculis Holding AG - Ordinary shares,NASDAQ,N,N,OCS,Nasdaq Trader Symbol Directory
OCSL,Oaktree Specialty Lending Corporation - Closed End Fund,NASDAQ,N,N,OCSL,Nasdaq Trader Symbol Directory
OCTV,Octave Intelligence plc - Class B Ordinary Shares,NASDAQ,N,N,OCTV,Nasdaq Trader Symbol Directory
OCUL,"Ocular Therapeutix, Inc. - Common Stock",NASDAQ,N,N,OCUL,Nasdaq Trader Symbol Directory
ODC,Oil-Dri Corporation Of America Common Stock,NYSE,N,N,ODC,Nasdaq Trader Symbol Directory
ODD,ODDITY Tech Ltd. - Class A Ordinary Shares,NASDAQ,N,N,ODD,Nasdaq Trader Symbol Directory
ODFL,"Old Dominion Freight Line, Inc. - Common Stock",NASDAQ,N,N,ODFL,Nasdaq Trader Symbol Directory
ODTX,"Odyssey Therapeutics, Inc. - Common Stock",NASDAQ,N,N,ODTX,Nasdaq Trader Symbol Directory
ODYS,Odysight.ai Inc. - Common Stock,NASDAQ,N,N,ODYS,Nasdaq Trader Symbol Directory
OEC,Orion S.A. Common Shares,NYSE,N,N,OEC,Nasdaq Trader Symbol Directory
OESX,"Orion Energy Systems, Inc. - Common Stock",NASDAQ,N,N,OESX,Nasdaq Trader Symbol Directory
OFAL,OFA Group - Class A Ordinary Shares,NASDAQ,N,N,OFAL,Nasdaq Trader Symbol Directory
OFG,OFG Bancorp Common Stock,NYSE,N,N,OFG,Nasdaq Trader Symbol Directory
OFIX,Orthofix Medical Inc.  - Common Stock,NASDAQ,N,N,OFIX,Nasdaq Trader Symbol Directory
OFLX,"Omega Flex, Inc. - Common Stock",NASDAQ,N,N,OFLX,Nasdaq Trader Symbol Directory
OFRM,"Once Upon a Farm, PBC Common Stock",NYSE,N,N,OFRM,Nasdaq Trader Symbol Directory
OFS,OFS Capital Corporation - Closed End Fund,NASDAQ,N,N,OFS,Nasdaq Trader Symbol Directory
OFSSH,OFS Capital Corporation - 4.95% Notes due 2028,NASDAQ,N,N,OFSSH,Nasdaq Trader Symbol Directory
OFSSO,OFS Capital Corporation - 7.50% Notes due 2028,NASDAQ,N,N,OFSSO,Nasdaq Trader Symbol Directory
OGC,OceanaGold Corporation Common Shares,NYSE,N,N,OGC,Nasdaq Trader Symbol Directory
OGE,OGE Energy Corp Common Stock,NYSE,N,N,OGE,Nasdaq Trader Symbol Directory
OGEN,Oragenics Inc. Common Stock,NYSE American,N,N,OGEN,Nasdaq Trader Symbol Directory
OGG,Osisko Gold Group Inc. Common Shares,NYSE,N,N,OGG,Nasdaq Trader Symbol Directory
OGI,Organigram Global Inc. - Common Shares,NASDAQ,N,N,OGI,Nasdaq Trader Symbol Directory
OGN,Organon & Co. Common Stock ,NYSE,N,N,OGN,Nasdaq Trader Symbol Directory
OGS,"ONE Gas, Inc. Common Stock",NYSE,N,N,OGS,Nasdaq Trader Symbol Directory
OHI,"Omega Healthcare Investors, Inc. Common Stock",NYSE,N,N,OHI,Nasdaq Trader Symbol Directory
OI,"O-I Glass, Inc. Common Stock",NYSE,N,N,OI,Nasdaq Trader Symbol Directory
OIA,Invesco Municipal Income Opportunities Trust Common Stock,NYSE,N,N,OIA,Nasdaq Trader Symbol Directory
OII,"Oceaneering International, Inc. Common Stock",NYSE,N,N,OII,Nasdaq Trader Symbol Directory
OIO,OIO Group - Ordinary Shares,NASDAQ,N,N,OIO,Nasdaq Trader Symbol Directory
OIS,"Oil States International, Inc. Common Stock",NYSE,N,N,OIS,Nasdaq Trader Symbol Directory
OKE,"ONEOK, Inc. Common Stock",NYSE,N,N,OKE,Nasdaq Trader Symbol Directory
OKLO,Oklo Inc. Class A common stock,NYSE,N,N,OKLO,Nasdaq Trader Symbol Directory
OKTA,"Okta, Inc. - Class A Common Stock",NASDAQ,N,N,OKTA,Nasdaq Trader Symbol Directory
OKUR,"OnKure Therapeutics, Inc. - Class A Common Stock",NASDAQ,N,N,OKUR,Nasdaq Trader Symbol Directory
OKYO,OKYO Pharma Limited - Ordinary Shares,NASDAQ,N,N,OKYO,Nasdaq Trader Symbol Directory
OLB,"The OLB Group, Inc. - Common Stock",NASDAQ,N,N,OLB,Nasdaq Trader Symbol Directory
OLED,Universal Display Corporation - Common Stock,NASDAQ,N,N,OLED,Nasdaq Trader Symbol Directory
OLLI,"Ollie's Bargain Outlet Holdings, Inc. - Common Stock",NASDAQ,N,N,OLLI,Nasdaq Trader Symbol Directory
OLMA,"Olema Pharmaceuticals, Inc. - Common Stock",NASDAQ,N,N,OLMA,Nasdaq Trader Symbol Directory
OLN,Olin Corporation Common Stock,NYSE,N,N,OLN,Nasdaq Trader Symbol Directory
OLOX,Olenox Industries Inc. - Common Stock,NASDAQ,N,N,OLOX,Nasdaq Trader Symbol Directory
OLP,"One Liberty Properties, Inc. Common Stock",NYSE,N,N,OLP,Nasdaq Trader Symbol Directory
OM,"Outset Medical, Inc. - Common Stock",NASDAQ,N,N,OM,Nasdaq Trader Symbol Directory
OMC,Omnicom Group Inc. Common Stock,NYSE,N,N,OMC,Nasdaq Trader Symbol Directory
OMCL,"Omnicell, Inc. - Common Stock",NASDAQ,N,N,OMCL,Nasdaq Trader Symbol Directory
OMDA,"Omada Health, Inc. - Common Stock",NASDAQ,N,N,OMDA,Nasdaq Trader Symbol Directory
OMER,Omeros Corporation - Common Stock,NASDAQ,N,N,OMER,Nasdaq Trader Symbol Directory
OMEX,"Odyssey Marine Exploration, Inc. - Common Stock",NASDAQ,N,N,OMEX,Nasdaq Trader Symbol Directory
OMF,"OneMain Holdings, Inc. Common Stock",NYSE,N,N,OMF,Nasdaq Trader Symbol Directory
OMH,Ohmyhome Limited - Class A Ordinary Shares,NASDAQ,N,N,OMH,Nasdaq Trader Symbol Directory
OMSE,OMS Energy Technologies Inc. - Ordinary Shares,NASDAQ,N,N,OMSE,Nasdaq Trader Symbol Directory
ON,ON Semiconductor Corporation - Common Stock,NASDAQ,N,N,ON,Nasdaq Trader Symbol Directory
ONB,Old National Bancorp - Common Stock,NASDAQ,N,N,ONB,Nasdaq Trader Symbol Directory
ONCO,"Onconetix, Inc.  - Common Stock",NASDAQ,N,N,ONCO,Nasdaq Trader Symbol Directory
ONCY,Oncolytics Biotech Inc. - Common Stock,NASDAQ,N,N,ONCY,Nasdaq Trader Symbol Directory
ONDS,Ondas Inc - Common Stock,NASDAQ,N,N,ONDS,Nasdaq Trader Symbol Directory
ONEG,OneConstruction Group Limited - Ordinary Shares,NASDAQ,N,N,ONEG,Nasdaq Trader Symbol Directory
ONEW,OneWater Marine Inc. - Class A Common Stock,NASDAQ,N,N,ONEW,Nasdaq Trader Symbol Directory
ONFO,Onfolio Holdings Inc. - Common Stock,NASDAQ,N,N,ONFO,Nasdaq Trader Symbol Directory
ONIT,Onity Group Inc. Common Stock,NYSE,N,N,ONIT,Nasdaq Trader Symbol Directory
ONL,Orion Properties Inc. Common Stock,NYSE,N,N,ONL,Nasdaq Trader Symbol Directory
ONMD,OneMedNet Corp - Class A Common Stock,NASDAQ,N,N,ONMD,Nasdaq Trader Symbol Directory
ONON,On Holding AG Class A Ordinary Shares,NYSE,N,N,ONON,Nasdaq Trader Symbol Directory
ONT,"Onterris, Inc. Common Stock",NYSE,N,N,ONT,Nasdaq Trader Symbol Directory
ONTO,Onto Innovation Inc. Common Stock,NYSE,N,N,ONTO,Nasdaq Trader Symbol Directory
OOMA,"Ooma, Inc. Common Stock",NYSE,N,N,OOMA,Nasdaq Trader Symbol Directory
OPAD,Offerpad Solutions Inc. Class A Common Stock,NYSE,N,N,OPAD,Nasdaq Trader Symbol Directory
OPAL,OPAL Fuels Inc. - Class A Common Stock,NASDAQ,N,N,OPAL,Nasdaq Trader Symbol Directory
OPBK,OP Bancorp - Common Stock,NASDAQ,N,N,OPBK,Nasdaq Trader Symbol Directory
OPCH,"Option Care Health, Inc. - Common Stock",NASDAQ,N,N,OPCH,Nasdaq Trader Symbol Directory
OPEN,Opendoor Technologies Inc  - Common Stock,NASDAQ,N,N,OPEN,Nasdaq Trader Symbol Directory
OPFI,OppFi Inc. Class A Common Stock,NYSE,N,N,OPFI,Nasdaq Trader Symbol Directory
OPHC,"OptimumBank Holdings, Inc. Common Stock",NYSE American,N,N,OPHC,Nasdaq Trader Symbol Directory
OPI,Office Properties Income Trust - Common shares of beneficial interest,NASDAQ,N,N,OPI,Nasdaq Trader Symbol Directory
OPK,"Opko Health, Inc. - Common Stock",NASDAQ,N,N,OPK,Nasdaq Trader Symbol Directory
OPLN,"OPENLANE, Inc. Common Stock",NYSE,N,N,OPLN,Nasdaq Trader Symbol Directory
OPP,"RiverNorth/DoubleLine Strategic Opportunity Fund, Inc. Common Stock",NYSE,N,N,OPP,Nasdaq Trader Symbol Directory
OPRT,Oportun Financial Corporation - common stock,NASDAQ,N,N,OPRT,Nasdaq Trader Symbol Directory
OPRX,OptimizeRx Corporation - Common Stock,NASDAQ,N,N,OPRX,Nasdaq Trader Symbol Directory
OPTH,Optimi Health Corp. - Common Shares,NASDAQ,N,N,OPTH,Nasdaq Trader Symbol Directory
OPTT,"Ocean Power Technologies, Inc. Common Stock",NYSE American,N,N,OPTT,Nasdaq Trader Symbol Directory
OPTU,"Optimum Communications, Inc. Class A common stock",NYSE,N,N,OPTU,Nasdaq Trader Symbol Directory
OPTX,"Syntec Optics Holdings, Inc. - Class A Common Stock",NASDAQ,N,N,OPTX,Nasdaq Trader Symbol Directory
OPXS,"Optex Systems Holdings, Inc. - Common Stock",NASDAQ,N,N,OPXS,Nasdaq Trader Symbol Directory
OPY,"Oppenheimer Holdings, Inc. Class A Common Stock (DE)",NYSE,N,N,OPY,Nasdaq Trader Symbol Directory
OR,OR Royalties Inc. Common Shares,NYSE,N,N,OR,Nasdaq Trader Symbol Directory
ORA,"Ormat Technologies, Inc. Common Stock",NYSE,N,N,ORA,Nasdaq Trader Symbol Directory
ORBS,Eightco Holdings Inc. - Common Stock,NASDAQ,N,N,ORBS,Nasdaq Trader Symbol Directory
ORC,"Orchid Island Capital, Inc. Common Stock",NYSE,N,N,ORC,Nasdaq Trader Symbol Directory
ORCL,Oracle Corporation Common Stock,NYSE,N,N,ORCL,Nasdaq Trader Symbol Directory
ORGO,Organogenesis Holdings Inc.  - Class A ,NASDAQ,N,N,ORGO,Nasdaq Trader Symbol Directory
ORI,Old Republic International Corporation Common Stock,NYSE,N,N,ORI,Nasdaq Trader Symbol Directory
ORIC,"Oric Pharmaceuticals, Inc. - Common Stock",NASDAQ,N,N,ORIC,Nasdaq Trader Symbol Directory
ORIO,Orion Digital Corp. - Common Shares,NASDAQ,N,N,ORIO,Nasdaq Trader Symbol Directory
ORIQ,Origin Investment Corp I - Ordinary Shares,NASDAQ,N,N,ORIQ,Nasdaq Trader Symbol Directory
ORKA,"Oruka Therapeutics, Inc. - Common Stock",NASDAQ,N,N,ORKA,Nasdaq Trader Symbol Directory
ORKT,Orangekloud Technology Inc. - Class A Ordinary Shares,NASDAQ,N,N,ORKT,Nasdaq Trader Symbol Directory
ORLY,"O'Reilly Automotive, Inc. - Common Stock",NASDAQ,N,N,ORLY,Nasdaq Trader Symbol Directory
ORMP,Oramed Pharmaceuticals Inc. - Common Stock,NASDAQ,N,N,ORMP,Nasdaq Trader Symbol Directory
ORN,"Orion Group Holdings, Inc. Common",NYSE,N,N,ORN,Nasdaq Trader Symbol Directory
ORRF,"Orrstown Financial Services, Inc. - Common Stock",NASDAQ,N,N,ORRF,Nasdaq Trader Symbol Directory
OSBC,"Old Second Bancorp, Inc. - Common Stock",NASDAQ,N,N,OSBC,Nasdaq Trader Symbol Directory
OSCR,"Oscar Health, Inc. Class A Common Stock",NYSE,N,N,OSCR,Nasdaq Trader Symbol Directory
OSG,"Octave Specialty Group, Inc. Common Stock",NYSE,N,N,OSG,Nasdaq Trader Symbol Directory
OSIS,"OSI Systems, Inc. - Common Stock",NASDAQ,N,N,OSIS,Nasdaq Trader Symbol Directory
OSK,Oshkosh Corporation (Holding Company)Common Stock,NYSE,N,N,OSK,Nasdaq Trader Symbol Directory
OSPN,OneSpan Inc. - Common Stock,NASDAQ,N,N,OSPN,Nasdaq Trader Symbol Directory
OSRH,"OSR Health, Inc. - Common Stock",NASDAQ,N,N,OSRH,Nasdaq Trader Symbol Directory
OSS,"One Stop Systems, Inc. - Common Stock",NASDAQ,N,N,OSS,Nasdaq Trader Symbol Directory
OST,"Ostin Technology Group Co., Ltd. - Class A Ordinary Shares",NASDAQ,N,N,OST,Nasdaq Trader Symbol Directory
OSTX,OS Therapies Incorporated Common Stock,NYSE American,N,N,OSTX,Nasdaq Trader Symbol Directory
OSUR,"OraSure Technologies, Inc. - Common Stock",NASDAQ,N,N,OSUR,Nasdaq Trader Symbol Directory
OSW,OneSpaWorld Holdings Limited - Common Shares,NASDAQ,N,N,OSW,Nasdaq Trader Symbol Directory
OTEX,Open Text Corporation - Common Shares,NASDAQ,N,N,OTEX,Nasdaq Trader Symbol Directory
OTF,Blue Owl Technology Finance Corp. Common Stock,NYSE,N,N,OTF,Nasdaq Trader Symbol Directory
OTIS,Otis Worldwide Corporation Common Stock ,NYSE,N,N,OTIS,Nasdaq Trader Symbol Directory
OTLK,"Outlook Therapeutics, Inc. - Common Stock",NASDAQ,N,N,OTLK,Nasdaq Trader Symbol Directory
OTTR,Otter Tail Corporation - Common Stock,NASDAQ,N,N,OTTR,Nasdaq Trader Symbol Directory
OUST,"Ouster, Inc. - Common Stock",NASDAQ,N,N,OUST,Nasdaq Trader Symbol Directory
OUT,OUTFRONT Media Inc. Common Stock,NYSE,N,N,OUT,Nasdaq Trader Symbol Directory
OVBC,Ohio Valley Banc Corp. - Common Stock,NASDAQ,N,N,OVBC,Nasdaq Trader Symbol Directory
OVID,Ovid Therapeutics Inc. - Common Stock,NASDAQ,N,N,OVID,Nasdaq Trader Symbol Directory
OVLY,Oak Valley Bancorp (CA) - Common Stock,NASDAQ,N,N,OVLY,Nasdaq Trader Symbol Directory
OVV,Ovintiv Inc. (DE),NYSE,N,N,OVV,Nasdaq Trader Symbol Directory
OWL,Blue Owl Capital Inc. Class A Common Stock,NYSE,N,N,OWL,Nasdaq Trader Symbol Directory
OWLS,OBOOK Holdings Inc. - Class A Common Shares,NASDAQ,N,N,OWLS,Nasdaq Trader Symbol Directory
OWLT,"Owlet, Inc. Class A Common Stock",NYSE,N,N,OWLT,Nasdaq Trader Symbol Directory
OXBR,Oxbridge Re Holdings Limited - Ordinary Shares,NASDAQ,N,N,OXBR,Nasdaq Trader Symbol Directory
OXLC,Oxford Lane Capital Corp. - Closed End Fund,NASDAQ,N,N,OXLC,Nasdaq Trader Symbol Directory
OXLCG,Oxford Lane Capital Corp. - 7.95% Notes due 2032,NASDAQ,N,N,OXLCG,Nasdaq Trader Symbol Directory
OXLCI,Oxford Lane Capital Corp. - 8.75% Notes due 2030,NASDAQ,N,N,OXLCI,Nasdaq Trader Symbol Directory
OXLCL,Oxford Lane Capital Corp. - 6.75% Notes due 2031,NASDAQ,N,N,OXLCL,Nasdaq Trader Symbol Directory
OXLCZ,Oxford Lane Capital Corp. - 5.00% Notes due 2027,NASDAQ,N,N,OXLCZ,Nasdaq Trader Symbol Directory
OXM,"Oxford Industries, Inc. Common Stock",NYSE,N,N,OXM,Nasdaq Trader Symbol Directory
OXSQ,Oxford Square Capital Corp. - Closed End Fund,NASDAQ,N,N,OXSQ,Nasdaq Trader Symbol Directory
OXSQG,Oxford Square Capital Corp. - 5.50% Notes due 2028,NASDAQ,N,N,OXSQG,Nasdaq Trader Symbol Directory
OXSQH,Oxford Square Capital Corp. - 7.75% Notes due 2030,NASDAQ,N,N,OXSQH,Nasdaq Trader Symbol Directory
OXY,Occidental Petroleum Corporation Common Stock,NYSE,N,N,OXY,Nasdaq Trader Symbol Directory
OZK,Bank OZK - Common Stock,NASDAQ,N,N,OZK,Nasdaq Trader Symbol Directory
P,"Everpure, Inc. Class A common stock",NYSE,N,N,P,Nasdaq Trader Symbol Directory
PAAS,Pan American Silver Corp. Common Stock,NYSE,N,N,PAAS,Nasdaq Trader Symbol Directory
PAC,"Grupo Aeroportuario Del Pacifico, S.A. B. de C.V. Grupo Aeroportuario Del Pacifico, S.A. de C.V. (each representing 10 Series B shares)",NYSE,N,N,PAC,Nasdaq Trader Symbol Directory
PACB,"Pacific Biosciences of California, Inc. - Common Stock",NASDAQ,N,N,PACB,Nasdaq Trader Symbol Directory
PACH,Pioneer Acquisition I Corp - Class A Ordinary Shares,NASDAQ,N,N,PACH,Nasdaq Trader Symbol Directory
PACK,Ranpak Holdings Corp Class A Common Stock,NYSE,N,N,PACK,Nasdaq Trader Symbol Directory
PACS,"PACS Group, Inc. Common Stock",NYSE,N,N,PACS,Nasdaq Trader Symbol Directory
PAG,"Penske Automotive Group, Inc. Common Stock",NYSE,N,N,PAG,Nasdaq Trader Symbol Directory
PAGP,"Plains GP Holdings, L.P. - Class A Shares representing limited partner interests",NASDAQ,N,N,PAGP,Nasdaq Trader Symbol Directory
PAGS,PagSeguro Digital Ltd. Class A Common Shares,NYSE,N,N,PAGS,Nasdaq Trader Symbol Directory
PAHC,Phibro Animal Health Corporation - Class A Common Stock,NASDAQ,N,N,PAHC,Nasdaq Trader Symbol Directory
PAI,Western Asset Investment Grade Income Fund Inc.,NYSE,N,N,PAI,Nasdaq Trader Symbol Directory
PAL,"Proficient Auto Logistics, Inc. - Common Stock",NASDAQ,N,N,PAL,Nasdaq Trader Symbol Directory
PALI,"Palisade Bio, Inc. - Common Stock",NASDAQ,N,N,PALI,Nasdaq Trader Symbol Directory
PAM,Pampa Energia S.A.,NYSE,N,N,PAM,Nasdaq Trader Symbol Directory
PAMT,PAMT CORP - Common Stock,NASDAQ,N,N,PAMT,Nasdaq Trader Symbol Directory
PANL,Pangaea Logistics Solutions Ltd. - Common Stock,NASDAQ,N,N,PANL,Nasdaq Trader Symbol Directory
PANW,"Palo Alto Networks, Inc. - Common Stock",NASDAQ,N,N,PANW,Nasdaq Trader Symbol Directory
PAPL,Pineapple Financial Inc. Common Stock,NYSE American,N,N,PAPL,Nasdaq Trader Symbol Directory
PAR,PAR Technology Corporation Common Stock,NYSE,N,N,PAR,Nasdaq Trader Symbol Directory
PARA,"Banzai International, Inc. - Class A Common Stock",NASDAQ,N,N,PARA,Nasdaq Trader Symbol Directory
PARK,"Park Dental Partners, Inc. - Common Stock",NASDAQ,N,N,PARK,Nasdaq Trader Symbol Directory
PARR,"Par Pacific Holdings, Inc.  Common Stock",NYSE,N,N,PARR,Nasdaq Trader Symbol Directory
PASG,"Passage Bio, Inc. - Common Stock",NASDAQ,N,N,PASG,Nasdaq Trader Symbol Directory
PASW,"Ping An Biomedical Co., Ltd. - Class A Ordinary Shares",NASDAQ,N,N,PASW,Nasdaq Trader Symbol Directory
PATH,"UiPath, Inc. Class A Common Stock",NYSE,N,N,PATH,Nasdaq Trader Symbol Directory
PATK,"Patrick Industries, Inc. - Common Stock",NASDAQ,N,N,PATK,Nasdaq Trader Symbol Directory
PAVM,PAVmed Inc. - Common Stock,NASDAQ,N,N,PAVM,Nasdaq Trader Symbol Directory
PAVS,Paranovus Entertainment Technology Ltd. - Class A Ordinary Shares,NASDAQ,N,N,PAVS,Nasdaq Trader Symbol Directory
PAX,Patria Investments Limited - Class A Common Shares,NASDAQ,N,N,PAX,Nasdaq Trader Symbol Directory
PAXS,PIMCO Access Income Fund Common Shares of Beneficial Interest,NYSE,N,N,PAXS,Nasdaq Trader Symbol Directory
PAY,"Paymentus Holdings, Inc. Class A Common Stock",NYSE,N,N,PAY,Nasdaq Trader Symbol Directory
PAYC,"Paycom Software, Inc. Common Stock",NYSE,N,N,PAYC,Nasdaq Trader Symbol Directory
PAYO,Payoneer Global Inc. - Common Stock,NASDAQ,N,N,PAYO,Nasdaq Trader Symbol Directory
PAYP,PayPay Corporation - American Depository Shares,NASDAQ,N,N,PAYP,Nasdaq Trader Symbol Directory
PAYS,"Paysign, Inc. - Common Stock",NASDAQ,N,N,PAYS,Nasdaq Trader Symbol Directory
PAYX,"Paychex, Inc. - Common Stock",NASDAQ,N,N,PAYX,Nasdaq Trader Symbol Directory
PB,"Prosperity Bancshares, Inc. Common Stock",NYSE,N,N,PB,Nasdaq Trader Symbol Directory
PBA,Pembina Pipeline Corp. Ordinary Shares (Canada),NYSE,N,N,PBA,Nasdaq Trader Symbol Directory
PBAM,"Private Bancorp of America, Inc. - Common Stock",NASDAQ,N,N,PBAM,Nasdaq Trader Symbol Directory
PBF,PBF Energy Inc. Class A Common Stock,NYSE,N,N,PBF,Nasdaq Trader Symbol Directory
PBFS,"Pioneer Bancorp, Inc. - Common Stock",NASDAQ,N,N,PBFS,Nasdaq Trader Symbol Directory
PBH,Prestige Consumer Healthcare Inc. Common Stock,NYSE,N,N,PBH,Nasdaq Trader Symbol Directory
PBHC,"Pathfinder Bancorp, Inc. - Common Stock",NASDAQ,N,N,PBHC,Nasdaq Trader Symbol Directory
PBI,Pitney Bowes Inc. Common Stock,NYSE,N,N,PBI,Nasdaq Trader Symbol Directory
PBK,PowerBank Corporation - Common Stock,NASDAQ,N,N,PBK,Nasdaq Trader Symbol Directory
PBLS,"Parabilis Medicines, Inc. - Common Stock",NASDAQ,N,N,PBLS,Nasdaq Trader Symbol Directory
PBM,Psyence Biomedical Ltd. - Common Shares,NASDAQ,N,N,PBM,Nasdaq Trader Symbol Directory
PBR,Petroleo Brasileiro S.A. Petrobras ADS,NYSE,N,N,PBR,Nasdaq Trader Symbol Directory
PBT,Permian Basin Royalty Trust Common Stock,NYSE,N,N,PBT,Nasdaq Trader Symbol Directory
PBYI,Puma Biotechnology Inc - Common Stock,NASDAQ,N,N,PBYI,Nasdaq Trader Symbol Directory
PC,Premium Catering (Holdings) Limited - Ordinary Shares,NASDAQ,N,N,PC,Nasdaq Trader Symbol Directory
PCAR,PACCAR Inc. - Common Stock,NASDAQ,N,N,PCAR,Nasdaq Trader Symbol Directory
PCB,PCB Bancorp - Common Stock,NASDAQ,N,N,PCB,Nasdaq Trader Symbol Directory
PCF,High Income Securities Fund Common Stock,NYSE,N,N,PCF,Nasdaq Trader Symbol Directory
PCG,Pacific Gas & Electric Co. Common Stock,NYSE,N,N,PCG,Nasdaq Trader Symbol Directory
PCM,"PCM Fund, Inc. Common Stock",NYSE,N,N,PCM,Nasdaq Trader Symbol Directory
PCN,Pimco Corporate & Income Strategy Fund Common Stock,NYSE,N,N,PCN,Nasdaq Trader Symbol Directory
PCOR,"Procore Technologies, Inc. Common Stock",NYSE,N,N,PCOR,Nasdaq Trader Symbol Directory
PCQ,PIMCO California Municipal Income Fund Common Stock,NYSE,N,N,PCQ,Nasdaq Trader Symbol Directory
PCRX,"Pacira BioSciences, Inc. - Common Stock",NASDAQ,N,N,PCRX,Nasdaq Trader Symbol Directory
PCSA,"Processa Pharmaceuticals, Inc. - Common Stock",NASDAQ,N,N,PCSA,Nasdaq Trader Symbol Directory
PCT,"PureCycle Technologies, Inc. - Common stock",NASDAQ,N,N,PCT,Nasdaq Trader Symbol Directory
PCTY,Paylocity Holding Corporation - Common Stock,NASDAQ,N,N,PCTY,Nasdaq Trader Symbol Directory
PCVX,"Vaxcyte, Inc. - Common Stock",NASDAQ,N,N,PCVX,Nasdaq Trader Symbol Directory
PCYO,Pure Cycle Corporation - Common Stock,NASDAQ,N,N,PCYO,Nasdaq Trader Symbol Directory
PD,"PagerDuty, Inc. Common Stock",NYSE,N,N,PD,Nasdaq Trader Symbol Directory
PDCC,Pearl Diver Credit Company Inc. Common Stock,NYSE,N,N,PDCC,Nasdaq Trader Symbol Directory
PDEX,"Pro-Dex, Inc. - Common Stock",NASDAQ,N,N,PDEX,Nasdaq Trader Symbol Directory
PDFS,"PDF Solutions, Inc. - Common Stock",NASDAQ,N,N,PDFS,Nasdaq Trader Symbol Directory
PDI,PIMCO Dynamic Income Fund Common Stock,NYSE,N,N,PDI,Nasdaq Trader Symbol Directory
PDLB,"Ponce Financial Group, Inc. - Common Stock",NASDAQ,N,N,PDLB,Nasdaq Trader Symbol Directory
PDM,"Piedmont Realty Trust, Inc. Class A Common Stock",NYSE,N,N,PDM,Nasdaq Trader Symbol Directory
PDO,PIMCO Dynamic Income Opportunities Fund Common Shares of Beneficial Interest,NYSE,N,N,PDO,Nasdaq Trader Symbol Directory
PDS,Precision Drilling Corporation Common Stock,NYSE,N,N,PDS,Nasdaq Trader Symbol Directory
PDSB,PDS Biotechnology Corporation - Common Stock,NASDAQ,N,N,PDSB,Nasdaq Trader Symbol Directory
PDT,John Hancock Premium Dividend Fund,NYSE,N,N,PDT,Nasdaq Trader Symbol Directory
PDX,PIMCO Dynamic Income Strategy Fund Common Shares of Beneficial Interest,NYSE,N,N,PDX,Nasdaq Trader Symbol Directory
PDYN,Palladyne AI Corp. - Common stock,NASDAQ,N,N,PDYN,Nasdaq Trader Symbol Directory
PEB,Pebblebrook Hotel Trust Common Shares of Beneficial Interest,NYSE,N,N,PEB,Nasdaq Trader Symbol Directory
PEBK,"Peoples Bancorp of North Carolina, Inc. - Common Stock",NASDAQ,N,N,PEBK,Nasdaq Trader Symbol Directory
PEBO,Peoples Bancorp Inc. - Common Stock,NASDAQ,N,N,PEBO,Nasdaq Trader Symbol Directory
PECO,"Phillips Edison & Company, Inc. - Common Stock",NASDAQ,N,N,PECO,Nasdaq Trader Symbol Directory
PED,Pedevco Corp. Common Stock,NYSE American,N,N,PED,Nasdaq Trader Symbol Directory
PEG,Public Service Enterprise Group Incorporated Common Stock,NYSE,N,N,PEG,Nasdaq Trader Symbol Directory
PEGA,Pegasystems Inc. - Common Stock,NASDAQ,N,N,PEGA,Nasdaq Trader Symbol Directory
PEN,"Penumbra, Inc. Common Stock",NYSE,N,N,PEN,Nasdaq Trader Symbol Directory
PENG,"Penguin Solutions, Inc. - Common Stock",NASDAQ,N,N,PENG,Nasdaq Trader Symbol Directory
PENN,"PENN Entertainment, Inc. - Common Stock",NASDAQ,N,N,PENN,Nasdaq Trader Symbol Directory
PEO,"Adams Natural Resources Fund, Inc. Common Stock",NYSE,N,N,PEO,Nasdaq Trader Symbol Directory
PEP,"PepsiCo, Inc. - Common Stock",NASDAQ,N,N,PEP,Nasdaq Trader Symbol Directory
PEPG,PepGen Inc. - Common Stock,NASDAQ,N,N,PEPG,Nasdaq Trader Symbol Directory
PERF,Perfect Corp. Class A Ordinary Share,NYSE,N,N,PERF,Nasdaq Trader Symbol Directory
PERI,Perion Network Ltd - Ordinary Shares,NASDAQ,N,N,PERI,Nasdaq Trader Symbol Directory
PESI,"Perma-Fix Environmental Services, Inc. - Common Stock",NASDAQ,N,N,PESI,Nasdaq Trader Symbol Directory
PETS,"PetMed Express, Inc. - Common Stock",NASDAQ,N,N,PETS,Nasdaq Trader Symbol Directory
PETZ,"TDH Holdings, Inc. - Common Shares",NASDAQ,N,N,PETZ,Nasdaq Trader Symbol Directory
PEW,GrabAGun Digital Holdings Inc. Common Stock,NYSE,N,N,PEW,Nasdaq Trader Symbol Directory
PFAI,Pinnacle Food Group Limited - Class A Common Shares,NASDAQ,N,N,PFAI,Nasdaq Trader Symbol Directory
PFE,"Pfizer, Inc. Common Stock",NYSE,N,N,PFE,Nasdaq Trader Symbol Directory
PFG,Principal Financial Group Inc - Common Stock,NASDAQ,N,N,PFG,Nasdaq Trader Symbol Directory
PFGC,Performance Food Group Company Common Stock,NYSE,N,N,PFGC,Nasdaq Trader Symbol Directory
PFH,"Prudential Financial, Inc. 4.125% Junior Subordinated Notes due 2060",NYSE,N,N,PFH,Nasdaq Trader Symbol Directory
PFIS,Peoples Financial Services Corp.  - Common Stock,NASDAQ,N,N,PFIS,Nasdaq Trader Symbol Directory
PFL,PIMCO Income Strategy Fund Shares of Beneficial Interest,NYSE,N,N,PFL,Nasdaq Trader Symbol Directory
PFLA,PennantPark Floating Rate Capital Ltd. 7.375% Notes Due 2031,NYSE,N,N,PFLA,Nasdaq Trader Symbol Directory
PFLT,PennantPark Floating Rate Capital Ltd. Common Stock,NYSE,N,N,PFLT,Nasdaq Trader Symbol Directory
PFN,PIMCO Income Strategy Fund II,NYSE,N,N,PFN,Nasdaq Trader Symbol Directory
PFS,"Provident Financial Services, Inc Common Stock",NYSE,N,N,PFS,Nasdaq Trader Symbol Directory
PFSA,"Profusa, Inc. - Common Stock",NASDAQ,N,N,PFSA,Nasdaq Trader Symbol Directory
PFSI,"PennyMac Financial Services, Inc. Common Stock",NYSE,N,N,PFSI,Nasdaq Trader Symbol Directory
PFX,PhenixFIN Corporation  - Common Stock,NASDAQ,N,N,PFX,Nasdaq Trader Symbol Directory
PFXNZ,PhenixFIN Corporation  - 5.25% Notes due 2028,NASDAQ,N,N,PFXNZ,Nasdaq Trader Symbol Directory
PG,Procter & Gamble Company (The) Common Stock,NYSE,N,N,PG,Nasdaq Trader Symbol Directory
PGC,Peapack-Gladstone Financial Corporation - Common Stock,NASDAQ,N,N,PGC,Nasdaq Trader Symbol Directory
PGEN,"Precigen, Inc. - Common Stock",NASDAQ,N,N,PGEN,Nasdaq Trader Symbol Directory
PGNY,"Progyny, Inc. - Common Stock",NASDAQ,N,N,PGNY,Nasdaq Trader Symbol Directory
PGP,Pimco Global StocksPlus & Income Fund Common Shares of Beneficial Interest,NYSE,N,N,PGP,Nasdaq Trader Symbol Directory
PGR,Progressive Corporation (The) Common Stock,NYSE,N,N,PGR,Nasdaq Trader Symbol Directory
PGY,Pagaya Technologies Ltd. - Class A Ordinary Shares,NASDAQ,N,N,PGY,Nasdaq Trader Symbol Directory
PGZ,Principal Real Estate Income Fund Common Shares of Beneficial Interest,NYSE,N,N,PGZ,Nasdaq Trader Symbol Directory
PH,Parker-Hannifin Corporation Common Stock,NYSE,N,N,PH,Nasdaq Trader Symbol Directory
PHAR,"Pharming Group N.V. - ADS, each representing 10 ordinary shares",NASDAQ,N,N,PHAR,Nasdaq Trader Symbol Directory
PHAT,"Phathom Pharmaceuticals, Inc. - Common Stock",NASDAQ,N,N,PHAT,Nasdaq Trader Symbol Directory
PHG,Koninklijke Philips N.V. NY Registry Shares,NYSE,N,N,PHG,Nasdaq Trader Symbol Directory
PHGE,BiomX Inc. COmmon Stock,NYSE American,N,N,PHGE,Nasdaq Trader Symbol Directory
PHIN,PHINIA Inc. Common Stock,NYSE,N,N,PHIN,Nasdaq Trader Symbol Directory
PHIO,Phio Pharmaceuticals Corp. - Common Stock,NASDAQ,N,N,PHIO,Nasdaq Trader Symbol Directory
PHK,Pimco High Income Fund,NYSE,N,N,PHK,Nasdaq Trader Symbol Directory
PHM,"PulteGroup, Inc. Common Stock",NYSE,N,N,PHM,Nasdaq Trader Symbol Directory
PHOE,Phoenix Asia Holdings Limited - Ordinary Shares,NASDAQ,N,N,PHOE,Nasdaq Trader Symbol Directory
PHR,"Phreesia, Inc. Common Stock",NYSE,N,N,PHR,Nasdaq Trader Symbol Directory
PHUN,"Phunware, Inc. - Common Stock",NASDAQ,N,N,PHUN,Nasdaq Trader Symbol Directory
PHVS,Pharvaris N.V. - Ordinary Shares,NASDAQ,N,N,PHVS,Nasdaq Trader Symbol Directory
PI,"Impinj, Inc. - Common Stock",NASDAQ,N,N,PI,Nasdaq Trader Symbol Directory
PICS,PicS N.V. - Class A Common Shares,NASDAQ,N,N,PICS,Nasdaq Trader Symbol Directory
PII,Polaris Inc. Common Stock,NYSE,N,N,PII,Nasdaq Trader Symbol Directory
PIII,P3 Health Partners Inc. - Class A Common Stock,NASDAQ,N,N,PIII,Nasdaq Trader Symbol Directory
PIM,Franklin Master Intermediate Income Trust Shares of Beneficial Interest,NYSE,N,N,PIM,Nasdaq Trader Symbol Directory
PINE,"Alpine Income Property Trust, Inc. Common Stock",NYSE,N,N,PINE,Nasdaq Trader Symbol Directory
PINS,"Pinterest, Inc. Class A Common Stock",NYSE,N,N,PINS,Nasdaq Trader Symbol Directory
PIPR,Piper Sandler Companies Common Stock,NYSE,N,N,PIPR,Nasdaq Trader Symbol Directory
PJT,PJT Partners Inc. Class A Common Stock,NYSE,N,N,PJT,Nasdaq Trader Symbol Directory
PK,Park Hotels & Resorts Inc. Common Stock ,NYSE,N,N,PK,Nasdaq Trader Symbol Directory
PKBK,"Parke Bancorp, Inc. - Common Stock",NASDAQ,N,N,PKBK,Nasdaq Trader Symbol Directory
PKE,Park Aerospace Corp. Common Stock,NYSE,N,N,PKE,Nasdaq Trader Symbol Directory
PKG,Packaging Corporation of America Common Stock,NYSE,N,N,PKG,Nasdaq Trader Symbol Directory
PKOH,Park-Ohio Holdings Corp. - Common Stock,NASDAQ,N,N,PKOH,Nasdaq Trader Symbol Directory
PL,Planet Labs PBC Class A Common Stock,NYSE,N,N,PL,Nasdaq Trader Symbol Directory
PLAB,"Photronics, Inc. - Common Stock",NASDAQ,N,N,PLAB,Nasdaq Trader Symbol Directory
PLAG,Planet Green Holdings Corp. Common Stock,NYSE American,N,N,PLAG,Nasdaq Trader Symbol Directory
PLAY,"Dave & Buster's Entertainment, Inc. - Common Stock",NASDAQ,N,N,PLAY,Nasdaq Trader Symbol Directory
PLBC,Plumas Bancorp - Common Stock,NASDAQ,N,N,PLBC,Nasdaq Trader Symbol Directory
PLBL,Polibeli Group Ltd - Class A Ordinary Shares,NASDAQ,N,N,PLBL,Nasdaq Trader Symbol Directory
PLBY,"Playboy, Inc. - Common Stock",NASDAQ,N,N,PLBY,Nasdaq Trader Symbol Directory
PLCE,"Children's Place, Inc. (The) - Common Stock",NASDAQ,N,N,PLCE,Nasdaq Trader Symbol Directory
PLCI,Pelican Acquisition II Corporation - Ordinary Shares,NASDAQ,N,N,PLCI,Nasdaq Trader Symbol Directory
PLD,"Prologis, Inc. Common Stock",NYSE,N,N,PLD,Nasdaq Trader Symbol Directory
PLG,Platinum Group Metals Ltd. Ordinary Shares (Canada),NYSE American,N,N,PLG,Nasdaq Trader Symbol Directory
PLGO,Pelagos Insurance Capital Limited Common Shares,NYSE,N,N,PLGO,Nasdaq Trader Symbol Directory
PLMR,"Palomar Holdings, Inc. - Common stock",NASDAQ,N,N,PLMR,Nasdaq Trader Symbol Directory
PLNT,"Planet Fitness, Inc. Common Stock",NYSE,N,N,PLNT,Nasdaq Trader Symbol Directory
PLOW,"Douglas Dynamics, Inc. Common Stock",NYSE,N,N,PLOW,Nasdaq Trader Symbol Directory
PLPC,Preformed Line Products Company - Common Stock,NASDAQ,N,N,PLPC,Nasdaq Trader Symbol Directory
PLRX,"Pliant Therapeutics, Inc. - Common Stock",NASDAQ,N,N,PLRX,Nasdaq Trader Symbol Directory
PLRZ,Polyrizon Ltd. - Ordinary Shares,NASDAQ,N,N,PLRZ,Nasdaq Trader Symbol Directory
PLSE,"Pulse Biosciences, Inc - Common Stock",NASDAQ,N,N,PLSE,Nasdaq Trader Symbol Directory
PLSM,Pulsenmore Ltd. - Ordinary Shares,NASDAQ,N,N,PLSM,Nasdaq Trader Symbol Directory
PLTK,Playtika Holding Corp. - Common Stock,NASDAQ,N,N,PLTK,Nasdaq Trader Symbol Directory
PLTR,Palantir Technologies Inc. - Class A Common Stock,NASDAQ,N,N,PLTR,Nasdaq Trader Symbol Directory
PLTS,Platinum Analytics Cayman Limited - Class A Ordinary Shares,NASDAQ,N,N,PLTS,Nasdaq Trader Symbol Directory
PLUG,"Plug Power, Inc. - Common Stock",NASDAQ,N,N,PLUG,Nasdaq Trader Symbol Directory
PLUR,Pluri Inc. - Common Stock,NASDAQ,N,N,PLUR,Nasdaq Trader Symbol Directory
PLUS,ePlus inc. - Common Stock,NASDAQ,N,N,PLUS,Nasdaq Trader Symbol Directory
PLUT,Plutus Financial Group Limited - Ordinary Shares,NASDAQ,N,N,PLUT,Nasdaq Trader Symbol Directory
PLX,"Protalix BioTherapeutics, Inc. (DE) Common Stock",NYSE American,N,N,PLX,Nasdaq Trader Symbol Directory
PLXS,Plexus Corp. - Common Stock,NASDAQ,N,N,PLXS,Nasdaq Trader Symbol Directory
PLYX,"Polaryx Therapeutics, Inc. - Common Stock",NASDAQ,N,N,PLYX,Nasdaq Trader Symbol Directory
PM,Philip Morris International Inc Common Stock,NYSE,N,N,PM,Nasdaq Trader Symbol Directory
PMA,Ming Shing Group Holdings Limited - Ordinary Shares,NASDAQ,N,N,PMA,Nasdaq Trader Symbol Directory
PMAX,Powell Max Limited - Class A Ordinary Shares,NASDAQ,N,N,PMAX,Nasdaq Trader Symbol Directory
PMCB,"PharmaCyte  Biotech, Inc. - Common Stock",NASDAQ,N,N,PMCB,Nasdaq Trader Symbol Directory
PMEC,Primech Holdings Ltd. - Ordinary Shares,NASDAQ,N,N,PMEC,Nasdaq Trader Symbol Directory
PMI,"Picard Medical, Inc. Common Stock",NYSE American,N,N,PMI,Nasdaq Trader Symbol Directory
PML,Pimco Municipal Income Fund II Common Shares of Beneficial Interest,NYSE,N,N,PML,Nasdaq Trader Symbol Directory
PMM,Franklin Managed Municipal Income Trust Shares of Beneficial Interest,NYSE,N,N,PMM,Nasdaq Trader Symbol Directory
PMN,ProMIS Neurosciences Inc. - Common Shares,NASDAQ,N,N,PMN,Nasdaq Trader Symbol Directory
PMO,Franklin Municipal Opportunities Trust Shares of Beneficial Interest,NYSE,N,N,PMO,Nasdaq Trader Symbol Directory
PMT,PennyMac Mortgage Investment Trust Common Shares of Beneficial Interest,NYSE,N,N,PMT,Nasdaq Trader Symbol Directory
PMTS,CPI Card Group Inc. - Common Stock,NASDAQ,N,N,PMTS,Nasdaq Trader Symbol Directory
PMTU,PennyMac Mortgage Investment Trust 8.50% Senior Notes due 2028,NYSE,N,N,PMTU,Nasdaq Trader Symbol Directory
PMTV,PennyMac Mortgage Investment Trust 9.00% Senior Notes due 2030,NYSE,N,N,PMTV,Nasdaq Trader Symbol Directory
PMTW,PennyMac Mortgage Investment Trust 9.00% Senior Notes due 2030,NYSE,N,N,PMTW,Nasdaq Trader Symbol Directory
PMVP,"PMV Pharmaceuticals, Inc. - Common Stock",NASDAQ,N,N,PMVP,Nasdaq Trader Symbol Directory
PN,PN Smart Energy Limited - Class A Ordinary Shares,NASDAQ,N,N,PN,Nasdaq Trader Symbol Directory
PNBK,Patriot National Bancorp Inc. - Common Stock,NASDAQ,N,N,PNBK,Nasdaq Trader Symbol Directory
PNC,"PNC Financial Services Group, Inc. (The) Common Stock",NYSE,N,N,PNC,Nasdaq Trader Symbol Directory
PNFP,"Pinnacle Financial Partners, Inc. Common stock",NYSE,N,N,PNFP,Nasdaq Trader Symbol Directory
PNI,Pimco New York Municipal Income Fund II Common Shares of Beneficial Interest,NYSE,N,N,PNI,Nasdaq Trader Symbol Directory
PNNT,PennantPark Investment Corporation Common Stock,NYSE,N,N,PNNT,Nasdaq Trader Symbol Directory
PNR,Pentair plc. Ordinary Share,NYSE,N,N,PNR,Nasdaq Trader Symbol Directory
PNRG,PrimeEnergy Resources Corporation - Common Stock,NASDAQ,N,N,PNRG,Nasdaq Trader Symbol Directory
PNTG,"The Pennant Group, Inc. - Common Stock",NASDAQ,N,N,PNTG,Nasdaq Trader Symbol Directory
PNW,Pinnacle West Capital Corporation Common Stock,NYSE,N,N,PNW,Nasdaq Trader Symbol Directory
POAS,Phaos Technology Holdings (Cayman) Limited Class A Ordinary Shares,NYSE American,N,N,POAS,Nasdaq Trader Symbol Directory
POCI,"Precision Optics Corporation, Inc. - Common stock",NASDAQ,N,N,POCI,Nasdaq Trader Symbol Directory
PODC,"PodcastOne, Inc. - Common Stock",NASDAQ,N,N,PODC,Nasdaq Trader Symbol Directory
PODD,Insulet Corporation - Common Stock,NASDAQ,N,N,PODD,Nasdaq Trader Symbol Directory
POET,POET Technologies Inc. - Common Shares,NASDAQ,N,N,POET,Nasdaq Trader Symbol Directory
POLA,"Polar Power, Inc. - Common Stock",NASDAQ,N,N,POLA,Nasdaq Trader Symbol Directory
PONO,"Pono Capital Four, Inc. - Class A Ordinary Shares",NASDAQ,N,N,PONO,Nasdaq Trader Symbol Directory
POOL,Pool Corporation - Common Stock,NASDAQ,N,N,POOL,Nasdaq Trader Symbol Directory
POR,Portland General Electric Co Common Stock,NYSE,N,N,POR,Nasdaq Trader Symbol Directory
POST,"Post Holdings, Inc. Common Stock",NYSE,N,N,POST,Nasdaq Trader Symbol Directory
POWI,"Power Integrations, Inc. - Common Stock",NASDAQ,N,N,POWI,Nasdaq Trader Symbol Directory
POWL,"Powell Industries, Inc. - Common Stock",NASDAQ,N,N,POWL,Nasdaq Trader Symbol Directory
POWW,Outdoor Holding Company - Common Stock,NASDAQ,N,N,POWW,Nasdaq Trader Symbol Directory
PPC,Pilgrim's Pride Corporation - Common Stock,NASDAQ,N,N,PPC,Nasdaq Trader Symbol Directory
PPCB,"Propanc Biopharma, Inc. - Common Stock",NASDAQ,N,N,PPCB,Nasdaq Trader Symbol Directory
PPG,"PPG Industries, Inc. Common Stock",NYSE,N,N,PPG,Nasdaq Trader Symbol Directory
PPHC,"Public Policy Holding Company, Inc. - Common Stock",NASDAQ,N,N,PPHC,Nasdaq Trader Symbol Directory
PPIH,"Perma-Pipe International Holdings, Inc. - Common Stock",NASDAQ,N,N,PPIH,Nasdaq Trader Symbol Directory
PPL,PPL Corporation Common Stock,NYSE,N,N,PPL,Nasdaq Trader Symbol Directory
PPLI,People Incorporated - Common Stock,NASDAQ,N,N,PPLI,Nasdaq Trader Symbol Directory
PPSI,"Pioneer Power Solutions, Inc. - Common Stock",NASDAQ,N,N,PPSI,Nasdaq Trader Symbol Directory
PPT,Franklin Premier Income Trust Shares of Beneficial Interest,NYSE,N,N,PPT,Nasdaq Trader Symbol Directory
PPTA,Perpetua Resources Corp. - Common Shares,NASDAQ,N,N,PPTA,Nasdaq Trader Symbol Directory
PR,Permian Resources Corporation Class A Common Stock,NYSE,N,N,PR,Nasdaq Trader Symbol Directory
PRAA,"PRA Group, Inc. - Common Stock",NASDAQ,N,N,PRAA,Nasdaq Trader Symbol Directory
PRAX,"Praxis Precision Medicines, Inc. - Common Stock",NASDAQ,N,N,PRAX,Nasdaq Trader Symbol Directory
PRCH,"Porch Group, Inc. - Common Stock",NASDAQ,N,N,PRCH,Nasdaq Trader Symbol Directory
PRCT,PROCEPT BioRobotics Corporation - Common Stock,NASDAQ,N,N,PRCT,Nasdaq Trader Symbol Directory
PRDO,Perdoceo Education Corporation - Common Stock,NASDAQ,N,N,PRDO,Nasdaq Trader Symbol Directory
PRE,Prenetics Global Limited - Class A Ordinary Share,NASDAQ,N,N,PRE,Nasdaq Trader Symbol Directory
PRFX,PRF Technologies Ltd. - Ordinary Shares,NASDAQ,N,N,PRFX,Nasdaq Trader Symbol Directory
PRG,"PROG Holdings, Inc. Common Stock",NYSE,N,N,PRG,Nasdaq Trader Symbol Directory
PRGO,Perrigo Company plc Ordinary Shares,NYSE,N,N,PRGO,Nasdaq Trader Symbol Directory
PRGS,Progress Software Corporation - Common Stock,NASDAQ,N,N,PRGS,Nasdaq Trader Symbol Directory
PRH,"Prudential Financial, Inc. 5.950% Junior Subordinated Notes due 2062",NYSE,N,N,PRH,Nasdaq Trader Symbol Directory
PRHI,"Presurance Holdings, Inc. - Common Stock",NASDAQ,N,N,PRHI,Nasdaq Trader Symbol Directory
PRHIZ,"Presurance Holdings, Inc. - 9.75% Senior Unsecured Notes due 2028",NASDAQ,N,N,PRHIZ,Nasdaq Trader Symbol Directory
PRI,"Primerica, Inc. Common Stock",NYSE,N,N,PRI,Nasdaq Trader Symbol Directory
PRIM,Primoris Services Corporation Common Stock,NYSE,N,N,PRIM,Nasdaq Trader Symbol Directory
PRK,Park National Corporation Common Stock,NYSE American,N,N,PRK,Nasdaq Trader Symbol Directory
PRKS,United Parks & Resorts Inc. Common Stock,NYSE,N,N,PRKS,Nasdaq Trader Symbol Directory
PRLB,"Proto Labs, Inc. Common stock",NYSE,N,N,PRLB,Nasdaq Trader Symbol Directory
PRLD,Prelude Therapeutics Incorporated - Common Stock,NASDAQ,N,N,PRLD,Nasdaq Trader Symbol Directory
PRM,"Perimeter Solutions, SA Common Stock",NYSE,N,N,PRM,Nasdaq Trader Symbol Directory
PRMB,Primo Brands Corporation Class A Common Stock,NYSE,N,N,PRMB,Nasdaq Trader Symbol Directory
PRME,"Prime Medicine, Inc. - Common Stock",NASDAQ,N,N,PRME,Nasdaq Trader Symbol Directory
PROF,Profound Medical Corp. - common stock,NASDAQ,N,N,PROF,Nasdaq Trader Symbol Directory
PROK,ProKidney Corp. - Class A Ordinary Shares,NASDAQ,N,N,PROK,Nasdaq Trader Symbol Directory
PROP,Prairie Operating Co. - Common Stock,NASDAQ,N,N,PROP,Nasdaq Trader Symbol Directory
PROV,"Provident Financial Holdings, Inc. - Common Stock",NASDAQ,N,N,PROV,Nasdaq Trader Symbol Directory
PRPL,"Purple Innovation, Inc. - Common Stock",NASDAQ,N,N,PRPL,Nasdaq Trader Symbol Directory
PRPO,"Precipio, Inc. - Common Stock",NASDAQ,N,N,PRPO,Nasdaq Trader Symbol Directory
PRQR,ProQR Therapeutics N.V. - Ordinary Shares,NASDAQ,N,N,PRQR,Nasdaq Trader Symbol Directory
PRS,"Prudential Financial, Inc. 5.625% Junior Subordinated Notes due 2058",NYSE,N,N,PRS,Nasdaq Trader Symbol Directory
PRSO,Peraso Inc. - Common Stock,NASDAQ,N,N,PRSO,Nasdaq Trader Symbol Directory
PRSU,"Pursuit Attractions and Hospitality, Inc. Common Stock",NYSE,N,N,PRSU,Nasdaq Trader Symbol Directory
PRTA,Prothena Corporation plc - Ordinary Shares,NASDAQ,N,N,PRTA,Nasdaq Trader Symbol Directory
PRTH,"Priority Technology Holdings, Inc. - Common Stock",NASDAQ,N,N,PRTH,Nasdaq Trader Symbol Directory
PRTS,"CarParts.com, Inc. - Common Stock",NASDAQ,N,N,PRTS,Nasdaq Trader Symbol Directory
PRU,"Prudential Financial, Inc. Common Stock",NYSE,N,N,PRU,Nasdaq Trader Symbol Directory
PRVA,"Privia Health Group, Inc. - Common Stock",NASDAQ,N,N,PRVA,Nasdaq Trader Symbol Directory
PRZO,ParaZero Technologies Ltd. - Ordinary Shares,NASDAQ,N,N,PRZO,Nasdaq Trader Symbol Directory
PS,Pershing Square Inc. Common Stock,NYSE,N,N,PS,Nasdaq Trader Symbol Directory
PSA,Public Storage Common Stock,NYSE,N,N,PSA,Nasdaq Trader Symbol Directory
PSBD,Palmer Square Capital BDC Inc. Common Stock,NYSE,N,N,PSBD,Nasdaq Trader Symbol Directory
PSEC,Prospect Capital Corporation - Closed End Fund,NASDAQ,N,N,PSEC,Nasdaq Trader Symbol Directory
PSFE,Paysafe Limited Common Shares,NYSE,N,N,PSFE,Nasdaq Trader Symbol Directory
PSHG,Performance Shipping Inc. - Common Shares,NASDAQ,N,N,PSHG,Nasdaq Trader Symbol Directory
PSIG,PS International Group Ltd. - Ordinary Shares,NASDAQ,N,N,PSIG,Nasdaq Trader Symbol Directory
PSIX,"Power Solutions International, Inc. - Common Stock",NASDAQ,N,N,PSIX,Nasdaq Trader Symbol Directory
PSKY,Paramount Skydance Corporation - Class B Common Stock,NASDAQ,N,N,PSKY,Nasdaq Trader Symbol Directory
PSMT,"PriceSmart, Inc. - Common Stock",NASDAQ,N,N,PSMT,Nasdaq Trader Symbol Directory
PSN,Parsons Corporation Common Stock,NYSE,N,N,PSN,Nasdaq Trader Symbol Directory
PSNL,"Personalis, Inc. - Common Stock",NASDAQ,N,N,PSNL,Nasdaq Trader Symbol Directory
PSNY,Polestar Automotive Holding UK Limited - Class A ADS,NASDAQ,N,N,PSNY,Nasdaq Trader Symbol Directory
PSNYW,Polestar Automotive Holding UK Limited - Class C-1 ADS (ADW),NASDAQ,N,N,PSNYW,Nasdaq Trader Symbol Directory
PSO,"Pearson, Plc Common Stock",NYSE,N,N,PSO,Nasdaq Trader Symbol Directory
PSQH,"PSQ Holdings, Inc. Class A Common Stock",NYSE,N,N,PSQH,Nasdaq Trader Symbol Directory
PSTL,"Postal Realty Trust, Inc. Class A Common Stock",NYSE,N,N,PSTL,Nasdaq Trader Symbol Directory
PSUS,"Pershing Square USA, Ltd. Common Shares",NYSE,N,N,PSUS,Nasdaq Trader Symbol Directory
PSX,Phillips 66 Common Stock,NYSE,N,N,PSX,Nasdaq Trader Symbol Directory
PTC,PTC Inc. - Common Stock,NASDAQ,N,N,PTC,Nasdaq Trader Symbol Directory
PTCT,"PTC Therapeutics, Inc. - Common Stock",NASDAQ,N,N,PTCT,Nasdaq Trader Symbol Directory
PTEN,"Patterson-UTI Energy, Inc. - Common Stock",NASDAQ,N,N,PTEN,Nasdaq Trader Symbol Directory
PTGX,"Protagonist Therapeutics, Inc. - Common Stock",NASDAQ,N,N,PTGX,Nasdaq Trader Symbol Directory
PTHS,Pelthos Therapeutics Inc. Common Stock,NYSE American,N,N,PTHS,Nasdaq Trader Symbol Directory
PTLE,PTL LTD - Class A Ordinary Shares,NASDAQ,N,N,PTLE,Nasdaq Trader Symbol Directory
PTLO,Portillo's Inc. - Class A Common Stock,NASDAQ,N,N,PTLO,Nasdaq Trader Symbol Directory
PTN,"Palatin Technologies, Inc. - Common Stock",NASDAQ,N,N,PTN,Nasdaq Trader Symbol Directory
PTON,"Peloton Interactive, Inc. - Common Stock",NASDAQ,N,N,PTON,Nasdaq Trader Symbol Directory
PTRN,Pattern Group Inc. - Series A Common Stock,NASDAQ,N,N,PTRN,Nasdaq Trader Symbol Directory
PTY,Pimco Corporate & Income Opportunity Fund,NYSE,N,N,PTY,Nasdaq Trader Symbol Directory
PUBM,"PubMatic, Inc. - Class A Common Stock",NASDAQ,N,N,PUBM,Nasdaq Trader Symbol Directory
PUK,Prudential Public Limited Company Common Stock,NYSE,N,N,PUK,Nasdaq Trader Symbol Directory
PULM,"Pulmatrix, Inc. - Common Stock",NASDAQ,N,N,PULM,Nasdaq Trader Symbol Directory
PUMP,ProPetro Holding Corp. Common Stock,NYSE,N,N,PUMP,Nasdaq Trader Symbol Directory
PURR,Hyperliquid Strategies Inc - Common Stock,NASDAQ,N,N,PURR,Nasdaq Trader Symbol Directory
PUSA,Aureus Greenway Holdings Inc. - Common Stock,NASDAQ,N,N,PUSA,Nasdaq Trader Symbol Directory
PVH,PVH Corp. Common Stock,NYSE,N,N,PVH,Nasdaq Trader Symbol Directory
PVLA,"Palvella Therapeutics, Inc. - Common Stock",NASDAQ,N,N,PVLA,Nasdaq Trader Symbol Directory
PW,Power REIT (MD) Common Stock,NYSE American,N,N,PW,Nasdaq Trader Symbol Directory
PWCM,"PowerCompute, Inc. - Common Stock",NASDAQ,N,N,PWCM,Nasdaq Trader Symbol Directory
PWP,Perella Weinberg Partners - Class A Common Stock,NASDAQ,N,N,PWP,Nasdaq Trader Symbol Directory
PWR,"Quanta Services, Inc. Common Stock",NYSE,N,N,PWR,Nasdaq Trader Symbol Directory
PWRL,Powerlaw Corp. - Common Stock,NASDAQ,N,N,PWRL,Nasdaq Trader Symbol Directory
PXED,"Phoenix Education Partners, Inc. Common Stock",NYSE,N,N,PXED,Nasdaq Trader Symbol Directory
PXLW,"Pixelworks, Inc. - Common Stock",NASDAQ,N,N,PXLW,Nasdaq Trader Symbol Directory
PXS,Pyxis Tankers Inc. - Common Stock,NASDAQ,N,N,PXS,Nasdaq Trader Symbol Directory
PYPD,PolyPid Ltd. - Ordinary Shares,NASDAQ,N,N,PYPD,Nasdaq Trader Symbol Directory
PYPL,"PayPal Holdings, Inc. - Common Stock",NASDAQ,N,N,PYPL,Nasdaq Trader Symbol Directory
PYT,PPlus Tr GSC-2 Tr Ctf Fltg Rate,NYSE,N,N,PYT,Nasdaq Trader Symbol Directory
PYXS,"Pyxis Oncology, Inc. - Common Stock",NASDAQ,N,N,PYXS,Nasdaq Trader Symbol Directory
PZG,Paramount Gold Nevada Corp. Common Stock,NYSE American,N,N,PZG,Nasdaq Trader Symbol Directory
PZZA,"Papa John's International, Inc. - Common Stock",NASDAQ,N,N,PZZA,Nasdaq Trader Symbol Directory
Q,"Qnity Electronics, Inc. Common Stock",NYSE,N,N,Q,Nasdaq Trader Symbol Directory
QBTS,D-Wave Quantum Inc. - Common Stock,NASDAQ,N,N,QBTS,Nasdaq Trader Symbol Directory
QCLS,"Q/C Technologies, Inc. - Common Stock",NASDAQ,N,N,QCLS,Nasdaq Trader Symbol Directory
QCOM,QUALCOMM Incorporated - Common Stock,NASDAQ,N,N,QCOM,Nasdaq Trader Symbol Directory
QCRH,"QCR Holdings, Inc. - Common Stock",NASDAQ,N,N,QCRH,Nasdaq Trader Symbol Directory
QDEL,QuidelOrtho Corporation - Common Stock,NASDAQ,N,N,QDEL,Nasdaq Trader Symbol Directory
QGEN,Qiagen N.V. Common Shares,NYSE,N,N,QGEN,Nasdaq Trader Symbol Directory
QH,Quhuo Limited - Class A Ordinary Shares,NASDAQ,N,N,QH,Nasdaq Trader Symbol Directory
QLYS,"Qualys, Inc. - Common Stock",NASDAQ,N,N,QLYS,Nasdaq Trader Symbol Directory
QMCO,Quantum Corporation - Common Stock,NASDAQ,N,N,QMCO,Nasdaq Trader Symbol Directory
QMLS,"QumulusAI, Inc. - Common Stock",NASDAQ,N,N,QMLS,Nasdaq Trader Symbol Directory
QNBC,QNB Corp. - Common Stock,NASDAQ,N,N,QNBC,Nasdaq Trader Symbol Directory
QNC,Quantum eMotion Corp. Common Shares,NYSE American,N,N,QNC,Nasdaq Trader Symbol Directory
QNCX,"Quince Therapeutics, Inc. - Common Stock",NASDAQ,N,N,QNCX,Nasdaq Trader Symbol Directory
QNME,"Quanome Technologies, Inc. - Common Stock",NASDAQ,N,N,QNME,Nasdaq Trader Symbol Directory
QNST,"QuinStreet, Inc. - Common Stock",NASDAQ,N,N,QNST,Nasdaq Trader Symbol Directory
QNT,Quantinuum Inc. - Class A Common Stock,NASDAQ,N,N,QNT,Nasdaq Trader Symbol Directory
QNTM,Quantum Biopharma Ltd. - Class B Subordinate Voting Shares,NASDAQ,N,N,QNTM,Nasdaq Trader Symbol Directory
QQQX,Nuveen NASDAQ 100 Dynamic Overwrite Fund - Closed End Fund,NASDAQ,N,N,QQQX,Nasdaq Trader Symbol Directory
QRHC,Quest Resource Holding Corporation - Common Stock,NASDAQ,N,N,QRHC,Nasdaq Trader Symbol Directory
QRVO,"Qorvo, Inc. - Common Stock",NASDAQ,N,N,QRVO,Nasdaq Trader Symbol Directory
QS,QuantumScape Corporation - Common Stock,NASDAQ,N,N,QS,Nasdaq Trader Symbol Directory
QSI,Quantum-Si Incorporated - Class A Common Stock,NASDAQ,N,N,QSI,Nasdaq Trader Symbol Directory
QSR,Restaurant Brands International Inc. Common Shares,NYSE,N,N,QSR,Nasdaq Trader Symbol Directory
QTEX,QTREX Quantum Ltd. - Ordinary Shares,NASDAQ,N,N,QTEX,Nasdaq Trader Symbol Directory
QTI,"QT Imaging Holdings, Inc. - Common Stock",NASDAQ,N,N,QTI,Nasdaq Trader Symbol Directory
QTRX,Quanterix Corporation - Common Stock,NASDAQ,N,N,QTRX,Nasdaq Trader Symbol Directory
QTTB,Q32 Bio Inc. - Common Stock,NASDAQ,N,N,QTTB,Nasdaq Trader Symbol Directory
QTWO,"Q2 Holdings, Inc. Common Stock",NYSE,N,N,QTWO,Nasdaq Trader Symbol Directory
QUAD,"Quad Graphics, Inc Class A Common Stock",NYSE,N,N,QUAD,Nasdaq Trader Symbol Directory
QUBT,Quantum Computing Inc. - Common Stock,NASDAQ,N,N,QUBT,Nasdaq Trader Symbol Directory
QUCY,Quantum Cyber N.V. - Ordinary Shares,NASDAQ,N,N,QUCY,Nasdaq Trader Symbol Directory
QUIK,QuickLogic Corporation - Common Stock,NASDAQ,N,N,QUIK,Nasdaq Trader Symbol Directory
QURE,uniQure N.V. - Ordinary Shares,NASDAQ,N,N,QURE,Nasdaq Trader Symbol Directory
QVCG,"QVC Group, Inc. - Common Stock",NASDAQ,N,N,QVCG,Nasdaq Trader Symbol Directory
QXL,Quantum X Labs Inc. - Common Stock,NASDAQ,N,N,QXL,Nasdaq Trader Symbol Directory
QXO,"QXO, Inc. Common Stock",NYSE,N,N,QXO,Nasdaq Trader Symbol Directory
R,"Ryder System, Inc. Common Stock",NYSE,N,N,R,Nasdaq Trader Symbol Directory
RA,Brookfield Real Assets Income Fund Inc. Common Stock,NYSE,N,N,RA,Nasdaq Trader Symbol Directory
RACC,Research Alliance Corporation III - Class A Ordinary Shares,NASDAQ,N,N,RACC,Nasdaq Trader Symbol Directory
RACD,Research Alliance Corporation IV - Class A Ordinary Shares,NASDAQ,N,N,RACD,Nasdaq Trader Symbol Directory
RACE,Ferrari N.V. Common Shares,NYSE,N,N,RACE,Nasdaq Trader Symbol Directory
RAIL,"Freightcar America, Inc. - Common Stock",NASDAQ,N,N,RAIL,Nasdaq Trader Symbol Directory
RAIN,"Rain Enhancement Technologies Holdco, Inc. - Class A Common Stock",NASDAQ,N,N,RAIN,Nasdaq Trader Symbol Directory
RAL,Ralliant Corporation Common Stock,NYSE,N,N,RAL,Nasdaq Trader Symbol Directory
RAMP,"LiveRamp Holdings, Inc. Common Stock",NYSE,N,N,RAMP,Nasdaq Trader Symbol Directory
RAND,Rand Capital Corporation - Closed End Fund,NASDAQ,N,N,RAND,Nasdaq Trader Symbol Directory
RANI,"Rani Therapeutics Holdings, Inc. - Class A Common Stock",NASDAQ,N,N,RANI,Nasdaq Trader Symbol Directory
RAPP,"Rapport Therapeutics, Inc. - Common Stock",NASDAQ,N,N,RAPP,Nasdaq Trader Symbol Directory
RARE,Ultragenyx Pharmaceutical Inc. - Common Stock,NASDAQ,N,N,RARE,Nasdaq Trader Symbol Directory
RAVE,"Rave Restaurant Group, Inc. - Common Stock",NASDAQ,N,N,RAVE,Nasdaq Trader Symbol Directory
RAY,Raytech Holding Limited - Ordinary Shares,NASDAQ,N,N,RAY,Nasdaq Trader Symbol Directory
RAYA,Erayak Power Solution Group Inc. - Class A Ordinary Shares,NASDAQ,N,N,RAYA,Nasdaq Trader Symbol Directory
RBA,"RB Global, Inc. Common Stock",NYSE,N,N,RBA,Nasdaq Trader Symbol Directory
RBB,RBB Bancorp - Common Stock,NASDAQ,N,N,RBB,Nasdaq Trader Symbol Directory
RBBN,Ribbon Communications Inc.  - Common Stock,NASDAQ,N,N,RBBN,Nasdaq Trader Symbol Directory
RBC,RBC Bearings Incorporated Common Stock,NYSE,N,N,RBC,Nasdaq Trader Symbol Directory
RBCAA,"Republic Bancorp, Inc. - Class A Common Stock",NASDAQ,N,N,RBCAA,Nasdaq Trader Symbol Directory
RBKB,"Rhinebeck Bancorp, Inc. - Common Stock",NASDAQ,N,N,RBKB,Nasdaq Trader Symbol Directory
RBLX,Roblox Corporation Class A Common Stock,NYSE,N,N,RBLX,Nasdaq Trader Symbol Directory
RBNE,Robin Energy Ltd. - Common Stock,NASDAQ,N,N,RBNE,Nasdaq Trader Symbol Directory
RBRK,"Rubrik, Inc. Class A Common Stock",NYSE,N,N,RBRK,Nasdaq Trader Symbol Directory
RC,Ready Capital Corporation Common Stock,NYSE,N,N,RC,Nasdaq Trader Symbol Directory
RCAT,"Red Cat Holdings, Inc. - Common Stock",NASDAQ,N,N,RCAT,Nasdaq Trader Symbol Directory
RCBC,River City Bank - Common stock,NASDAQ,N,N,RCBC,Nasdaq Trader Symbol Directory
RCD,Ready Capital Corporation 9.00% Senior Notes due 2029,NYSE,N,N,RCD,Nasdaq Trader Symbol Directory
RCEL,"Avita Medical, Inc. - Common Stock",NASDAQ,N,N,RCEL,Nasdaq Trader Symbol Directory
RCG,"RENN Fund, Inc Common Stock",NYSE American,N,N,RCG,Nasdaq Trader Symbol Directory
RCI,"Rogers Communication, Inc. Common Stock",NYSE,N,N,RCI,Nasdaq Trader Symbol Directory
RCKT,"Rocket Pharmaceuticals, Inc. - Common Stock",NASDAQ,N,N,RCKT,Nasdaq Trader Symbol Directory
RCKY,"Rocky Brands, Inc. - Common Stock",NASDAQ,N,N,RCKY,Nasdaq Trader Symbol Directory
RCL,Royal Caribbean Cruises Ltd. Common Stock,NYSE,N,N,RCL,Nasdaq Trader Symbol Directory
RCMT,"RCM Technologies, Inc. - Common Stock",NASDAQ,N,N,RCMT,Nasdaq Trader Symbol Directory
RCON,"Recon Technology, Ltd. - Class A Ordinary Shares",NASDAQ,N,N,RCON,Nasdaq Trader Symbol Directory
RCS,"PIMCO Strategic Income Fund, Inc.",NYSE,N,N,RCS,Nasdaq Trader Symbol Directory
RCT,RedCloud Holdings plc - Ordinary Shares,NASDAQ,N,N,RCT,Nasdaq Trader Symbol Directory
RCUS,"Arcus Biosciences, Inc. Common Stock",NYSE,N,N,RCUS,Nasdaq Trader Symbol Directory
RDAG,Republic Digital Acquisition Company - Class A Ordinary Shares,NASDAQ,N,N,RDAG,Nasdaq Trader Symbol Directory
RDCM,Radcom Ltd. - Ordinary Shares,NASDAQ,N,N,RDCM,Nasdaq Trader Symbol Directory
RDDT,"Reddit, Inc. Class A Common Stock",NYSE,N,N,RDDT,Nasdaq Trader Symbol Directory
RDGT,"Ridgetech, Inc. - Ordinary Shares",NASDAQ,N,N,RDGT,Nasdaq Trader Symbol Directory
RDI,Reading International Inc - Class A Non-voting Common Stock,NASDAQ,N,N,RDI,Nasdaq Trader Symbol Directory
RDIB,Reading International Inc - Class B Voting Common Stock,NASDAQ,N,N,RDIB,Nasdaq Trader Symbol Directory
RDN,Radian Group Inc. Common Stock,NYSE,N,N,RDN,Nasdaq Trader Symbol Directory
RDNT,"RadNet, Inc. - Common Stock",NASDAQ,N,N,RDNT,Nasdaq Trader Symbol Directory
RDNW,"RideNow Group, Inc. - Class B Common Stock",NASDAQ,N,N,RDNW,Nasdaq Trader Symbol Directory
RDVT,"Red Violet, Inc. - Common Stock ",NASDAQ,N,N,RDVT,Nasdaq Trader Symbol Directory
RDW,Redwire Corporation Common Stock,NYSE,N,N,RDW,Nasdaq Trader Symbol Directory
RDWR,Radware Ltd. - Ordinary Shares,NASDAQ,N,N,RDWR,Nasdaq Trader Symbol Directory
RDY,Dr. Reddy's Laboratories Ltd Common Stock,NYSE,N,N,RDY,Nasdaq Trader Symbol Directory
RDZN,"Roadzen, Inc. - Ordinary Shares",NASDAQ,N,N,RDZN,Nasdaq Trader Symbol Directory
REA,"Rare Earths Americas, Inc. Common Stock",NYSE American,N,N,REA,Nasdaq Trader Symbol Directory
REAL,"The RealReal, Inc. - Common Stock",NASDAQ,N,N,REAL,Nasdaq Trader Symbol Directory
REAX,Real REMAX Group Inc. - Common Stock,NASDAQ,N,N,REAX,Nasdaq Trader Symbol Directory
REBN,"Reborn Coffee, Inc. - Common Stock",NASDAQ,N,N,REBN,Nasdaq Trader Symbol Directory
RECT,Rectitude Holdings Ltd - Ordinary Shares,NASDAQ,N,N,RECT,Nasdaq Trader Symbol Directory
REED,"Reed's, Inc. Common Stock",NYSE American,N,N,REED,Nasdaq Trader Symbol Directory
REF,Reformation Inc. Common Stock,NYSE,N,N,REF,Nasdaq Trader Symbol Directory
REFI,"Chicago Atlantic Real Estate Finance, Inc. - Common Stock",NASDAQ,N,N,REFI,Nasdaq Trader Symbol Directory
REFR,Research Frontiers Incorporated - Common Stock,NASDAQ,N,N,REFR,Nasdaq Trader Symbol Directory
REG,Regency Centers Corporation - Common Stock,NASDAQ,N,N,REG,Nasdaq Trader Symbol Directory
REGN,"Regeneron Pharmaceuticals, Inc. - Common Stock",NASDAQ,N,N,REGN,Nasdaq Trader Symbol Directory
REI,"Ring Energy, Inc. Common Stock",NYSE American,N,N,REI,Nasdaq Trader Symbol Directory
REKR,"Rekor Systems, Inc. - Common Stock",NASDAQ,N,N,REKR,Nasdaq Trader Symbol Directory
RELL,"Richardson Electronics, Ltd. - Common Stock",NASDAQ,N,N,RELL,Nasdaq Trader Symbol Directory
RELY,"Remitly Global, Inc. - Common stock",NASDAQ,N,N,RELY,Nasdaq Trader Symbol Directory
RENT,"Rent the Runway, Inc. - Class A Common Stock",NASDAQ,N,N,RENT,Nasdaq Trader Symbol Directory
RENX,RenX Enterprises Corp. - Common Stock,NASDAQ,N,N,RENX,Nasdaq Trader Symbol Directory
REPL,"Replimune Group, Inc. - Common Stock",NASDAQ,N,N,REPL,Nasdaq Trader Symbol Directory
REPX,"Riley Exploration Permian, Inc. Common Stock",NYSE American,N,N,REPX,Nasdaq Trader Symbol Directory
RES,"RPC, Inc. Common Stock",NYSE,N,N,RES,Nasdaq Trader Symbol Directory
RETO,"ReTo Eco-Solutions, Inc. - Class A Shares",NASDAQ,N,N,RETO,Nasdaq Trader Symbol Directory
REVB,"Revelation Biosciences, Inc. - Common Stock",NASDAQ,N,N,REVB,Nasdaq Trader Symbol Directory
REX,REX American Resources Corporation,NYSE,N,N,REX,Nasdaq Trader Symbol Directory
REXR,"Rexford Industrial Realty, Inc. Common Stock",NYSE,N,N,REXR,Nasdaq Trader Symbol Directory
REYN,Reynolds Consumer Products Inc. - Common Stock,NASDAQ,N,N,REYN,Nasdaq Trader Symbol Directory
REZI,"Resideo Technologies, Inc. Common Stock ",NYSE,N,N,REZI,Nasdaq Trader Symbol Directory
RF,Regions Financial Corporation Common Stock,NYSE,N,N,RF,Nasdaq Trader Symbol Directory
RFI,"Cohen & Steers Total Return Realty Fund, Inc. Common Stock",NYSE,N,N,RFI,Nasdaq Trader Symbol Directory
RFIL,"RF Industries, Ltd. - Common Stock",NASDAQ,N,N,RFIL,Nasdaq Trader Symbol Directory
RFL,"Rafael Holdings, Inc. Class B Common Stock",NYSE,N,N,RFL,Nasdaq Trader Symbol Directory
RFM,"RiverNorth Flexible Municipal Income Fund, Inc. Common Stock",NYSE,N,N,RFM,Nasdaq Trader Symbol Directory
RFMZ,"RiverNorth Flexible Municipal Income Fund II, Inc. Common Stock",NYSE,N,N,RFMZ,Nasdaq Trader Symbol Directory
RGA,"Reinsurance Group of America, Incorporated Common Stock",NYSE,N,N,RGA,Nasdaq Trader Symbol Directory
RGC,Regencell Bioscience Holdings Limited - Ordinary Shares,NASDAQ,N,N,RGC,Nasdaq Trader Symbol Directory
RGCO,RGC Resources Inc. - Common Stock,NASDAQ,N,N,RGCO,Nasdaq Trader Symbol Directory
RGEN,Repligen Corporation - Common Stock,NASDAQ,N,N,RGEN,Nasdaq Trader Symbol Directory
RGLD,"Royal Gold, Inc. - Common Stock",NASDAQ,N,N,RGLD,Nasdaq Trader Symbol Directory
RGNT,Regentis Biomaterials Ltd. Ordinary Shares,NYSE American,N,N,RGNT,Nasdaq Trader Symbol Directory
RGNX,REGENXBIO Inc. - Common Stock,NASDAQ,N,N,RGNX,Nasdaq Trader Symbol Directory
RGP,"Resources Connection, Inc. - Common Stock",NASDAQ,N,N,RGP,Nasdaq Trader Symbol Directory
RGR,"Sturm, Ruger & Company, Inc. Common Stock",NYSE,N,N,RGR,Nasdaq Trader Symbol Directory
RGS,Regis Corporation - Common Stock,NASDAQ,N,N,RGS,Nasdaq Trader Symbol Directory
RGT,"Royce Global Trust, Inc. Common Stock",NYSE,N,N,RGT,Nasdaq Trader Symbol Directory
RGTI,"Rigetti Computing, Inc.  - Common stock",NASDAQ,N,N,RGTI,Nasdaq Trader Symbol Directory
RH,RH Common Stock,NYSE,N,N,RH,Nasdaq Trader Symbol Directory
RHI,Robert Half Inc. Common Stock,NYSE,N,N,RHI,Nasdaq Trader Symbol Directory
RHLD,Resolute Holdings Management Common Stock ,NYSE,N,N,RHLD,Nasdaq Trader Symbol Directory
RHP,"Ryman Hospitality Properties, Inc. (REIT)",NYSE,N,N,RHP,Nasdaq Trader Symbol Directory
RICK,"RCI Hospitality Holdings, Inc. - Common Stock",NASDAQ,N,N,RICK,Nasdaq Trader Symbol Directory
RIG,Transocean Ltd (Switzerland) Common Stock,NYSE,N,N,RIG,Nasdaq Trader Symbol Directory
RIGL,"Rigel Pharmaceuticals, Inc. - Common Stock",NASDAQ,N,N,RIGL,Nasdaq Trader Symbol Directory
RILY,"BRC Group Holdings, Inc. - Common Stock",NASDAQ,N,N,RILY,Nasdaq Trader Symbol Directory
RILYG,"BRC Group Holdings, Inc. - 5.00% Senior Notes due 2026",NASDAQ,N,N,RILYG,Nasdaq Trader Symbol Directory
RILYN,"BRC Group Holdings, Inc. - 6.50% Senior Notes Due 2026",NASDAQ,N,N,RILYN,Nasdaq Trader Symbol Directory
RILYT,"BRC Group Holdings, Inc. - 6.00% Senior Notes Due 2028",NASDAQ,N,N,RILYT,Nasdaq Trader Symbol Directory
RILYZ,"BRC Group Holdings, Inc. - 5.25% Senior Notes due 2028",NASDAQ,N,N,RILYZ,Nasdaq Trader Symbol Directory
RIME,"Algorhythm Holdings, Inc. - Common Stock",NASDAQ,N,N,RIME,Nasdaq Trader Symbol Directory
RIO,Rio Tinto Plc Common Stock,NYSE,N,N,RIO,Nasdaq Trader Symbol Directory
RIOT,"Riot Platforms, Inc. - Common Stock",NASDAQ,N,N,RIOT,Nasdaq Trader Symbol Directory
RITM,Rithm Capital Corp. Common Stock,NYSE,N,N,RITM,Nasdaq Trader Symbol Directory
RITR,Reitar Logtech Holdings Limited - Ordinary shares,NASDAQ,N,N,RITR,Nasdaq Trader Symbol Directory
RIV,"RiverNorth Opportunities Fund, Inc. Common Stock",NYSE,N,N,RIV,Nasdaq Trader Symbol Directory
RIVN,"Rivian Automotive, Inc. - Class A Common Stock",NASDAQ,N,N,RIVN,Nasdaq Trader Symbol Directory
RJET,Republic Airways Holdings Inc. - Common Stock,NASDAQ,N,N,RJET,Nasdaq Trader Symbol Directory
RJF,"Raymond James Financial, Inc. Common Stock",NYSE,N,N,RJF,Nasdaq Trader Symbol Directory
RKDA,"Arcadia Biosciences, Inc. - Common Stock",NASDAQ,N,N,RKDA,Nasdaq Trader Symbol Directory
RKLB,Rocket Lab Corporation - Common Stock,NASDAQ,N,N,RKLB,Nasdaq Trader Symbol Directory
RKT,"Rocket Companies, Inc. Class A Common Stock",NYSE,N,N,RKT,Nasdaq Trader Symbol Directory
RKTO,Rocket One Inc. - Common Stock,NASDAQ,N,N,RKTO,Nasdaq Trader Symbol Directory
RL,Ralph Lauren Corporation Common Stock,NYSE,N,N,RL,Nasdaq Trader Symbol Directory
RLAY,"Relay Therapeutics, Inc. - Common Stock",NASDAQ,N,N,RLAY,Nasdaq Trader Symbol Directory
RLGT,"Radiant Logistics, Inc. Common Stock",NYSE American,N,N,RLGT,Nasdaq Trader Symbol Directory
RLI,RLI Corp. Common Stock (DE),NYSE,N,N,RLI,Nasdaq Trader Symbol Directory
RLJ,RLJ Lodging Trust Common Shares of Beneficial Interest $0.01 par value,NYSE,N,N,RLJ,Nasdaq Trader Symbol Directory
RLMD,"Relmada Therapeutics, Inc. - Common Stock",NASDAQ,N,N,RLMD,Nasdaq Trader Symbol Directory
RLTY,Cohen & Steers Real Estate Opportunities and Income Fund Common Shares of Beneficial Interest,NYSE,N,N,RLTY,Nasdaq Trader Symbol Directory
RLYB,Rallybio Corporation - Common Stock,NASDAQ,N,N,RLYB,Nasdaq Trader Symbol Directory
RM,Regional Management Corp. Common Stock,NYSE,N,N,RM,Nasdaq Trader Symbol Directory
RMBI,"Richmond Mutual Bancorporation, Inc. - Common Stock",NASDAQ,N,N,RMBI,Nasdaq Trader Symbol Directory
RMBS,"Rambus, Inc. - Common Stock",NASDAQ,N,N,RMBS,Nasdaq Trader Symbol Directory
RMCF,"Rocky Mountain Chocolate Factory, Inc. - Common Stock",NASDAQ,N,N,RMCF,Nasdaq Trader Symbol Directory
RMCO,Royalty Management Holding Corporation - Class A Common Stock,NASDAQ,N,N,RMCO,Nasdaq Trader Symbol Directory
RMD,ResMed Inc. Common Stock,NYSE,N,N,RMD,Nasdaq Trader Symbol Directory
RMI,"RiverNorth Opportunistic Municipal Income Fund, Inc. Common Stock",NYSE,N,N,RMI,Nasdaq Trader Symbol Directory
RMIX,"Suncrete, Inc. - Class A Common Stock",NASDAQ,N,N,RMIX,Nasdaq Trader Symbol Directory
RMM,"RiverNorth Managed Duration Municipal Income Fund, Inc. Common Stock",NYSE,N,N,RMM,Nasdaq Trader Symbol Directory
RMMZ,"RiverNorth Managed Duration Municipal Income Fund II, Inc. Common Stock",NYSE,N,N,RMMZ,Nasdaq Trader Symbol Directory
RMNI,"Rimini Street, Inc. - Common Stock",NASDAQ,N,N,RMNI,Nasdaq Trader Symbol Directory
RMR,The RMR Group Inc. - Class A Common Stock,NASDAQ,N,N,RMR,Nasdaq Trader Symbol Directory
RMSG,Real Messenger Corporation - Ordinary Shares,NASDAQ,N,N,RMSG,Nasdaq Trader Symbol Directory
RMT,"Royce Micro-Cap Trust, Inc. Common Stock",NYSE,N,N,RMT,Nasdaq Trader Symbol Directory
RMTI,"Rockwell Medical, Inc. - Common Stock",NASDAQ,N,N,RMTI,Nasdaq Trader Symbol Directory
RNA,"Atrium Therapeutics, Inc. - Common Stock",NASDAQ,N,N,RNA,Nasdaq Trader Symbol Directory
RNAC,"Cartesian Therapeutics, Inc. - Common Stock",NASDAQ,N,N,RNAC,Nasdaq Trader Symbol Directory
RNAZ,"TransCode Therapeutics, Inc. - Common Stock",NASDAQ,N,N,RNAZ,Nasdaq Trader Symbol Directory
RNG,"RingCentral, Inc. Class A Common Stock",NYSE,N,N,RNG,Nasdaq Trader Symbol Directory
RNGR,"Ranger Energy Services, Inc. Class A Common Stock",NYSE,N,N,RNGR,Nasdaq Trader Symbol Directory
RNR,RenaissanceRe Holdings Ltd. Common Stock,NYSE,N,N,RNR,Nasdaq Trader Symbol Directory
RNST,Renasant Corporation Common Stock,NYSE,N,N,RNST,Nasdaq Trader Symbol Directory
RNTX,"Rein Therapeutics, Inc. - Common Stock",NASDAQ,N,N,RNTX,Nasdaq Trader Symbol Directory
RNW,ReNew Energy Global plc - Class A Shares,NASDAQ,N,N,RNW,Nasdaq Trader Symbol Directory
RNXT,"RenovoRx, Inc. - Common Stock",NASDAQ,N,N,RNXT,Nasdaq Trader Symbol Directory
ROAD,"Construction Partners, Inc. - Common Stock",NASDAQ,N,N,ROAD,Nasdaq Trader Symbol Directory
ROC,Rank One Computing Corporation - Common stock,NASDAQ,N,N,ROC,Nasdaq Trader Symbol Directory
ROCK,"Gibraltar Industries, Inc. - Common Stock",NASDAQ,N,N,ROCK,Nasdaq Trader Symbol Directory
ROG,Rogers Corporation Common Stock,NYSE,N,N,ROG,Nasdaq Trader Symbol Directory
ROIV,Roivant Sciences Ltd. - Common Shares,NASDAQ,N,N,ROIV,Nasdaq Trader Symbol Directory
ROK,"Rockwell Automation, Inc. Common Stock",NYSE,N,N,ROK,Nasdaq Trader Symbol Directory
ROKU,"Roku, Inc. - Class A Common Stock",NASDAQ,N,N,ROKU,Nasdaq Trader Symbol Directory
ROL,"Rollins, Inc. Common Stock",NYSE,N,N,ROL,Nasdaq Trader Symbol Directory
ROLR,"High Roller Technologies, Inc. Common Stock",NYSE American,N,N,ROLR,Nasdaq Trader Symbol Directory
ROMA,Roma Green Finance Limited - Class A Ordinary Shares,NASDAQ,N,N,ROMA,Nasdaq Trader Symbol Directory
ROOT,"Root, Inc. - Common Stock",NASDAQ,N,N,ROOT,Nasdaq Trader Symbol Directory
ROP,"Roper Technologies, Inc. - Common Stock",NASDAQ,N,N,ROP,Nasdaq Trader Symbol Directory
ROST,"Ross Stores, Inc. - Common Stock",NASDAQ,N,N,ROST,Nasdaq Trader Symbol Directory
RPAY,Repay Holdings Corporation - Class A Common Stock,NASDAQ,N,N,RPAY,Nasdaq Trader Symbol Directory
RPC,"Ridgepost Capital, Inc. Class A Common Stock",NYSE,N,N,RPC,Nasdaq Trader Symbol Directory
RPD,"Rapid7, Inc. - Common Stock",NASDAQ,N,N,RPD,Nasdaq Trader Symbol Directory
RPGL,Republic Power Group Limited - Class A Ordinary Shares,NASDAQ,N,N,RPGL,Nasdaq Trader Symbol Directory
RPID,"Rapid Micro Biosystems, Inc. - Class A Common Stock",NASDAQ,N,N,RPID,Nasdaq Trader Symbol Directory
RPM,RPM International Inc. Common Stock,NYSE,N,N,RPM,Nasdaq Trader Symbol Directory
RPRX,Royalty Pharma plc - Class A Ordinary Shares,NASDAQ,N,N,RPRX,Nasdaq Trader Symbol Directory
RPT,Rithm Property Trust Inc. Common stock,NYSE,N,N,RPT,Nasdaq Trader Symbol Directory
RQI,Cohen & Steers Quality Income Realty Fund Inc Common Shares,NYSE,N,N,RQI,Nasdaq Trader Symbol Directory
RR,Richtech Robotics Inc. - Class B Common Stock,NASDAQ,N,N,RR,Nasdaq Trader Symbol Directory
RRBI,"Red River Bancshares, Inc. - Common Stock",NASDAQ,N,N,RRBI,Nasdaq Trader Symbol Directory
RRC,Range Resources Corporation Common Stock,NYSE,N,N,RRC,Nasdaq Trader Symbol Directory
RRGB,"Red Robin Gourmet Burgers, Inc. - Common Stock",NASDAQ,N,N,RRGB,Nasdaq Trader Symbol Directory
RRR,"Red Rock Resorts, Inc. - Class A Common Stock",NASDAQ,N,N,RRR,Nasdaq Trader Symbol Directory
RRX,Regal Rexnord Corporation Common Stock,NYSE,N,N,RRX,Nasdaq Trader Symbol Directory
RS,"Reliance, Inc. Common Stock",NYSE,N,N,RS,Nasdaq Trader Symbol Directory
RSF,RiverNorth Capital and Income Fund Common Stock,NYSE,N,N,RSF,Nasdaq Trader Symbol Directory
RSG,"Republic Services, Inc. Common Stock",NYSE,N,N,RSG,Nasdaq Trader Symbol Directory
RSI,"Rush Street Interactive, Inc. Class A Common Stock",NYSE,N,N,RSI,Nasdaq Trader Symbol Directory
RSKD,Riskified Ltd. Class A Ordinary Shares,NYSE,N,N,RSKD,Nasdaq Trader Symbol Directory
RSSS,"Research Solutions, Inc - Common Stock",NASDAQ,N,N,RSSS,Nasdaq Trader Symbol Directory
RSVR,"Reservoir Media, Inc.. - Common Stock",NASDAQ,N,N,RSVR,Nasdaq Trader Symbol Directory
RTB,"RTB Digital, Inc. - Common Stock",NASDAQ,N,N,RTB,Nasdaq Trader Symbol Directory
RTX,RTX Corporation Common Stock,NYSE,N,N,RTX,Nasdaq Trader Symbol Directory
RUBI,Rubico Inc. - Common Stock,NASDAQ,N,N,RUBI,Nasdaq Trader Symbol Directory
RUM,RUM Group Inc. - Class A Common Stock,NASDAQ,N,N,RUM,Nasdaq Trader Symbol Directory
RUN,Sunrun Inc. - Common Stock,NASDAQ,N,N,RUN,Nasdaq Trader Symbol Directory
RUSHA,"Rush Enterprises, Inc. - Class A Common Stock",NASDAQ,N,N,RUSHA,Nasdaq Trader Symbol Directory
RUSHB,"Rush Enterprises, Inc. - Class B Common Stock",NASDAQ,N,N,RUSHB,Nasdaq Trader Symbol Directory
RVI,Robinhood Ventures Fund I Common Shares of Beneficial Interest,NYSE,N,N,RVI,Nasdaq Trader Symbol Directory
RVII,Robinhood Ventures Fund II Common Shares of Beneficial Interest,NYSE,N,N,RVII,Nasdaq Trader Symbol Directory
RVLV,"Revolve Group, Inc. Class A Common Stock",NYSE,N,N,RVLV,Nasdaq Trader Symbol Directory
RVMD,"Revolution Medicines, Inc. - Common Stock",NASDAQ,N,N,RVMD,Nasdaq Trader Symbol Directory
RVP,"Retractable Technologies, Inc. Common Stock",NYSE American,N,N,RVP,Nasdaq Trader Symbol Directory
RVSB,Riverview Bancorp Inc - Common Stock,NASDAQ,N,N,RVSB,Nasdaq Trader Symbol Directory
RVSN,Rail Vision Ltd. - Ordinary Shares,NASDAQ,N,N,RVSN,Nasdaq Trader Symbol Directory
RVT,"Royce Small-Cap Trust, Inc. Common Stock",NYSE,N,N,RVT,Nasdaq Trader Symbol Directory
RVTY,"Revvity, Inc. Common Stock",NYSE,N,N,RVTY,Nasdaq Trader Symbol Directory
RWAY,Runway Growth Finance Corp. - Common Stock,NASDAQ,N,N,RWAY,Nasdaq Trader Symbol Directory
RWAYI,Runway Growth Finance Corp. - 7.25% Notes due 2031,NASDAQ,N,N,RWAYI,Nasdaq Trader Symbol Directory
RWAYL,Runway Growth Finance Corp. - 7.50% Notes due 2027,NASDAQ,N,N,RWAYL,Nasdaq Trader Symbol Directory
RWT,"Redwood Trust, Inc. Common Stock",NYSE,N,N,RWT,Nasdaq Trader Symbol Directory
RWTN,"Redwood Trust, Inc. 9.125% Senior Notes Due 2029",NYSE,N,N,RWTN,Nasdaq Trader Symbol Directory
RWTO,"Redwood Trust, Inc. 9.00% Senior Notes Due 2029",NYSE,N,N,RWTO,Nasdaq Trader Symbol Directory
RWTP,"Redwood Trust, Inc. 9.125% Senior Notes Due 2030",NYSE,N,N,RWTP,Nasdaq Trader Symbol Directory
RWTQ,"Redwood Trust, Inc. 9.500% Senior Notes Due 2030",NYSE,N,N,RWTQ,Nasdaq Trader Symbol Directory
RWTS,"Redwood Trust, Inc. 9.75% Senior Notes Due 2031",NYSE,N,N,RWTS,Nasdaq Trader Symbol Directory
RXO,"RXO, Inc. Common Stock",NYSE,N,N,RXO,Nasdaq Trader Symbol Directory
RXRX,"Recursion Pharmaceuticals, Inc. - Class A Common Stock",NASDAQ,N,N,RXRX,Nasdaq Trader Symbol Directory
RXST,"RxSight, Inc. - Common Stock",NASDAQ,N,N,RXST,Nasdaq Trader Symbol Directory
RXT,"Rackspace Technology, Inc. - Common Stock",NASDAQ,N,N,RXT,Nasdaq Trader Symbol Directory
RY,Royal Bank Of Canada Common Stock,NYSE,N,N,RY,Nasdaq Trader Symbol Directory
RYAM,Rayonier Advanced Materials Inc. Common Stock,NYSE,N,N,RYAM,Nasdaq Trader Symbol Directory
RYAN,"Ryan Specialty Holdings, Inc. Class A Common Stock",NYSE,N,N,RYAN,Nasdaq Trader Symbol Directory
RYDE,Ryde Group Ltd. Class A Ordinary Shares,NYSE American,N,N,RYDE,Nasdaq Trader Symbol Directory
RYET,Ruanyun Edai Technology Inc. - Ordinary shares,NASDAQ,N,N,RYET,Nasdaq Trader Symbol Directory
RYM,"RYTHM, Inc. - Common Stock",NASDAQ,N,N,RYM,Nasdaq Trader Symbol Directory
RYN,Rayonier Inc. REIT Common Stock,NYSE,N,N,RYN,Nasdaq Trader Symbol Directory
RYOJ,"rYojbaba Co., Ltd. - Common Shares",NASDAQ,N,N,RYOJ,Nasdaq Trader Symbol Directory
RYTM,"Rhythm Pharmaceuticals, Inc. - Common Stock",NASDAQ,N,N,RYTM,Nasdaq Trader Symbol Directory
RYZ,Ryerson Holding Corporation Common Stock,NYSE,N,N,RYZ,Nasdaq Trader Symbol Directory
RZC,"Reinsurance Group of America, Incorporated 7.125% Fixed-Rate Reset Subordinated Debentures due 2052",NYSE,N,N,RZC,Nasdaq Trader Symbol Directory
RZLT,"Rezolute, Inc. - Common Stock (NV)",NASDAQ,N,N,RZLT,Nasdaq Trader Symbol Directory
RZLV,Rezolve AI PLC - Ordinary Shares,NASDAQ,N,N,RZLV,Nasdaq Trader Symbol Directory
S,"SentinelOne, Inc. Class A Common Stock",NYSE,N,N,S,Nasdaq Trader Symbol Directory
SA,"Seabridge Gold, Inc. Common Shares New",NYSE,N,N,SA,Nasdaq Trader Symbol Directory
SABA,Saba Capital Income & Opportunities Fund II Shares of Beneficial Interest,NYSE,N,N,SABA,Nasdaq Trader Symbol Directory
SABR,Sabre Corporation - Common Stock,NASDAQ,N,N,SABR,Nasdaq Trader Symbol Directory
SABS,"SAB Biotherapeutics, Inc. - Common Stock",NASDAQ,N,N,SABS,Nasdaq Trader Symbol Directory
SACH,Sachem Capital Corp. Common Shares,NYSE American,N,N,SACH,Nasdaq Trader Symbol Directory
SAFE,Safehold Inc. New Common Stock ,NYSE,N,N,SAFE,Nasdaq Trader Symbol Directory
SAFT,"Safety Insurance Group, Inc. - Common Stock",NASDAQ,N,N,SAFT,Nasdaq Trader Symbol Directory
SAFX,"XCF Global, Inc. - Class A Common Stock",NASDAQ,N,N,SAFX,Nasdaq Trader Symbol Directory
SAGT,SAGTEC GLOBAL LIMITED - Class A Ordinary shares,NASDAQ,N,N,SAGT,Nasdaq Trader Symbol Directory
SAGU,Shreya Acquisition Group Class A Ordinary Shares,NYSE,N,N,SAGU,Nasdaq Trader Symbol Directory
SAH,"Sonic Automotive, Inc. Common Stock",NYSE,N,N,SAH,Nasdaq Trader Symbol Directory
SAIA,"Saia, Inc. - Common Stock",NASDAQ,N,N,SAIA,Nasdaq Trader Symbol Directory
SAIC,Science Applications International Corporation - Common Stock,NASDAQ,N,N,SAIC,Nasdaq Trader Symbol Directory
SAIH,SAIHEAT Limited - Class A Ordinary Shares,NASDAQ,N,N,SAIH,Nasdaq Trader Symbol Directory
SAIL,"SailPoint, Inc. - Common Stock",NASDAQ,N,N,SAIL,Nasdaq Trader Symbol Directory
SAJ,Saratoga Investment Corp 8.00% Notes due 2027,NYSE,N,N,SAJ,Nasdaq Trader Symbol Directory
SAM,"Boston Beer Company, Inc. (The) Common Stock",NYSE,N,N,SAM,Nasdaq Trader Symbol Directory
SAMG,Silvercrest Asset Management Group Inc. - Common Stock,NASDAQ,N,N,SAMG,Nasdaq Trader Symbol Directory
SANA,"Sana Biotechnology, Inc. - Common Stock",NASDAQ,N,N,SANA,Nasdaq Trader Symbol Directory
SANG,Sangoma Technologies Corporation - Common Shares,NASDAQ,N,N,SANG,Nasdaq Trader Symbol Directory
SANM,Sanmina Corporation - Common Stock,NASDAQ,N,N,SANM,Nasdaq Trader Symbol Directory
SAP,SAP  SE ADS,NYSE,N,N,SAP,Nasdaq Trader Symbol Directory
SAR,Saratoga Investment Corp New,NYSE,N,N,SAR,Nasdaq Trader Symbol Directory
SARO,"StandardAero, Inc. Common Stock",NYSE,N,N,SARO,Nasdaq Trader Symbol Directory
SAT,Saratoga Investment Corp 6.00% Notes due 2027,NYSE,N,N,SAT,Nasdaq Trader Symbol Directory
SATL,Satellogic Inc. - Class A Common Stock,NASDAQ,N,N,SATL,Nasdaq Trader Symbol Directory
SAV,Saratoga Investment Corp 7.50% Notes due 2031,NYSE,N,N,SAV,Nasdaq Trader Symbol Directory
SAY,Saratoga Investment Corp 8.125% Notes due 2027,NYSE,N,N,SAY,Nasdaq Trader Symbol Directory
SAZ,Saratoga Investment Corp 8.50% Notes due 2028,NYSE,N,N,SAZ,Nasdaq Trader Symbol Directory
SB,"Safe Bulkers, Inc Common Stock ($0.001 par value)",NYSE,N,N,SB,Nasdaq Trader Symbol Directory
SBAC,SBA Communications Corporation - Class A Common Stock,NASDAQ,N,N,SBAC,Nasdaq Trader Symbol Directory
SBC,SBC Medical Group Holdings Incorporated - Common Stock,NASDAQ,N,N,SBC,Nasdaq Trader Symbol Directory
SBCF,Seacoast Banking Corporation of Florida - Common Stock,NASDAQ,N,N,SBCF,Nasdaq Trader Symbol Directory
SBET,"Sharplink, Inc. - Common Stock",NASDAQ,N,N,SBET,Nasdaq Trader Symbol Directory
SBFG,"SB Financial Group, Inc. - Common Stock",NASDAQ,N,N,SBFG,Nasdaq Trader Symbol Directory
SBFM,Sunshine Biopharma Inc. - Common stock,NASDAQ,N,N,SBFM,Nasdaq Trader Symbol Directory
SBGI,"Sinclair, Inc. - Class A Common Stock",NASDAQ,N,N,SBGI,Nasdaq Trader Symbol Directory
SBH,"Sally Beauty Holdings, Inc. (Name to be changed from Sally Holdings, Inc.) Common Stock",NYSE,N,N,SBH,Nasdaq Trader Symbol Directory
SBI,Western Asset Intermediate Muni Fund Inc Common Stock,NYSE,N,N,SBI,Nasdaq Trader Symbol Directory
SBLK,Star Bulk Carriers Corp. - Common Shares,NASDAQ,N,N,SBLK,Nasdaq Trader Symbol Directory
SBMT,Silver Bow Mining Corp. Common Shares,NYSE American,N,N,SBMT,Nasdaq Trader Symbol Directory
SBR,Sabine Royalty Trust Common Stock,NYSE,N,N,SBR,Nasdaq Trader Symbol Directory
SBRA,"Sabra Health Care REIT, Inc. - Common Stock",NASDAQ,N,N,SBRA,Nasdaq Trader Symbol Directory
SBSI,"Southside Bancshares, Inc. Common Stock",NYSE,N,N,SBSI,Nasdaq Trader Symbol Directory
SBSW,D/B/A Sibanye-Stillwater Limited ADS,NYSE,N,N,SBSW,Nasdaq Trader Symbol Directory
SBUX,Starbucks Corporation - Common Stock,NASDAQ,N,N,SBUX,Nasdaq Trader Symbol Directory
SBXD,SilverBox Corp IV Class A Ordinary Shares,NYSE,N,N,SBXD,Nasdaq Trader Symbol Directory
SBXE,SilverBox Corp V Class A Ordinary Shares,NYSE,N,N,SBXE,Nasdaq Trader Symbol Directory
SCCD,Sachem Capital Corp. 6.00% Notes due 2026,NYSE American,N,N,SCCD,Nasdaq Trader Symbol Directory
SCCE,Sachem Capital Corp. 6.00% Notes due 2027,NYSE American,N,N,SCCE,Nasdaq Trader Symbol Directory
SCCF,Sachem Capital Corp. 7.125% Notes due 2027,NYSE American,N,N,SCCF,Nasdaq Trader Symbol Directory
SCCG,Sachem Capital Corp. 8.00% Notes due 2027,NYSE American,N,N,SCCG,Nasdaq Trader Symbol Directory
SCCO,Southern Copper Corporation Common Stock,NYSE,N,N,SCCO,Nasdaq Trader Symbol Directory
SCD,LMP Capital and Income Fund Inc. Common Stock,NYSE,N,N,SCD,Nasdaq Trader Symbol Directory
SCHL,Scholastic Corporation - Common Stock,NASDAQ,N,N,SCHL,Nasdaq Trader Symbol Directory
SCHW,Charles Schwab Corporation (The) Common Stock,NYSE,N,N,SCHW,Nasdaq Trader Symbol Directory
SCI,Service Corporation International Common Stock,NYSE,N,N,SCI,Nasdaq Trader Symbol Directory
SCKT,"Socket Mobile, Inc. - Common Stock",NASDAQ,N,N,SCKT,Nasdaq Trader Symbol Directory
SCL,Stepan Company Common Stock,NYSE,N,N,SCL,Nasdaq Trader Symbol Directory
SCLX,Scilex Holding Company - Common Stock,NASDAQ,N,N,SCLX,Nasdaq Trader Symbol Directory
SCM,Stellus Capital Investment Corporation Common Stock,NYSE,N,N,SCM,Nasdaq Trader Symbol Directory
SCNX,"Scienture Holdings, Inc. - Common Stock",NASDAQ,N,N,SCNX,Nasdaq Trader Symbol Directory
SCOR,"comScore, Inc. - Common Stock",NASDAQ,N,N,SCOR,Nasdaq Trader Symbol Directory
SCPQ,Social Commerce Partners Corporation - Class A Ordinary Shares,NASDAQ,N,N,SCPQ,Nasdaq Trader Symbol Directory
SCSC,"ScanSource, Inc. - Common Stock",NASDAQ,N,N,SCSC,Nasdaq Trader Symbol Directory
SCTX,Scribe Therapeutics Inc. - Common Stock,NASDAQ,N,N,SCTX,Nasdaq Trader Symbol Directory
SCWO,374Water Inc. - common stock,NASDAQ,N,N,SCWO,Nasdaq Trader Symbol Directory
SCYX,"SCYNEXIS, Inc. - Common Stock",NASDAQ,N,N,SCYX,Nasdaq Trader Symbol Directory
SCZM,Santacruz Silver Mining Ltd. - Common Shares,NASDAQ,N,N,SCZM,Nasdaq Trader Symbol Directory
SD,"SandRidge Energy, Inc. Common Stock",NYSE,N,N,SD,Nasdaq Trader Symbol Directory
SDA,SunCar Technology Group Inc. - Ordinary Shares,NASDAQ,N,N,SDA,Nasdaq Trader Symbol Directory
SDEV,Stablecoin Development Corporation Common Stock,NYSE American,N,N,SDEV,Nasdaq Trader Symbol Directory
SDGR,"Schrodinger, Inc. - Common Stock",NASDAQ,N,N,SDGR,Nasdaq Trader Symbol Directory
SDHC,Smith Douglas Homes Corp. Class A Common Stock,NYSE,N,N,SDHC,Nasdaq Trader Symbol Directory
SDHY,PGIM Short Duration High Yield Opportunities Fund Common Shares,NYSE,N,N,SDHY,Nasdaq Trader Symbol Directory
SDOT,Sadot Group Inc. - Common Stock,NASDAQ,N,N,SDOT,Nasdaq Trader Symbol Directory
SDRL,Seadrill Limited Common Shares,NYSE,N,N,SDRL,Nasdaq Trader Symbol Directory
SDST,Stardust Power Inc. - Common Stock,NASDAQ,N,N,SDST,Nasdaq Trader Symbol Directory
SEAT,Vivid Seats Inc. - Class A common stock,NASDAQ,N,N,SEAT,Nasdaq Trader Symbol Directory
SEB,Seaboard Corporation Common Stock,NYSE American,N,N,SEB,Nasdaq Trader Symbol Directory
SECZ,Securitize Corp. Common Stock,NYSE,N,N,SECZ,Nasdaq Trader Symbol Directory
SEDG,"SolarEdge Technologies, Inc. - Common Stock",NASDAQ,N,N,SEDG,Nasdaq Trader Symbol Directory
SEED,Origin Agritech Limited - Ordinary Shares,NASDAQ,N,N,SEED,Nasdaq Trader Symbol Directory
SEER,"Seer, Inc. - Class A Common Stock",NASDAQ,N,N,SEER,Nasdaq Trader Symbol Directory
SEG,Seaport Entertainment Group Inc. Common Stock,NYSE,N,N,SEG,Nasdaq Trader Symbol Directory
SEGG,Sports Entertainment Gaming Global Corporation  - Common Stock,NASDAQ,N,N,SEGG,Nasdaq Trader Symbol Directory
SEI,"Solaris Energy Infrastructure, Inc. Class A Common Stock",NYSE,N,N,SEI,Nasdaq Trader Symbol Directory
SEIC,SEI Investments Company - Common Stock,NASDAQ,N,N,SEIC,Nasdaq Trader Symbol Directory
SELF,"Global Self Storage, Inc. - Common Stock",NASDAQ,N,N,SELF,Nasdaq Trader Symbol Directory
SENEA,Seneca Foods Corp. - Class A Common Stock,NASDAQ,N,N,SENEA,Nasdaq Trader Symbol Directory
SENEB,Seneca Foods Corp. - Class B Common Stock,NASDAQ,N,N,SENEB,Nasdaq Trader Symbol Directory
SENS,"Senseonics Holdings, Inc. - Common Stock",NASDAQ,N,N,SENS,Nasdaq Trader Symbol Directory
SEPN,"Septerna, Inc. - Common Stock",NASDAQ,N,N,SEPN,Nasdaq Trader Symbol Directory
SER,"Serina Therapeutics, Inc. Common Stock",NYSE American,N,N,SER,Nasdaq Trader Symbol Directory
SERA,"Sera Prognostics, Inc. - Class A Common Stock",NASDAQ,N,N,SERA,Nasdaq Trader Symbol Directory
SERV,Serve Robotics Inc. - Common Stock,NASDAQ,N,N,SERV,Nasdaq Trader Symbol Directory
SES,SES AI Corporation Class A Common Stock,NYSE,N,N,SES,Nasdaq Trader Symbol Directory
SEV,Aptera Motors Corp. - Class B Common Stock,NASDAQ,N,N,SEV,Nasdaq Trader Symbol Directory
SEVN,Seven Hills Realty Trust  - Common Stock,NASDAQ,N,N,SEVN,Nasdaq Trader Symbol Directory
SEZL,Sezzle Inc. - Common Stock,NASDAQ,N,N,SEZL,Nasdaq Trader Symbol Directory
SF,Stifel Financial Corporation Common Stock,NYSE,N,N,SF,Nasdaq Trader Symbol Directory
SFB,Stifel Financial Corporation 5.20% Senior Notes due 2047,NYSE,N,N,SFB,Nasdaq Trader Symbol Directory
SFBC,"Sound Financial Bancorp, Inc. - Common Stock",NASDAQ,N,N,SFBC,Nasdaq Trader Symbol Directory
SFBS,"ServisFirst Bancshares, Inc. Common Stock",NYSE,N,N,SFBS,Nasdaq Trader Symbol Directory
SFD,"Smithfield Foods, Inc. - Common Stock",NASDAQ,N,N,SFD,Nasdaq Trader Symbol Directory
SFHG,Samfine Creation Holdings Group Limited - Class A Ordinary Share,NASDAQ,N,N,SFHG,Nasdaq Trader Symbol Directory
SFIX,"Stitch Fix, Inc. - Class A Common Stock",NASDAQ,N,N,SFIX,Nasdaq Trader Symbol Directory
SFL,SFL Corporation Ltd,NYSE,N,N,SFL,Nasdaq Trader Symbol Directory
SFM,"Sprouts Farmers Market, Inc. - Common Stock",NASDAQ,N,N,SFM,Nasdaq Trader Symbol Directory
SFNC,Simmons First National Corporation - Common Stock,NASDAQ,N,N,SFNC,Nasdaq Trader Symbol Directory
SFST,"Southern First Bancshares, Inc. - Common Stock",NASDAQ,N,N,SFST,Nasdaq Trader Symbol Directory
SFWL,Shengfeng Development Limited - Class A Ordinary Shares,NASDAQ,N,N,SFWL,Nasdaq Trader Symbol Directory
SG,"Sweetgreen, Inc. Class A Common Stock",NYSE,N,N,SG,Nasdaq Trader Symbol Directory
SGA,"Saga Communications, Inc. - Class A Common Stock",NASDAQ,N,N,SGA,Nasdaq Trader Symbol Directory
SGC,"Superior Group of Companies, Inc. - Common Stock",NASDAQ,N,N,SGC,Nasdaq Trader Symbol Directory
SGHC,Super Group (SGHC) Limited Ordinary Shares,NYSE,N,N,SGHC,Nasdaq Trader Symbol Directory
SGHT,"Sight Sciences, Inc. - Common Stock",NASDAQ,N,N,SGHT,Nasdaq Trader Symbol Directory
SGI,Somnigroup International Inc. Common Stock,NYSE,N,N,SGI,Nasdaq Trader Symbol Directory
SGLY,Singularity Future Technology Ltd. - Common Stock,NASDAQ,N,N,SGLY,Nasdaq Trader Symbol Directory
SGML,Sigma Lithium Corporation - common shares,NASDAQ,N,N,SGML,Nasdaq Trader Symbol Directory
SGMT,Sagimet Biosciences Inc. - Series A Common Stock,NASDAQ,N,N,SGMT,Nasdaq Trader Symbol Directory
SGP,"SpyGlass Pharma, Inc. - Common Stock",NASDAQ,N,N,SGP,Nasdaq Trader Symbol Directory
SGRY,"Surgery Partners, Inc. - Common Stock",NASDAQ,N,N,SGRY,Nasdaq Trader Symbol Directory
SGU,Star Group L.P. Common Stock,NYSE,N,N,SGU,Nasdaq Trader Symbol Directory
SHAK,"Shake Shack, Inc. Class A Common Stock",NYSE,N,N,SHAK,Nasdaq Trader Symbol Directory
SHAZ,"SharonAI Holdings, Inc. - Class A Common Stock",NASDAQ,N,N,SHAZ,Nasdaq Trader Symbol Directory
SHBI,"Shore Bancshares, Inc. - Common Stock",NASDAQ,N,N,SHBI,Nasdaq Trader Symbol Directory
SHC,Sotera Health Company - Common Stock,NASDAQ,N,N,SHC,Nasdaq Trader Symbol Directory
SHEN,Shenandoah Telecommunications Co - Common Stock,NASDAQ,N,N,SHEN,Nasdaq Trader Symbol Directory
SHFS,"SHF Holdings, Inc. - Class A Common Stock",NASDAQ,N,N,SHFS,Nasdaq Trader Symbol Directory
SHIM,Shimmick Corporation - Common Stock,NASDAQ,N,N,SHIM,Nasdaq Trader Symbol Directory
SHIP,Seanergy Maritime Holdings Corp. - Common Stock,NASDAQ,N,N,SHIP,Nasdaq Trader Symbol Directory
SHLS,"Shoals Technologies Group, Inc. - Class A Common Stock",NASDAQ,N,N,SHLS,Nasdaq Trader Symbol Directory
SHMD,SCHMID Group N.V. - Class A Ordinary Shares,NASDAQ,N,N,SHMD,Nasdaq Trader Symbol Directory
SHO,"Sunstone Hotel Investors, Inc. Sunstone Hotel Investors, Inc. Common Shares",NYSE,N,N,SHO,Nasdaq Trader Symbol Directory
SHOE,"Shoe Station Group, Inc. - Common Stock",NASDAQ,N,N,SHOE,Nasdaq Trader Symbol Directory
SHOO,"Steven Madden, Ltd. - Common Stock",NASDAQ,N,N,SHOO,Nasdaq Trader Symbol Directory
SHOP,Shopify Inc. - Class A Subordinate Voting Shares,NASDAQ,N,N,SHOP,Nasdaq Trader Symbol Directory
SHOT,RMG ML Sports Holdings - Class A Ordinary Shares,NASDAQ,N,N,SHOT,Nasdaq Trader Symbol Directory
SHPH,"Shuttle Pharmaceuticals Holdings, Inc. - common stock",NASDAQ,N,N,SHPH,Nasdaq Trader Symbol Directory
SHW,Sherwin-Williams Company (The) Common Stock,NYSE,N,N,SHW,Nasdaq Trader Symbol Directory
SI,"Shoulder Innovations, Inc. Common Stock",NYSE,N,N,SI,Nasdaq Trader Symbol Directory
SIBN,"SI-BONE, Inc. - Common Stock",NASDAQ,N,N,SIBN,Nasdaq Trader Symbol Directory
SID,Companhia Siderurgica Nacional S.A. Common Stock,NYSE,N,N,SID,Nasdaq Trader Symbol Directory
SIDU,"Sidus Space, Inc. - Class A Common Stock",NASDAQ,N,N,SIDU,Nasdaq Trader Symbol Directory
SIEB,Siebert Financial Corp. - Common Stock,NASDAQ,N,N,SIEB,Nasdaq Trader Symbol Directory
SIF,"SIFCO Industries, Inc. Common Stock",NYSE American,N,N,SIF,Nasdaq Trader Symbol Directory
SIFY,Sify Technologies Limited - American Depository Shares,NASDAQ,N,N,SIFY,Nasdaq Trader Symbol Directory
SIG,Signet Jewelers Limited Common Shares,NYSE,N,N,SIG,Nasdaq Trader Symbol Directory
SIGA,SIGA Technologies Inc. - Common Stock,NASDAQ,N,N,SIGA,Nasdaq Trader Symbol Directory
SIGI,"Selective Insurance Group, Inc. - Common Stock",NASDAQ,N,N,SIGI,Nasdaq Trader Symbol Directory
SII,Sprott Inc. Common Shares,NYSE,N,N,SII,Nasdaq Trader Symbol Directory
SILC,Silicom Ltd - Ordinary Shares,NASDAQ,N,N,SILC,Nasdaq Trader Symbol Directory
SILO,"Silo Pharma, Inc. - Common Stock",NASDAQ,N,N,SILO,Nasdaq Trader Symbol Directory
SIND,Sinda Ltd. Common Stock,NYSE,N,N,SIND,Nasdaq Trader Symbol Directory
SINT,"SiNtx Technologies, Inc. - Common Stock",NASDAQ,N,N,SINT,Nasdaq Trader Symbol Directory
SION,"Sionna Therapeutics, Inc. - Common Stock",NASDAQ,N,N,SION,Nasdaq Trader Symbol Directory
SIRI,SiriusXM Holdings Inc. - Common Stock,NASDAQ,N,N,SIRI,Nasdaq Trader Symbol Directory
SITC,SITE Centers Corp. Common Stock,NYSE,N,N,SITC,Nasdaq Trader Symbol Directory
SITE,"SiteOne Landscape Supply, Inc. Common Stock",NYSE,N,N,SITE,Nasdaq Trader Symbol Directory
SITM,SiTime Corporation - Common Stock,NASDAQ,N,N,SITM,Nasdaq Trader Symbol Directory
SJ,Scienjoy Holding Corporation - Class A Ordinary Shares,NASDAQ,N,N,SJ,Nasdaq Trader Symbol Directory
SJM,The J.M. Smucker Company Common Stock,NYSE,N,N,SJM,Nasdaq Trader Symbol Directory
SJT,San Juan Basin Royalty Trust Common Stock,NYSE,N,N,SJT,Nasdaq Trader Symbol Directory
SKE,Skeena Resources Limited Common Shares,NYSE,N,N,SKE,Nasdaq Trader Symbol Directory
SKIL,Skillsoft Corp. Class A Common Stock,NYSE,N,N,SKIL,Nasdaq Trader Symbol Directory
SKIN,SkinHealth Systems Inc. - Class A Common Stock,NASDAQ,N,N,SKIN,Nasdaq Trader Symbol Directory
SKK,SKK Holdings Limited - Class A Ordinary Shares,NASDAQ,N,N,SKK,Nasdaq Trader Symbol Directory
SKM,"SK Telecom Co., Ltd. Common Stock",NYSE,N,N,SKM,Nasdaq Trader Symbol Directory
SKT,Tanger Inc. Common Stock,NYSE,N,N,SKT,Nasdaq Trader Symbol Directory
SKWD,"Skyward Specialty Insurance Group, Inc. - Common Stock",NASDAQ,N,N,SKWD,Nasdaq Trader Symbol Directory
SKY,"Champion Homes, Inc. Common Stock",NYSE,N,N,SKY,Nasdaq Trader Symbol Directory
SKYA,"SkyAI, Inc. - Common Stock",NASDAQ,N,N,SKYA,Nasdaq Trader Symbol Directory
SKYE,"Skye Bioscience, Inc. - Common Stock",NASDAQ,N,N,SKYE,Nasdaq Trader Symbol Directory
SKYH,Sky Harbour Group Corporation Class A Common Stock,NYSE,N,N,SKYH,Nasdaq Trader Symbol Directory
SKYQ,Sky Quarry Inc. - Common Stock,NASDAQ,N,N,SKYQ,Nasdaq Trader Symbol Directory
SKYW,"SkyWest, Inc. - Common Stock",NASDAQ,N,N,SKYW,Nasdaq Trader Symbol Directory
SKYX,SKYX Platforms Corp. - Common Stock,NASDAQ,N,N,SKYX,Nasdaq Trader Symbol Directory
SLAB,"Silicon Laboratories, Inc. - Common Stock",NASDAQ,N,N,SLAB,Nasdaq Trader Symbol Directory
SLB,SLB Limited Common Shares,NYSE,N,N,SLB,Nasdaq Trader Symbol Directory
SLBT,SL Science Holding Limited - Ordinary Shares,NASDAQ,N,N,SLBT,Nasdaq Trader Symbol Directory
SLDB,Solid Biosciences Inc. - Common Stock,NASDAQ,N,N,SLDB,Nasdaq Trader Symbol Directory
SLDE,"Slide Insurance Holdings, Inc. - Common Stock",NASDAQ,N,N,SLDE,Nasdaq Trader Symbol Directory
SLDP,"Solid Power, Inc. - Class A Common Stock",NASDAQ,N,N,SLDP,Nasdaq Trader Symbol Directory
SLE,"Super League Enterprise, Inc. - Common Stock",NASDAQ,N,N,SLE,Nasdaq Trader Symbol Directory
SLF,Sun Life Financial Inc. Common Stock,NYSE,N,N,SLF,Nasdaq Trader Symbol Directory
SLG,SL Green Realty Corp Common Stock,NYSE,N,N,SLG,Nasdaq Trader Symbol Directory
SLGB,Smart Logistics Global Limited - Class A Ordinary Shares,NASDAQ,N,N,SLGB,Nasdaq Trader Symbol Directory
SLGL,Sol-Gel Technologies Ltd. - Ordinary Shares,NASDAQ,N,N,SLGL,Nasdaq Trader Symbol Directory
SLGN,Silgan Holdings Inc. Common Stock,NYSE,N,N,SLGN,Nasdaq Trader Symbol Directory
SLI,Standard Lithium Ltd. Common Shares,NYSE American,N,N,SLI,Nasdaq Trader Symbol Directory
SLM,SLM Corporation - Common Stock,NASDAQ,N,N,SLM,Nasdaq Trader Symbol Directory
SLMT,Brera Holdings PLC - Class B Ordinary Shares,NASDAQ,N,N,SLMT,Nasdaq Trader Symbol Directory
SLN,Silence Therapeutics Plc - American Depository Share,NASDAQ,N,N,SLN,Nasdaq Trader Symbol Directory
SLND,"Southland Holdings, Inc. Common Stock",NYSE American,N,N,SLND,Nasdaq Trader Symbol Directory
SLNG,"Stabilis Solutions, Inc. - Common Stock",NASDAQ,N,N,SLNG,Nasdaq Trader Symbol Directory
SLNH,"Soluna Holdings, Inc. - Common Stock",NASDAQ,N,N,SLNH,Nasdaq Trader Symbol Directory
SLP,"Simulations Plus, Inc. - Common Stock",NASDAQ,N,N,SLP,Nasdaq Trader Symbol Directory
SLQT,"SelectQuote, Inc. Common Stock",NYSE,N,N,SLQT,Nasdaq Trader Symbol Directory
SLRC,SLR Investment Corp. - Closed End Fund,NASDAQ,N,N,SLRC,Nasdaq Trader Symbol Directory
SLS,"SELLAS Life Sciences Group, Inc.  - Common Stock",NASDAQ,N,N,SLS,Nasdaq Trader Symbol Directory
SLSN,"Solesence, Inc. - Common stock",NASDAQ,N,N,SLSN,Nasdaq Trader Symbol Directory
SLSR,Solaris Resources Inc. Common Shares,NYSE American,N,N,SLSR,Nasdaq Trader Symbol Directory
SLVM,Sylvamo Corporation Common Stock,NYSE,N,N,SLVM,Nasdaq Trader Symbol Directory
SLXN,Silexion Therapeutics Corp - Ordinary Shares,NASDAQ,N,N,SLXN,Nasdaq Trader Symbol Directory
SM,SM Energy Company Common Stock,NYSE,N,N,SM,Nasdaq Trader Symbol Directory
SMA,"SmartStop Self Storage REIT, Inc. Common Stock",NYSE,N,N,SMA,Nasdaq Trader Symbol Directory
SMBC,"Southern Missouri Bancorp, Inc. - Common Stock",NASDAQ,N,N,SMBC,Nasdaq Trader Symbol Directory
SMBK,"SmartFinancial, Inc. Common Stock",NYSE,N,N,SMBK,Nasdaq Trader Symbol Directory
SMC,Summit Midstream Corporation Common Stock,NYSE,N,N,SMC,Nasdaq Trader Symbol Directory
SMCI,"Super Micro Computer, Inc. - Common Stock",NASDAQ,N,N,SMCI,Nasdaq Trader Symbol Directory
SMG,Scotts Miracle-Gro Company (The) Common Stock,NYSE,N,N,SMG,Nasdaq Trader Symbol Directory
SMHB,ETRACS Monthly Pay 2x Leveraged Small Cap High Dividend ETN Series B,NYSE Arca,N,N,SMHB,Nasdaq Trader Symbol Directory
SMHI,SEACOR Marine Holdings Inc. Common Stock ,NYSE,N,N,SMHI,Nasdaq Trader Symbol Directory
SMID,Smith-Midland Corporation - Common Stock,NASDAQ,N,N,SMID,Nasdaq Trader Symbol Directory
SMJF,SMJ International Holdings Inc. Class A Ordinary Shares,NYSE American,N,N,SMJF,Nasdaq Trader Symbol Directory
SMMT,Summit Therapeutics Inc.  - Common Stock,NASDAQ,N,N,SMMT,Nasdaq Trader Symbol Directory
SMP,"Standard Motor Products, Inc. Common Stock",NYSE,N,N,SMP,Nasdaq Trader Symbol Directory
SMPL,The Simply Good Foods Company - Common Stock,NASDAQ,N,N,SMPL,Nasdaq Trader Symbol Directory
SMR,NuScale Power Corporation Class A Common Stock,NYSE,N,N,SMR,Nasdaq Trader Symbol Directory
SMRT,"SmartRent, Inc. Class A Common Stock",NYSE,N,N,SMRT,Nasdaq Trader Symbol Directory
SMSI,"Smith Micro Software, Inc. - Common Stock",NASDAQ,N,N,SMSI,Nasdaq Trader Symbol Directory
SMTC,Semtech Corporation - Common Stock,NASDAQ,N,N,SMTC,Nasdaq Trader Symbol Directory
SMTI,Sanara MedTech Inc. - Common Stock,NASDAQ,N,N,SMTI,Nasdaq Trader Symbol Directory
SMTK,"SmartKem, Inc. - Common Stock",NASDAQ,N,N,SMTK,Nasdaq Trader Symbol Directory
SMWB,Similarweb Ltd. Ordinary Shares,NYSE,N,N,SMWB,Nasdaq Trader Symbol Directory
SMX,SMX (Security Matters) Public Limited Company - Ordinary Shares,NASDAQ,N,N,SMX,Nasdaq Trader Symbol Directory
SMXT,Solarmax Technology Inc. - Common Stock,NASDAQ,N,N,SMXT,Nasdaq Trader Symbol Directory
SN,"SharkNinja, Inc. Ordinary Shares",NYSE,N,N,SN,Nasdaq Trader Symbol Directory
SNA,Snap-On Incorporated Common Stock,NYSE,N,N,SNA,Nasdaq Trader Symbol Directory
SNAL,"Snail, Inc. - Class A Common Stock",NASDAQ,N,N,SNAL,Nasdaq Trader Symbol Directory
SNAP,Snap Inc. Class A Common Stock,NYSE,N,N,SNAP,Nasdaq Trader Symbol Directory
SND,"Smart Sand, Inc. - Common Stock",NASDAQ,N,N,SND,Nasdaq Trader Symbol Directory
SNDA,"Sonida Senior Living, Inc. Common Stock",NYSE,N,N,SNDA,Nasdaq Trader Symbol Directory
SNDK,Sandisk Corporation - Common Stock When-Issued,NASDAQ,N,N,SNDK,Nasdaq Trader Symbol Directory
SNDL,SNDL Inc. - Common Shares,NASDAQ,N,N,SNDL,Nasdaq Trader Symbol Directory
SNDR,"Schneider National, Inc. Common Stock",NYSE,N,N,SNDR,Nasdaq Trader Symbol Directory
SNDX,"Syndax Pharmaceuticals, Inc. - Common Stock",NASDAQ,N,N,SNDX,Nasdaq Trader Symbol Directory
SNES,"SenesTech, Inc. - Common Stock",NASDAQ,N,N,SNES,Nasdaq Trader Symbol Directory
SNEX,StoneX Group Inc. - Common Stock,NASDAQ,N,N,SNEX,Nasdaq Trader Symbol Directory
SNFCA,Security National Financial Corporation - Class A Common Stock,NASDAQ,N,N,SNFCA,Nasdaq Trader Symbol Directory
SNGX,"Soligenix, Inc. - Common Stock",NASDAQ,N,N,SNGX,Nasdaq Trader Symbol Directory
SNN,"Smith & Nephew SNATS, Inc. Common Stock",NYSE,N,N,SNN,Nasdaq Trader Symbol Directory
SNOA,"Sonoma Pharmaceuticals, Inc. - Common Stock",NASDAQ,N,N,SNOA,Nasdaq Trader Symbol Directory
SNOW,Snowflake Inc. Common Stock,NYSE,N,N,SNOW,Nasdaq Trader Symbol Directory
SNPS,"Synopsys, Inc. - Common Stock",NASDAQ,N,N,SNPS,Nasdaq Trader Symbol Directory
SNSC,SunScout Holding Limited Class A Ordinary Shares,NYSE American,N,N,SNSC,Nasdaq Trader Symbol Directory
SNT,Senstar Technologies Corporation - Common Shares,NASDAQ,N,N,SNT,Nasdaq Trader Symbol Directory
SNTG,Sentage Holdings Inc. - Class A Ordinary Shares,NASDAQ,N,N,SNTG,Nasdaq Trader Symbol Directory
SNTI,"Senti Biosciences Holdings, Inc. - Common Stock",NASDAQ,N,N,SNTI,Nasdaq Trader Symbol Directory
SNWV,"SANUWAVE Health, Inc. - Common Stock",NASDAQ,N,N,SNWV,Nasdaq Trader Symbol Directory
SNX,TD SYNNEX Corporation Common Stock,NYSE,N,N,SNX,Nasdaq Trader Symbol Directory
SNYR,Synergy CHC Corp. - Common Stock,NASDAQ,N,N,SNYR,Nasdaq Trader Symbol Directory
SO,Southern Company (The) Common Stock,NYSE,N,N,SO,Nasdaq Trader Symbol Directory
SOAR,"Volato Group, Inc. Class A Common Stock",NYSE American,N,N,SOAR,Nasdaq Trader Symbol Directory
SOBO,South Bow Corporation Common Shares,NYSE,N,N,SOBO,Nasdaq Trader Symbol Directory
SOBR,"SOBR Safe, Inc. - Common Stock",NASDAQ,N,N,SOBR,Nasdaq Trader Symbol Directory
SOC,Sable Offshore Corp. Common Stock,NYSE,N,N,SOC,Nasdaq Trader Symbol Directory
SOFI,"SoFi Technologies, Inc.  - Common Stock",NASDAQ,N,N,SOFI,Nasdaq Trader Symbol Directory
SOJC,"Southern Company (The) Series 2017B 5.25% Junior Subordinated Notes due December 1, 2077",NYSE,N,N,SOJC,Nasdaq Trader Symbol Directory
SOJD,"Southern Company (The) Series 2020A 4.95% Junior Subordinated Notes due January 30, 2080",NYSE,N,N,SOJD,Nasdaq Trader Symbol Directory
SOJE,"Southern Company (The) Series 2020C 4.20% Junior Subordinated Notes due October 15, 2060",NYSE,N,N,SOJE,Nasdaq Trader Symbol Directory
SOJF,"Southern Company (The) Series 2025A 6.50% Junior Subordinated Notes due March 15, 2085",NYSE,N,N,SOJF,Nasdaq Trader Symbol Directory
SOLS,Solstice Advanced Materials Inc. - Common Stock,NASDAQ,N,N,SOLS,Nasdaq Trader Symbol Directory
SOLV,Solventum Corporation Common Stock,NYSE,N,N,SOLV,Nasdaq Trader Symbol Directory
SON,Sonoco Products Company Common Stock,NYSE,N,N,SON,Nasdaq Trader Symbol Directory
SONM,"DNA X, Inc. - Common Stock",NASDAQ,N,N,SONM,Nasdaq Trader Symbol Directory
SONO,"Sonos, Inc. - Common Stock",NASDAQ,N,N,SONO,Nasdaq Trader Symbol Directory
SOPH,SOPHiA GENETICS SA - Ordinary Shares,NASDAQ,N,N,SOPH,Nasdaq Trader Symbol Directory
SOR,"Source Capital, Inc. Cmn Shs of BI",NYSE,N,N,SOR,Nasdaq Trader Symbol Directory
SORA,AsiaStrategy - Ordinary Shares,NASDAQ,N,N,SORA,Nasdaq Trader Symbol Directory
SOS,SOS Limited Class A Ordinary Shares,NYSE,N,N,SOS,Nasdaq Trader Symbol Directory
SOTK,Sono-Tek Corporation - Common Stock,NASDAQ,N,N,SOTK,Nasdaq Trader Symbol Directory
SOUN,"SoundHound AI, Inc. - Class A Common Stock",NASDAQ,N,N,SOUN,Nasdaq Trader Symbol Directory
SOWG,Sow Good Inc. - Common Stock,NASDAQ,N,N,SOWG,Nasdaq Trader Symbol Directory
SPAI,Safe Pro Group Inc. - Common Stock,NASDAQ,N,N,SPAI,Nasdaq Trader Symbol Directory
SPB,"Spectrum Brands Holdings, Inc. Common Stock",NYSE,N,N,SPB,Nasdaq Trader Symbol Directory
SPCB,"SuperCom, Ltd. - Ordinary Shares",NASDAQ,N,N,SPCB,Nasdaq Trader Symbol Directory
SPCE,"Virgin Galactic Holdings, Inc. Common Stock",NYSE,N,N,SPCE,Nasdaq Trader Symbol Directory
SPCX,Space Exploration Technologies Corp. - Class A Common Stock,NASDAQ,N,N,SPCX,Nasdaq Trader Symbol Directory
SPE,"Special Opportunities Fund, Inc Common Stock",NYSE,N,N,SPE,Nasdaq Trader Symbol Directory
SPFI,"South Plains Financial, Inc. - Common Stock",NASDAQ,N,N,SPFI,Nasdaq Trader Symbol Directory
SPG,"Simon Property Group, Inc. Common Stock",NYSE,N,N,SPG,Nasdaq Trader Symbol Directory
SPGI,S&P Global Inc. Common Stock,NYSE,N,N,SPGI,Nasdaq Trader Symbol Directory
SPH,"Suburban Propane Partners, L.P. Common Stock",NYSE,N,N,SPH,Nasdaq Trader Symbol Directory
SPHL,Springview Holdings Ltd - Ordinary shares,NASDAQ,N,N,SPHL,Nasdaq Trader Symbol Directory
SPHR,Sphere Entertainment Co. Class A Common Stock,NYSE,N,N,SPHR,Nasdaq Trader Symbol Directory
SPIR,"Spire Global, Inc. Class A Common Stock",NYSE,N,N,SPIR,Nasdaq Trader Symbol Directory
SPMC,"Sound Point Meridian Capital, Inc. Common Stock",NYSE,N,N,SPMC,Nasdaq Trader Symbol Directory
SPNT,SiriusPoint Ltd. Common Shares,NYSE,N,N,SPNT,Nasdaq Trader Symbol Directory
SPOK,"Spok Holdings, Inc. - Common Stock",NASDAQ,N,N,SPOK,Nasdaq Trader Symbol Directory
SPOT,Spotify Technology S.A. Ordinary Shares,NYSE,N,N,SPOT,Nasdaq Trader Symbol Directory
SPPL,SIMPPLE LTD. - Ordinary Shares,NASDAQ,N,N,SPPL,Nasdaq Trader Symbol Directory
SPRB,"Spruce Biosciences, Inc. - Common Stock",NASDAQ,N,N,SPRB,Nasdaq Trader Symbol Directory
SPRC,SciSparc Ltd. - Ordinary Shares,NASDAQ,N,N,SPRC,Nasdaq Trader Symbol Directory
SPRO,"Spero Therapeutics, Inc. - Common Stock",NASDAQ,N,N,SPRO,Nasdaq Trader Symbol Directory
SPRU,Spruce Power Holding Corporation Class A Common Stock,NYSE,N,N,SPRU,Nasdaq Trader Symbol Directory
SPRY,"ARS Pharmaceuticals, Inc. - Common Stock",NASDAQ,N,N,SPRY,Nasdaq Trader Symbol Directory
SPSC,"SPS Commerce, Inc. - Common Stock",NASDAQ,N,N,SPSC,Nasdaq Trader Symbol Directory
SPT,"Sprout Social, Inc - Class A Common Stock",NASDAQ,N,N,SPT,Nasdaq Trader Symbol Directory
SPTX,"Seaport Therapeutics, Inc. - Common Stock",NASDAQ,N,N,SPTX,Nasdaq Trader Symbol Directory
SPWH,"Sportsman's Warehouse Holdings, Inc. - Common Stock",NASDAQ,N,N,SPWH,Nasdaq Trader Symbol Directory
SPWR,SunPower Inc. - Common Stock,NASDAQ,N,N,SPWR,Nasdaq Trader Symbol Directory
SPXC,"SPX Technologies, Inc. Common Stock",NYSE,N,N,SPXC,Nasdaq Trader Symbol Directory
SPXX,Nuveen S&P 500 Dynamic Overwrite Fund,NYSE,N,N,SPXX,Nasdaq Trader Symbol Directory
SQFT,"Presidio Property Trust, Inc. - Class A Common Stock",NASDAQ,N,N,SQFT,Nasdaq Trader Symbol Directory
SQM,Sociedad Quimica y Minera S.A. Common Stock,NYSE,N,N,SQM,Nasdaq Trader Symbol Directory
SR,Spire Inc. Common Stock,NYSE,N,N,SR,Nasdaq Trader Symbol Directory
SRAD,Sportradar Group AG - Class A Ordinary Shares,NASDAQ,N,N,SRAD,Nasdaq Trader Symbol Directory
SRBK,"SR Bancorp, Inc. - Common stock",NASDAQ,N,N,SRBK,Nasdaq Trader Symbol Directory
SRCE,1st Source Corporation - Common Stock,NASDAQ,N,N,SRCE,Nasdaq Trader Symbol Directory
SRE,DBA Sempra Common Stock,NYSE,N,N,SRE,Nasdaq Trader Symbol Directory
SREA,DBA Sempra 5.750% Junior Subordinated Notes due 2079,NYSE,N,N,SREA,Nasdaq Trader Symbol Directory
SRFM,Surf Air Mobility Inc. Common Stock,NYSE,N,N,SRFM,Nasdaq Trader Symbol Directory
SRG,Seritage Growth Properties Class A Common Stock,NYSE,N,N,SRG,Nasdaq Trader Symbol Directory
SRI,"Stoneridge, Inc. Common Stock",NYSE,N,N,SRI,Nasdaq Trader Symbol Directory
SRJN,Spire Inc. 6.375% Junior Subordinated Notes due 2086,NYSE,N,N,SRJN,Nasdaq Trader Symbol Directory
SRL,Scully Royalty Ltd.,NYSE,N,N,SRL,Nasdaq Trader Symbol Directory
SRPT,"Sarepta Therapeutics, Inc. - Common Stock",NASDAQ,N,N,SRPT,Nasdaq Trader Symbol Directory
SRRK,Scholar Rock Holding Corporation - Common Stock,NASDAQ,N,N,SRRK,Nasdaq Trader Symbol Directory
SRTA,"Strata Critical Medical, Inc. - Class A Common Stock",NASDAQ,N,N,SRTA,Nasdaq Trader Symbol Directory
SRTS,"Sensus Healthcare, Inc. - Common Stock",NASDAQ,N,N,SRTS,Nasdaq Trader Symbol Directory
SRV,NXG Cushing Midstream Energy Fund Common Shares of Beneficial Interest,NYSE,N,N,SRV,Nasdaq Trader Symbol Directory
SRXH,SRX Global Inc. Common Stock,NYSE American,N,N,SRXH,Nasdaq Trader Symbol Directory
SRZN,"Surrozen, Inc. - Common Stock",NASDAQ,N,N,SRZN,Nasdaq Trader Symbol Directory
SSB,SouthState Bank Corporation Common Stock,NYSE,N,N,SSB,Nasdaq Trader Symbol Directory
SSBI,Summit State Bank - Common Stock,NASDAQ,N,N,SSBI,Nasdaq Trader Symbol Directory
SSD,"Simpson Manufacturing Company, Inc. Common Stock",NYSE,N,N,SSD,Nasdaq Trader Symbol Directory
SSII,SS Innovations International Inc. - Common Stock,NASDAQ,N,N,SSII,Nasdaq Trader Symbol Directory
SSM,Sono Group N.V. - Ordinary Shares,NASDAQ,N,N,SSM,Nasdaq Trader Symbol Directory
SSMR,Sunshine Silver Mining & Refining Company Common Stock,NYSE,N,N,SSMR,Nasdaq Trader Symbol Directory
SSNC,"SS&C Technologies Holdings, Inc. - Common Stock",NASDAQ,N,N,SSNC,Nasdaq Trader Symbol Directory
SSP,E.W. Scripps Company (The) - Class A Common Stock,NASDAQ,N,N,SSP,Nasdaq Trader Symbol Directory
SSRM,SSR Mining Inc. - Common Stock,NASDAQ,N,N,SSRM,Nasdaq Trader Symbol Directory
SST,"System1, Inc. Class A Common Stock",NYSE,N,N,SST,Nasdaq Trader Symbol Directory
SSTI,"SoundThinking, Inc. - Common Stock",NASDAQ,N,N,SSTI,Nasdaq Trader Symbol Directory
SSTK,"Shutterstock, Inc. Common Stock",NYSE,N,N,SSTK,Nasdaq Trader Symbol Directory
SSYS,"Stratasys, Ltd. - Common Stock",NASDAQ,N,N,SSYS,Nasdaq Trader Symbol Directory
ST,Sensata Technologies Holding plc Ordinary Shares,NYSE,N,N,ST,Nasdaq Trader Symbol Directory
STAA,STAAR Surgical Company - Common Stock,NASDAQ,N,N,STAA,Nasdaq Trader Symbol Directory
STAG,"Stag Industrial, Inc. Common Stock",NYSE,N,N,STAG,Nasdaq Trader Symbol Directory
STAK,STAK Inc. - Class A Ordinary Shares,NASDAQ,N,N,STAK,Nasdaq Trader Symbol Directory
STBA,"S&T Bancorp, Inc. - Common Stock",NASDAQ,N,N,STBA,Nasdaq Trader Symbol Directory
STC,Stewart Information Services Corporation Common Stock,NYSE,N,N,STC,Nasdaq Trader Symbol Directory
STDN,"Standard Nuclear, Inc. Class A Common Stock",NYSE,N,N,STDN,Nasdaq Trader Symbol Directory
STE,STERIS plc (Ireland) Ordinary Shares,NYSE,N,N,STE,Nasdaq Trader Symbol Directory
STEM,"Stem, Inc. Class A Common Stock",NYSE,N,N,STEM,Nasdaq Trader Symbol Directory
STEP,StepStone Group Inc. - Class A Common Stock,NASDAQ,N,N,STEP,Nasdaq Trader Symbol Directory
STEW,"SRH Total Return Fund, Inc. Common Stock",NYSE,N,N,STEW,Nasdaq Trader Symbol Directory
STEX,Streamex Corp. - Common Stock,NASDAQ,N,N,STEX,Nasdaq Trader Symbol Directory
STFS,Star Fashion Culture Holdings Limited - Class A Ordinary Shares,NASDAQ,N,N,STFS,Nasdaq Trader Symbol Directory
STGW,Stagwell Inc. - Class A Common Stock,NASDAQ,N,N,STGW,Nasdaq Trader Symbol Directory
STHO,Star Holdings - Shares of Beneficial Interest,NASDAQ,N,N,STHO,Nasdaq Trader Symbol Directory
STI,"Solidion Technology, Inc. - Common Stock",NASDAQ,N,N,STI,Nasdaq Trader Symbol Directory
STIM,"Neuronetics, Inc. - Common Stock",NASDAQ,N,N,STIM,Nasdaq Trader Symbol Directory
STK,Columbia Seligman Premium Technology Growth Fund Inc,NYSE,N,N,STK,Nasdaq Trader Symbol Directory
STKE,Sol Strategies Inc. - Common Shares,NASDAQ,N,N,STKE,Nasdaq Trader Symbol Directory
STKS,"The ONE Group Hospitality, Inc. - Common Stock",NASDAQ,N,N,STKS,Nasdaq Trader Symbol Directory
STLA,Stellantis N.V. Common Shares,NYSE,N,N,STLA,Nasdaq Trader Symbol Directory
STLD,"Steel Dynamics, Inc. - Common Stock",NASDAQ,N,N,STLD,Nasdaq Trader Symbol Directory
STLN,"Starling Oncology, Inc. - Common Stock",NASDAQ,N,N,STLN,Nasdaq Trader Symbol Directory
STM,STMicroelectronics N.V. Common Stock,NYSE,N,N,STM,Nasdaq Trader Symbol Directory
STN,Stantec Inc Common Stock,NYSE,N,N,STN,Nasdaq Trader Symbol Directory
STNE,StoneCo Ltd. - Class A Common Share,NASDAQ,N,N,STNE,Nasdaq Trader Symbol Directory
STNG,Scorpio Tankers Inc. Common Shares,NYSE,N,N,STNG,Nasdaq Trader Symbol Directory
STOK,"Stoke Therapeutics, Inc. - Common Stock",NASDAQ,N,N,STOK,Nasdaq Trader Symbol Directory
STRA,"Strategic Education, Inc. - Common Stock",NASDAQ,N,N,STRA,Nasdaq Trader Symbol Directory
STRL,"Sterling Infrastructure, Inc. - Common Stock",NASDAQ,N,N,STRL,Nasdaq Trader Symbol Directory
STRO,"Sutro Biopharma, Inc. - Common Stock",NASDAQ,N,N,STRO,Nasdaq Trader Symbol Directory
STRR,"Star Equity Holdings, Inc. - Common Stock",NASDAQ,N,N,STRR,Nasdaq Trader Symbol Directory
STRT,STRATTEC SECURITY CORPORATION - Common Stock,NASDAQ,N,N,STRT,Nasdaq Trader Symbol Directory
STRW,"Strawberry Fields REIT, Inc. Common Stock",NYSE American,N,N,STRW,Nasdaq Trader Symbol Directory
STRZ,Starz Entertainment Corp. - Common Shares,NASDAQ,N,N,STRZ,Nasdaq Trader Symbol Directory
STT,State Street Corporation Common Stock,NYSE,N,N,STT,Nasdaq Trader Symbol Directory
STTK,"Shattuck Labs, Inc. - Common Stock",NASDAQ,N,N,STTK,Nasdaq Trader Symbol Directory
STUB,"StubHub Holdings, Inc. Class A Common Stock",NYSE,N,N,STUB,Nasdaq Trader Symbol Directory
STVN,Stevanato Group S.p.A. Ordinary Shares,NYSE,N,N,STVN,Nasdaq Trader Symbol Directory
STWD,"STARWOOD PROPERTY TRUST, INC. Starwood Property Trust Inc.",NYSE,N,N,STWD,Nasdaq Trader Symbol Directory
STX,Seagate Technology Holdings PLC - Ordinary Shares (Ireland),NASDAQ,N,N,STX,Nasdaq Trader Symbol Directory
STXS,"Stereotaxis, Inc. Common Stock",NYSE American,N,N,STXS,Nasdaq Trader Symbol Directory
STZ,"Constellation Brands, Inc. Common Stock",NYSE,N,N,STZ,Nasdaq Trader Symbol Directory
SU,Suncor Energy  Inc. Common Stock,NYSE,N,N,SU,Nasdaq Trader Symbol Directory
SUGP,SU Group Holdings Limited - Class A Ordinary Shares,NASDAQ,N,N,SUGP,Nasdaq Trader Symbol Directory
SUI,"Sun Communities, Inc. Common Stock",NYSE,N,N,SUI,Nasdaq Trader Symbol Directory
SUIG,Sui Group Holdings Limited - Common Stock,NASDAQ,N,N,SUIG,Nasdaq Trader Symbol Directory
SUJA,"Suja Life, Inc. - Class A Common Stock",NASDAQ,N,N,SUJA,Nasdaq Trader Symbol Directory
SUNB,"Sunbelt Rentals Holdings, Inc. Common Stock",NYSE,N,N,SUNB,Nasdaq Trader Symbol Directory
SUNE,"SUNation Energy, Inc. - Common Stock",NASDAQ,N,N,SUNE,Nasdaq Trader Symbol Directory
SUNS,"Sunrise Realty Trust, Inc. - Common Stock",NASDAQ,N,N,SUNS,Nasdaq Trader Symbol Directory
SUPN,"Supernus Pharmaceuticals, Inc. - Common Stock",NASDAQ,N,N,SUPN,Nasdaq Trader Symbol Directory
SUPX,SuperX AI Technology Limited - Ordinary Shares,NASDAQ,N,N,SUPX,Nasdaq Trader Symbol Directory
SURG,"SurgePays, Inc. - Common Stock",NASDAQ,N,N,SURG,Nasdaq Trader Symbol Directory
SVA,"Sinovac Biotech, Ltd. - Ordinary Shares (Antigua/Barbudo)",NASDAQ,N,N,SVA,Nasdaq Trader Symbol Directory
SVC,Service Properties Trust - Common Shares of Beneficial Interest,NASDAQ,N,N,SVC,Nasdaq Trader Symbol Directory
SVCC,Stellar V Capital Corp. - Class A Ordinary Shares,NASDAQ,N,N,SVCC,Nasdaq Trader Symbol Directory
SVCO,"Silvaco Group, Inc. - Common Stock",NASDAQ,N,N,SVCO,Nasdaq Trader Symbol Directory
SVM,Silvercorp Metals Inc. Common Shares,NYSE American,N,N,SVM,Nasdaq Trader Symbol Directory
SVRA,"Savara, Inc. - Common Stock",NASDAQ,N,N,SVRA,Nasdaq Trader Symbol Directory
SVRN,OceanPal Inc. - Common Stock,NASDAQ,N,N,SVRN,Nasdaq Trader Symbol Directory
SVV,"Savers Value Village, Inc. Common Stock",NYSE,N,N,SVV,Nasdaq Trader Symbol Directory
SW,Smurfit WestRock plc Ordinary Shares,NYSE,N,N,SW,Nasdaq Trader Symbol Directory
SWAG,"Stran & Company, Inc. - Common Stock",NASDAQ,N,N,SWAG,Nasdaq Trader Symbol Directory
SWBI,"Smith & Wesson Brands, Inc. - Common Stock",NASDAQ,N,N,SWBI,Nasdaq Trader Symbol Directory
SWIM,"Latham Group, Inc. - Common Stock",NASDAQ,N,N,SWIM,Nasdaq Trader Symbol Directory
SWK,"Stanley Black & Decker, Inc. Common Stock",NYSE,N,N,SWK,Nasdaq Trader Symbol Directory
SWKHL,SWK Holdings Corporation - 9.00% Senior Notes due 2027,NASDAQ,N,N,SWKHL,Nasdaq Trader Symbol Directory
SWKS,"Skyworks Solutions, Inc. - Common Stock",NASDAQ,N,N,SWKS,Nasdaq Trader Symbol Directory
SWMR,"Swarmer, Inc - common stock",NASDAQ,N,N,SWMR,Nasdaq Trader Symbol Directory
SWVL,Swvl Holdings Corp - Ordinary Shares,NASDAQ,N,N,SWVL,Nasdaq Trader Symbol Directory
SWX,"Southwest Gas Holdings, Inc. Common Stock (DE)",NYSE,N,N,SWX,Nasdaq Trader Symbol Directory
SWZ,Total Return Securities Fund Common Stock,NYSE,N,N,SWZ,Nasdaq Trader Symbol Directory
SXC,"SunCoke Energy, Inc. Common Stock",NYSE,N,N,SXC,Nasdaq Trader Symbol Directory
SXI,Standex International Corporation Common Stock,NYSE,N,N,SXI,Nasdaq Trader Symbol Directory
SXT,Sensient Technologies Corporation Common Stock,NYSE,N,N,SXT,Nasdaq Trader Symbol Directory
SXTC,"China SXT Pharmaceuticals, Inc. - Class A Ordinary Shares",NASDAQ,N,N,SXTC,Nasdaq Trader Symbol Directory
SXTP,"60 Degrees Pharmaceuticals, Inc. - Common Stock",NASDAQ,N,N,SXTP,Nasdaq Trader Symbol Directory
SY,So-Young International Inc. - American Depository Shares,NASDAQ,N,N,SY,Nasdaq Trader Symbol Directory
SYBT,"Stock Yards Bancorp, Inc. - Common Stock",NASDAQ,N,N,SYBT,Nasdaq Trader Symbol Directory
SYF,Synchrony Financial Common Stock,NYSE,N,N,SYF,Nasdaq Trader Symbol Directory
SYK,Stryker Corporation Common Stock,NYSE,N,N,SYK,Nasdaq Trader Symbol Directory
SYM,Symbotic Inc. - Class A Common Stock,NASDAQ,N,N,SYM,Nasdaq Trader Symbol Directory
SYNA,Synaptics Incorporated - Common Stock,NASDAQ,N,N,SYNA,Nasdaq Trader Symbol Directory
SYNX,Silynxcom Ltd. Ordinary Shares,NYSE American,N,N,SYNX,Nasdaq Trader Symbol Directory
SYPR,"Sypris Solutions, Inc. - Common Stock",NASDAQ,N,N,SYPR,Nasdaq Trader Symbol Directory
SYRE,"Spyre Therapeutics, Inc. - Common Stock",NASDAQ,N,N,SYRE,Nasdaq Trader Symbol Directory
SYY,Sysco Corporation Common Stock,NYSE,N,N,SYY,Nasdaq Trader Symbol Directory
T,AT&T Inc.,NYSE,N,N,T,Nasdaq Trader Symbol Directory
TAC,TransAlta Corporation Ordinary Shares,NYSE,N,N,TAC,Nasdaq Trader Symbol Directory
TACT,TransAct Technologies Incorporated - Common Stock,NASDAQ,N,N,TACT,Nasdaq Trader Symbol Directory
TALO,"Talos Energy, Inc. Common Stock",NYSE,N,N,TALO,Nasdaq Trader Symbol Directory
TANH,Tantech Holdings Ltd. - Class A Common Shares,NASDAQ,N,N,TANH,Nasdaq Trader Symbol Directory
TAOP,Taoping Inc. - Ordinary Shares,NASDAQ,N,N,TAOP,Nasdaq Trader Symbol Directory
TAOX,Tao Synergies Inc. - Common Stock,NASDAQ,N,N,TAOX,Nasdaq Trader Symbol Directory
TAP,Molson Coors Beverage Company Class B Common Stock,NYSE,N,N,TAP,Nasdaq Trader Symbol Directory
TAP.A,Molson Coors Beverage Company Class A Common Stock,NYSE,N,N,TAP_A,Nasdaq Trader Symbol Directory
TARA,"Protara Therapeutics, Inc.  - Common Stock",NASDAQ,N,N,TARA,Nasdaq Trader Symbol Directory
TARS,"Tarsus Pharmaceuticals, Inc. - Common Stock",NASDAQ,N,N,TARS,Nasdaq Trader Symbol Directory
TASK,"TaskUs, Inc. - Class A Common Stock",NASDAQ,N,N,TASK,Nasdaq Trader Symbol Directory
TATT,TAT Technologies Ltd. - Ordinary Shares,NASDAQ,N,N,TATT,Nasdaq Trader Symbol Directory
TAYD,"Taylor Devices, Inc. - Common Stock",NASDAQ,N,N,TAYD,Nasdaq Trader Symbol Directory
TBB,AT&T Inc. 5.350% Global Notes due 2066,NYSE,N,N,TBB,Nasdaq Trader Symbol Directory
TBBB,BBB Foods Inc. Class A Common Shares,NYSE,N,N,TBBB,Nasdaq Trader Symbol Directory
TBBK,"The Bancorp, Inc. - Common Stock",NASDAQ,N,N,TBBK,Nasdaq Trader Symbol Directory
TBCH,Turtle Beach Corporation - Common Stock,NASDAQ,N,N,TBCH,Nasdaq Trader Symbol Directory
TBI,"TrueBlue, Inc. Common Stock",NYSE,N,N,TBI,Nasdaq Trader Symbol Directory
TBLA,Taboola.com Ltd. - Ordinary Shares,NASDAQ,N,N,TBLA,Nasdaq Trader Symbol Directory
TBLD,Thornburg Income Builder Opportunities Trust - Closed End Fund,NASDAQ,N,N,TBLD,Nasdaq Trader Symbol Directory
TBN,Tamboran Resources Corporation Common stock,NYSE,N,N,TBN,Nasdaq Trader Symbol Directory
TBPH,"Theravance Biopharma, Inc. - Ordinary Shares",NASDAQ,N,N,TBPH,Nasdaq Trader Symbol Directory
TCBI,"Texas Capital Bancshares, Inc. - Common Stock",NASDAQ,N,N,TCBI,Nasdaq Trader Symbol Directory
TCBK,TriCo Bancshares - Common Stock,NASDAQ,N,N,TCBK,Nasdaq Trader Symbol Directory
TCBS,"Texas Community Bancshares, Inc. - Common Stock",NASDAQ,N,N,TCBS,Nasdaq Trader Symbol Directory
TCBX,"Third Coast Bancshares, Inc. Common Stock",NYSE,N,N,TCBX,Nasdaq Trader Symbol Directory
TCI,"Transcontinental Realty Investors, Inc. Common Stock",NYSE,N,N,TCI,Nasdaq Trader Symbol Directory
TCMD,"Tactile Systems Technology, Inc. - Common Stock",NASDAQ,N,N,TCMD,Nasdaq Trader Symbol Directory
TCPA,TransCanada PipeLines Limited 6.250% Junior Subordinated Notes due 2085,NYSE,N,N,TCPA,Nasdaq Trader Symbol Directory
TCPC,BlackRock TCP Capital Corp. - Closed End Fund,NASDAQ,N,N,TCPC,Nasdaq Trader Symbol Directory
TCRT,"Alaunos Therapeutics, Inc. - Common Stock",NASDAQ,N,N,TCRT,Nasdaq Trader Symbol Directory
TCRX,"TScan Therapeutics, Inc. - Common Stock",NASDAQ,N,N,TCRX,Nasdaq Trader Symbol Directory
TCX,Tucows Inc. - Common Stock,NASDAQ,N,N,TCX,Nasdaq Trader Symbol Directory
TD,Toronto Dominion Bank (The) Common Stock,NYSE,N,N,TD,Nasdaq Trader Symbol Directory
TDAY,"USA TODAY Co., Inc. Common Stock",NYSE,N,N,TDAY,Nasdaq Trader Symbol Directory
TDC,Teradata Corporation Common Stock,NYSE,N,N,TDC,Nasdaq Trader Symbol Directory
TDF,"Templeton Dragon Fund, Inc. Common Stock",NYSE,N,N,TDF,Nasdaq Trader Symbol Directory
TDG,Transdigm Group Incorporated Common Stock,NYSE,N,N,TDG,Nasdaq Trader Symbol Directory
TDIC,Dreamland Limited - Class A Ordinary Shares,NASDAQ,N,N,TDIC,Nasdaq Trader Symbol Directory
TDOC,"Teladoc Health, Inc. Common Stock",NYSE,N,N,TDOC,Nasdaq Trader Symbol Directory
TDS,"Telephone and Data Systems, Inc. Common Shares",NYSE,N,N,TDS,Nasdaq Trader Symbol Directory
TDTH,Trident Digital Tech Holdings Ltd - Class B Ordinary Shares,NASDAQ,N,N,TDTH,Nasdaq Trader Symbol Directory
TDUP,ThredUp Inc. - Class A Common Stock,NASDAQ,N,N,TDUP,Nasdaq Trader Symbol Directory
TDW,Tidewater Inc. Common Stock,NYSE,N,N,TDW,Nasdaq Trader Symbol Directory
TDY,Teledyne Technologies Incorporated Common Stock,NYSE,N,N,TDY,Nasdaq Trader Symbol Directory
TE,T1 Energy Inc. Common Stock,NYSE,N,N,TE,Nasdaq Trader Symbol Directory
TEAD,Teads Holding Co. - Common Stock,NASDAQ,N,N,TEAD,Nasdaq Trader Symbol Directory
TEAM,Atlassian Corporation  - Class A Common Stock,NASDAQ,N,N,TEAM,Nasdaq Trader Symbol Directory
TECH,Bio-Techne Corp - Common Stock,NASDAQ,N,N,TECH,Nasdaq Trader Symbol Directory
TECK,Teck Resources Ltd Ordinary Shares,NYSE,N,N,TECK,Nasdaq Trader Symbol Directory
TECX,"Tectonic Therapeutic, Inc. - Common Stock",NASDAQ,N,N,TECX,Nasdaq Trader Symbol Directory
TEI,"Templeton Emerging Markets Income Fund, Inc. Common Stock",NYSE,N,N,TEI,Nasdaq Trader Symbol Directory
TEL,TE Connectivity plc Ordinary Shares,NYSE,N,N,TEL,Nasdaq Trader Symbol Directory
TELA,"TELA Bio, Inc. - Common stock",NASDAQ,N,N,TELA,Nasdaq Trader Symbol Directory
TELO,"Telomir Pharmaceuticals, Inc. - Common Stock",NASDAQ,N,N,TELO,Nasdaq Trader Symbol Directory
TEM,"Tempus AI, Inc. - Class A Common Stock",NASDAQ,N,N,TEM,Nasdaq Trader Symbol Directory
TEN,Tsakos Energy Navigation Ltd Common Shares,NYSE,N,N,TEN,Nasdaq Trader Symbol Directory
TENB,"Tenable Holdings, Inc. - Common Stock",NASDAQ,N,N,TENB,Nasdaq Trader Symbol Directory
TENX,"Tenax Therapeutics, Inc. - Common Stock",NASDAQ,N,N,TENX,Nasdaq Trader Symbol Directory
TEO,Telecom Argentina SA,NYSE,N,N,TEO,Nasdaq Trader Symbol Directory
TER,"Teradyne, Inc. - Common Stock",NASDAQ,N,N,TER,Nasdaq Trader Symbol Directory
TEX,Terex Corporation Common Stock,NYSE,N,N,TEX,Nasdaq Trader Symbol Directory
TFC,Truist Financial Corporation Common Stock,NYSE,N,N,TFC,Nasdaq Trader Symbol Directory
TFII,TFI International Inc. Common Shares,NYSE,N,N,TFII,Nasdaq Trader Symbol Directory
TFIN,"Triumph Financial, Inc. Common Stock",NYSE,N,N,TFIN,Nasdaq Trader Symbol Directory
TFPM,Triple Flag Precious Metals Corp. Common Shares,NYSE,N,N,TFPM,Nasdaq Trader Symbol Directory
TFSL,TFS Financial Corporation - Common Stock,NASDAQ,N,N,TFSL,Nasdaq Trader Symbol Directory
TFX,Teleflex Incorporated Common Stock,NYSE,N,N,TFX,Nasdaq Trader Symbol Directory
TG,Tredegar Corporation Common Stock,NYSE,N,N,TG,Nasdaq Trader Symbol Directory
TGB,Trekor Metals Limited Common Shares,NYSE American,N,N,TGB,Nasdaq Trader Symbol Directory
TGE,The Generation Essentials Group Class A Ordinary Shares,NYSE,N,N,TGE,Nasdaq Trader Symbol Directory
TGEN,Tecogen Inc. Common Stock,NYSE American,N,N,TGEN,Nasdaq Trader Symbol Directory
TGHL,The GrowHub Limited - Class A Ordinary Shares,NASDAQ,N,N,TGHL,Nasdaq Trader Symbol Directory
TGL,Treasure Global Inc. - Common Stock,NASDAQ,N,N,TGL,Nasdaq Trader Symbol Directory
TGLS,Tecnoglass Holdings Inc. Common Stock,NYSE,N,N,TGLS,Nasdaq Trader Symbol Directory
TGS,Transportadora de Gas del Sur SA TGS Common Stock,NYSE,N,N,TGS,Nasdaq Trader Symbol Directory
TGT,Target Corporation Common Stock,NYSE,N,N,TGT,Nasdaq Trader Symbol Directory
TGTX,"TG Therapeutics, Inc. - Common Stock",NASDAQ,N,N,TGTX,Nasdaq Trader Symbol Directory
TH,Target Hospitality Corp. - Common Stock,NASDAQ,N,N,TH,Nasdaq Trader Symbol Directory
THC,Tenet Healthcare Corporation Common Stock,NYSE,N,N,THC,Nasdaq Trader Symbol Directory
THCH,TH International Limited - Ordinary shares,NASDAQ,N,N,THCH,Nasdaq Trader Symbol Directory
THFF,First Financial Corporation  - Common Stock,NASDAQ,N,N,THFF,Nasdaq Trader Symbol Directory
THG,Hanover Insurance Group Inc,NYSE,N,N,THG,Nasdaq Trader Symbol Directory
THH,TryHard Holdings Limited - Ordinary Shares,NASDAQ,N,N,THH,Nasdaq Trader Symbol Directory
THM,"International Tower Hill Mines, Ltd. Ordinary Shares (Canada)",NYSE American,N,N,THM,Nasdaq Trader Symbol Directory
THO,"Thor Industries, Inc. Common Stock",NYSE,N,N,THO,Nasdaq Trader Symbol Directory
THQ,abrdn Healthcare Opportunities Fund Shares of Beneficial Interest,NYSE,N,N,THQ,Nasdaq Trader Symbol Directory
THRM,Gentherm Inc - Common Stock,NASDAQ,N,N,THRM,Nasdaq Trader Symbol Directory
THRY,"Thryv Holdings, Inc. - Common Stock",NASDAQ,N,N,THRY,Nasdaq Trader Symbol Directory
THW,abrdn World Healthcare Fund Shares of Beneficial Interest,NYSE,N,N,THW,Nasdaq Trader Symbol Directory
TIC,"TIC Solutions, Inc. Common Stock",NYSE,N,N,TIC,Nasdaq Trader Symbol Directory
TIGO,Millicom International Cellular S.A. - Common Stock,NASDAQ,N,N,TIGO,Nasdaq Trader Symbol Directory
TII,Titan Mining Corporation Common Shares,NYSE American,N,N,TII,Nasdaq Trader Symbol Directory
TIL,"Instil Bio, Inc. - Common Stock",NASDAQ,N,N,TIL,Nasdaq Trader Symbol Directory
TILE,"Interface, Inc. - Common Stock",NASDAQ,N,N,TILE,Nasdaq Trader Symbol Directory
TIPT,Tiptree Inc. - Common Stock,NASDAQ,N,N,TIPT,Nasdaq Trader Symbol Directory
TISI,"Team, Inc. Common Stock",NYSE,N,N,TISI,Nasdaq Trader Symbol Directory
TITN,Titan Machinery Inc. - Common Stock,NASDAQ,N,N,TITN,Nasdaq Trader Symbol Directory
TJGC,TJGC Group Limited - Class A Ordinary Shares,NASDAQ,N,N,TJGC,Nasdaq Trader Symbol Directory
TJX,"TJX Companies, Inc. (The) Common Stock",NYSE,N,N,TJX,Nasdaq Trader Symbol Directory
TK,Teekay Corporation Ltd. Common Stock,NYSE,N,N,TK,Nasdaq Trader Symbol Directory
TKC,Turkcell Iletisim Hizmetleri AS Common Stock,NYSE,N,N,TKC,Nasdaq Trader Symbol Directory
TKNO,"Alpha Teknova, Inc. - Common Stock",NASDAQ,N,N,TKNO,Nasdaq Trader Symbol Directory
TKO,"TKO Group Holdings, Inc. Class A Common Stock",NYSE,N,N,TKO,Nasdaq Trader Symbol Directory
TKR,Timken Company (The) Common Stock,NYSE,N,N,TKR,Nasdaq Trader Symbol Directory
TLF,"Tandy Leather Factory, Inc. - common stock",NASDAQ,N,N,TLF,Nasdaq Trader Symbol Directory
TLIH,Ten-League International Holdings Limited - Ordinary Shares,NASDAQ,N,N,TLIH,Nasdaq Trader Symbol Directory
TLK,"PT Telekomunikasi Indonesia, Tbk",NYSE,N,N,TLK,Nasdaq Trader Symbol Directory
TLN,Talen Energy Corporation - Common Stock,NASDAQ,N,N,TLN,Nasdaq Trader Symbol Directory
TLNC,Talon Capital Corp. - Class A Ordinary Shares,NASDAQ,N,N,TLNC,Nasdaq Trader Symbol Directory
TLPH,"Talphera, Inc. - Common Stock",NASDAQ,N,N,TLPH,Nasdaq Trader Symbol Directory
TLRY,"Tilray Brands, Inc. - Common Stock",NASDAQ,N,N,TLRY,Nasdaq Trader Symbol Directory
TLS,Telos Corporation - Common Stock,NASDAQ,N,N,TLS,Nasdaq Trader Symbol Directory
TLSA,Tiziana Life Sciences Ltd - Common Shares,NASDAQ,N,N,TLSA,Nasdaq Trader Symbol Directory
TLSI,"TriSalus Life Sciences, Inc. - Common Stock",NASDAQ,N,N,TLSI,Nasdaq Trader Symbol Directory
TLYS,"Tilly's, Inc. Common Stock",NYSE,N,N,TLYS,Nasdaq Trader Symbol Directory
TM,Toyota Motor Corporation Common Stock,NYSE,N,N,TM,Nasdaq Trader Symbol Directory
TMC,TMC the metals company Inc. - Common Stock,NASDAQ,N,N,TMC,Nasdaq Trader Symbol Directory
TMCI,"Treace Medical Concepts, Inc. - Common Stock",NASDAQ,N,N,TMCI,Nasdaq Trader Symbol Directory
TMCR,The Metals Royalty Company Inc. - Common Stock,NASDAQ,N,N,TMCR,Nasdaq Trader Symbol Directory
TMDE,TMD Energy Limited Ordinary Shares,NYSE American,N,N,TMDE,Nasdaq Trader Symbol Directory
TMDX,"TransMedics Group, Inc. - Common Stock",NASDAQ,N,N,TMDX,Nasdaq Trader Symbol Directory
TMO,Thermo Fisher Scientific Inc Common Stock,NYSE,N,N,TMO,Nasdaq Trader Symbol Directory
TMP,Tompkins Financial Corporation Common Stock,NYSE American,N,N,TMP,Nasdaq Trader Symbol Directory
TMQ,Trilogy Metals Inc. Common Stock,NYSE American,N,N,TMQ,Nasdaq Trader Symbol Directory
TMS,Teamshares Inc. - Common Stock,NASDAQ,N,N,TMS,Nasdaq Trader Symbol Directory
TMUS,"T-Mobile US, Inc. - Common Stock",NASDAQ,N,N,TMUS,Nasdaq Trader Symbol Directory
TMUSI,"T-Mobile US, Inc. - 5.500% Senior Notes due June 2070",NASDAQ,N,N,TMUSI,Nasdaq Trader Symbol Directory
TMUSL,"T-Mobile US, Inc. - 6.250% Senior Notes due 2069",NASDAQ,N,N,TMUSL,Nasdaq Trader Symbol Directory
TMUSZ,"T-Mobile US, Inc. - 5.500% Senior Notes due March 2070",NASDAQ,N,N,TMUSZ,Nasdaq Trader Symbol Directory
TNC,Tennant Company Common Stock,NYSE,N,N,TNC,Nasdaq Trader Symbol Directory
TNDM,"Tandem Diabetes Care, Inc. - Common Stock",NASDAQ,N,N,TNDM,Nasdaq Trader Symbol Directory
TNET,"TriNet Group, Inc. Common Stock",NYSE,N,N,TNET,Nasdaq Trader Symbol Directory
TNGX,"Tango Therapeutics, Inc. - Common Stock",NASDAQ,N,N,TNGX,Nasdaq Trader Symbol Directory
TNK,Teekay Tankers Ltd.,NYSE,N,N,TNK,Nasdaq Trader Symbol Directory
TNL,Travel   Leisure Co. Common  Stock,NYSE,N,N,TNL,Nasdaq Trader Symbol Directory
TNMG,TNL Mediagene - Ordinary Shares,NASDAQ,N,N,TNMG,Nasdaq Trader Symbol Directory
TNON,"Tenon Medical, Inc. - Common Stock",NASDAQ,N,N,TNON,Nasdaq Trader Symbol Directory
TNXP,Tonix Pharmaceuticals Holding Corp. - Common Stock,NASDAQ,N,N,TNXP,Nasdaq Trader Symbol Directory
TNYA,"Tenaya Therapeutics, Inc. - Common Stock",NASDAQ,N,N,TNYA,Nasdaq Trader Symbol Directory
TOL,"Toll Brothers, Inc. Common Stock",NYSE,N,N,TOL,Nasdaq Trader Symbol Directory
TOMZ,"TOMI Environmental Solutions, Inc. - Common Stock",NASDAQ,N,N,TOMZ,Nasdaq Trader Symbol Directory
TONT,Graf Global Corp. Class A ordinary shares,NYSE American,N,N,TONT,Nasdaq Trader Symbol Directory
TONX,TON Strategy Company - Common Stock,NASDAQ,N,N,TONX,Nasdaq Trader Symbol Directory
TOON,"Kartoon Studios, Inc. Common Stock",NYSE American,N,N,TOON,Nasdaq Trader Symbol Directory
TOP,TOP Financial Group Limited - Class A Ordinary Shares,NASDAQ,N,N,TOP,Nasdaq Trader Symbol Directory
TOPP,Toppoint Holdings Inc. Common Stock,NYSE American,N,N,TOPP,Nasdaq Trader Symbol Directory
TOPS,"TOP Ships, Inc. Common Stock",NYSE American,N,N,TOPS,Nasdaq Trader Symbol Directory
TORO,Toro Corp. - Common stock,NASDAQ,N,N,TORO,Nasdaq Trader Symbol Directory
TOST,"Toast, Inc. Class A Common Stock",NYSE,N,N,TOST,Nasdaq Trader Symbol Directory
TOVX,"Theriva Biologics, Inc. Common Stock",NYSE American,N,N,TOVX,Nasdaq Trader Symbol Directory
TOWN,Towne Bank - Common Stock,NASDAQ,N,N,TOWN,Nasdaq Trader Symbol Directory
TOYO,"TOYO Co., Ltd - Ordinary Shares",NASDAQ,N,N,TOYO,Nasdaq Trader Symbol Directory
TP,Ticketplus Ltd. Ordinary Shares,NYSE American,N,N,TP,Nasdaq Trader Symbol Directory
TPB,"Turning Point Brands, Inc. Common Stock",NYSE,N,N,TPB,Nasdaq Trader Symbol Directory
TPC,Tutor Perini Corporation Common Stock,NYSE,N,N,TPC,Nasdaq Trader Symbol Directory
TPCS,TechPrecision Corporation - Common stock,NASDAQ,N,N,TPCS,Nasdaq Trader Symbol Directory
TPET,Trio Petroleum Corp. Common Stock,NYSE American,N,N,TPET,Nasdaq Trader Symbol Directory
TPG,TPG Inc. - Class A Common Stock,NASDAQ,N,N,TPG,Nasdaq Trader Symbol Directory
TPGXL,TPG Inc. - 6.950% Fixed-Rate Junior Subordinated Notes due 2064,NASDAQ,N,N,TPGXL,Nasdaq Trader Symbol Directory
TPL,Texas Pacific Land Corporation Common Stock,NYSE,N,N,TPL,Nasdaq Trader Symbol Directory
TPR,"Tapestry, Inc. Common Stock",NYSE,N,N,TPR,Nasdaq Trader Symbol Directory
TPST,"Tempest Therapeutics, Inc. - Common Stock",NASDAQ,N,N,TPST,Nasdaq Trader Symbol Directory
TPTS,"Terra Property Trust, Inc. 7.00% Senior Secured Notes due 2029",NYSE,N,N,TPTS,Nasdaq Trader Symbol Directory
TPVG,TriplePoint Venture Growth BDC Corp. Common Stock,NYSE,N,N,TPVG,Nasdaq Trader Symbol Directory
TR,"Tootsie Roll Industries, Inc. Common Stock",NYSE,N,N,TR,Nasdaq Trader Symbol Directory
TRAD,APEX Tech Acquisition Inc. Ordinary Shares,NYSE,N,N,TRAD,Nasdaq Trader Symbol Directory
TRAK,"ReposiTrak, Inc. Common Stock",NYSE,N,N,TRAK,Nasdaq Trader Symbol Directory
TRAW,"Traws Pharma, Inc. - Common Stock",NASDAQ,N,N,TRAW,Nasdaq Trader Symbol Directory
TRAX,"First Tracks Biotherapeutics, Inc. - Ordinary Shares",NASDAQ,N,N,TRAX,Nasdaq Trader Symbol Directory
TRC,Tejon Ranch Co Common Stock,NYSE,N,N,TRC,Nasdaq Trader Symbol Directory
TRDA,"Entrada Therapeutics, Inc. - Common Stock",NASDAQ,N,N,TRDA,Nasdaq Trader Symbol Directory
TREE,"LendingTree, Inc. - Common Stock",NASDAQ,N,N,TREE,Nasdaq Trader Symbol Directory
TREO,Tactical Resources Corp. - Common Shares,NASDAQ,N,N,TREO,Nasdaq Trader Symbol Directory
TREX,"Trex Company, Inc. Common Stock",NYSE,N,N,TREX,Nasdaq Trader Symbol Directory
TRGP,"Targa Resources, Inc. Common Stock",NYSE,N,N,TRGP,Nasdaq Trader Symbol Directory
TRGS,TRG Latin America Acquisitions Corp. - Class A Ordinary Shares,NASDAQ,N,N,TRGS,Nasdaq Trader Symbol Directory
TRI,Thomson Reuters Corp - Common Shares,NASDAQ,N,N,TRI,Nasdaq Trader Symbol Directory
TRIN,Trinity Capital Inc. Common Stock,NYSE,N,N,TRIN,Nasdaq Trader Symbol Directory
TRIP,"TripAdvisor, Inc. - Common Stock",NASDAQ,N,N,TRIP,Nasdaq Trader Symbol Directory
TRLV,Trulieve Cannabis Corp. Subordinate Voting Shares,NYSE,N,N,TRLV,Nasdaq Trader Symbol Directory
TRMB,Trimble Inc. - Common Stock,NASDAQ,N,N,TRMB,Nasdaq Trader Symbol Directory
TRMD,TORM plc - Class A Common Stock,NASDAQ,N,N,TRMD,Nasdaq Trader Symbol Directory
TRMK,Trustmark Corporation - Common Stock,NASDAQ,N,N,TRMK,Nasdaq Trader Symbol Directory
TRN,"Trinity Industries, Inc. Common Stock",NYSE,N,N,TRN,Nasdaq Trader Symbol Directory
TRNI,Trinity Capital Inc. 7.875% Notes Due 2029,NYSE,N,N,TRNI,Nasdaq Trader Symbol Directory
TRNO,Terreno Realty Corporation Common Stock,NYSE,N,N,TRNO,Nasdaq Trader Symbol Directory
TRNR,Interactive Strength Inc. - Common Stock,NASDAQ,N,N,TRNR,Nasdaq Trader Symbol Directory
TRNS,"Transcat, Inc. - Common Stock",NASDAQ,N,N,TRNS,Nasdaq Trader Symbol Directory
TRNZ,Trinity Capital Inc. 7.875% Notes due 2029,NYSE,N,N,TRNZ,Nasdaq Trader Symbol Directory
TRON,Tron Inc. - Common Stock,NASDAQ,N,N,TRON,Nasdaq Trader Symbol Directory
TROO,"TROOPS, Inc.  - Ordinary Shares",NASDAQ,N,N,TROO,Nasdaq Trader Symbol Directory
TROW,"T. Rowe Price Group, Inc. - Common Stock",NASDAQ,N,N,TROW,Nasdaq Trader Symbol Directory
TROX,Tronox Holdings plc Ordinary Shares (UK),NYSE,N,N,TROX,Nasdaq Trader Symbol Directory
TRP,TC Energy Corporation Common Stock,NYSE,N,N,TRP,Nasdaq Trader Symbol Directory
TRS,TriMas Corporation - Common Stock,NASDAQ,N,N,TRS,Nasdaq Trader Symbol Directory
TRSG,Tungray Technologies Inc - Class A Ordinary Shares,NASDAQ,N,N,TRSG,Nasdaq Trader Symbol Directory
TRST,TrustCo Bank Corp NY - Common Stock,NASDAQ,N,N,TRST,Nasdaq Trader Symbol Directory
TRT,Trio-Tech International Common Stock,NYSE American,N,N,TRT,Nasdaq Trader Symbol Directory
TRTX,"TPG RE Finance Trust, Inc. Common Stock",NYSE,N,N,TRTX,Nasdaq Trader Symbol Directory
TRU,TransUnion Common Stock,NYSE,N,N,TRU,Nasdaq Trader Symbol Directory
TRUG,"TruGolf Holdings, Inc. - Class A Common Stock",NASDAQ,N,N,TRUG,Nasdaq Trader Symbol Directory
TRUP,"Trupanion, Inc. - Common Stock",NASDAQ,N,N,TRUP,Nasdaq Trader Symbol Directory
TRV,"The Travelers Companies, Inc. Common Stock",NYSE,N,N,TRV,Nasdaq Trader Symbol Directory
TRVI,"Trevi Therapeutics, Inc. - Common Stock",NASDAQ,N,N,TRVI,Nasdaq Trader Symbol Directory
TRX,TRX Gold Corporation Common Stock,NYSE American,N,N,TRX,Nasdaq Trader Symbol Directory
TSAT,Telesat Corporation - Class A Common Shares and Class B Variable Voting Shares,NASDAQ,N,N,TSAT,Nasdaq Trader Symbol Directory
TSBK,"Timberland Bancorp, Inc. - Common Stock",NASDAQ,N,N,TSBK,Nasdaq Trader Symbol Directory
TSCO,Tractor Supply Company - Common Stock,NASDAQ,N,N,TSCO,Nasdaq Trader Symbol Directory
TSEM,Tower Semiconductor Ltd. - Ordinary Shares,NASDAQ,N,N,TSEM,Nasdaq Trader Symbol Directory
TSHA,"Taysha Gene Therapies, Inc. - Common Stock",NASDAQ,N,N,TSHA,Nasdaq Trader Symbol Directory
TSI,"TCW Strategic Income Fund, Inc. Common Stock",NYSE,N,N,TSI,Nasdaq Trader Symbol Directory
TSLA,"Tesla, Inc.  - Common Stock",NASDAQ,N,N,TSLA,Nasdaq Trader Symbol Directory
TSLX,"Sixth Street Specialty Lending, Inc. Common Stock",NYSE,N,N,TSLX,Nasdaq Trader Symbol Directory
TSM,Taiwan Semiconductor Manufacturing Company Ltd.,NYSE,N,N,TSM,Nasdaq Trader Symbol Directory
TSN,"Tyson Foods, Inc. Common Stock",NYSE,N,N,TSN,Nasdaq Trader Symbol Directory
TSQ,"Townsquare Media, Inc. Class A Common Stock",NYSE,N,N,TSQ,Nasdaq Trader Symbol Directory
TSSI,"TSS, Inc. - Common Stock",NASDAQ,N,N,TSSI,Nasdaq Trader Symbol Directory
TT,Trane Technologies plc,NYSE,N,N,TT,Nasdaq Trader Symbol Directory
TTAM,Titan America SA Common Shares,NYSE,N,N,TTAM,Nasdaq Trader Symbol Directory
TTAN,"ServiceTitan, Inc. - Class A Common Stock",NASDAQ,N,N,TTAN,Nasdaq Trader Symbol Directory
TTC,Toro Company (The) Common Stock,NYSE,N,N,TTC,Nasdaq Trader Symbol Directory
TTD,"The Trade Desk, Inc. - Class A Common Stock",NASDAQ,N,N,TTD,Nasdaq Trader Symbol Directory
TTE,TotalEnergies SE Ordinary Shares,NYSE,N,N,TTE,Nasdaq Trader Symbol Directory
TTEC,"TTEC Holdings, Inc. - Common Stock",NASDAQ,N,N,TTEC,Nasdaq Trader Symbol Directory
TTEK,"Tetra Tech, Inc. - Common Stock",NASDAQ,N,N,TTEK,Nasdaq Trader Symbol Directory
TTGT,"TechTarget, Inc. - Common Stock",NASDAQ,N,N,TTGT,Nasdaq Trader Symbol Directory
TTI,"Tetra Technologies, Inc. Common Stock",NYSE,N,N,TTI,Nasdaq Trader Symbol Directory
TTMI,"TTM Technologies, Inc. - Common Stock",NASDAQ,N,N,TTMI,Nasdaq Trader Symbol Directory
TTRX,Turn Therapeutics Inc. - Common Stock,NASDAQ,N,N,TTRX,Nasdaq Trader Symbol Directory
TTWO,"Take-Two Interactive Software, Inc. - Common Stock",NASDAQ,N,N,TTWO,Nasdaq Trader Symbol Directory
TU,Telus Corporation Ordinary Shares,NYSE,N,N,TU,Nasdaq Trader Symbol Directory
TULP,"Bloomia Holdings, Inc. - Common Stock",NASDAQ,N,N,TULP,Nasdaq Trader Symbol Directory
TUSK,"Mammoth Energy Services, Inc. - Common Stock",NASDAQ,N,N,TUSK,Nasdaq Trader Symbol Directory
TV,Grupo Televisa S.A.B. Common Stock,NYSE,N,N,TV,Nasdaq Trader Symbol Directory
TVA,Texas Ventures Acquisition III Corp - Class A Ordinary Share,NASDAQ,N,N,TVA,Nasdaq Trader Symbol Directory
TVC,Tennessee Valley Authority Common Stock,NYSE,N,N,TVC,Nasdaq Trader Symbol Directory
TVE,Tennessee Valley Authority,NYSE,N,N,TVE,Nasdaq Trader Symbol Directory
TVGN,Tevogen Inc. - Common Stock,NASDAQ,N,N,TVGN,Nasdaq Trader Symbol Directory
TVIV,Texas Ventures Acquisition IV Corp - Class A Ordinary Shares,NASDAQ,N,N,TVIV,Nasdaq Trader Symbol Directory
TVRD,"Tvardi Therapeutics, Inc. - Common Stock",NASDAQ,N,N,TVRD,Nasdaq Trader Symbol Directory
TVTX,"Travere Therapeutics, Inc. - Common Stock",NASDAQ,N,N,TVTX,Nasdaq Trader Symbol Directory
TW,Tradeweb Markets Inc. - Class A Common Stock,NASDAQ,N,N,TW,Nasdaq Trader Symbol Directory
TWAV,"TaoWeave, Inc. - Common Stock",NASDAQ,N,N,TWAV,Nasdaq Trader Symbol Directory
TWFG,"TWFG, Inc. - Common Stock",NASDAQ,N,N,TWFG,Nasdaq Trader Symbol Directory
TWG,Top Wealth Group Holding Limited - Class A Ordinary Shares,NASDAQ,N,N,TWG,Nasdaq Trader Symbol Directory
TWI,"Titan International, Inc. (DE) Common Stock",NYSE,N,N,TWI,Nasdaq Trader Symbol Directory
TWIN,"Twin Disc, Incorporated - Common Stock",NASDAQ,N,N,TWIN,Nasdaq Trader Symbol Directory
TWLO,Twilio Inc. Class A Common Stock,NYSE,N,N,TWLO,Nasdaq Trader Symbol Directory
TWLV,Twelve Seas Investment Company III - Class A Ordinary Shares,NASDAQ,N,N,TWLV,Nasdaq Trader Symbol Directory
TWN,"Taiwan Fund, Inc. (The) Common Stock",NYSE,N,N,TWN,Nasdaq Trader Symbol Directory
TWOD,Two Harbors Investments Corp 9.375% Senior Notes due 2030,NYSE,N,N,TWOD,Nasdaq Trader Symbol Directory
TWST,Twist Bioscience Corporation - Common Stock,NASDAQ,N,N,TWST,Nasdaq Trader Symbol Directory
TXG,"10x Genomics, Inc. - Common Stock",NASDAQ,N,N,TXG,Nasdaq Trader Symbol Directory
TXMD,"TherapeuticsMD, Inc. - Common Stock",NASDAQ,N,N,TXMD,Nasdaq Trader Symbol Directory
TXN,Texas Instruments Incorporated - Common Stock,NASDAQ,N,N,TXN,Nasdaq Trader Symbol Directory
TXNM,"TXNM Energy, Inc. Common Stock",NYSE,N,N,TXNM,Nasdaq Trader Symbol Directory
TXRH,"Texas Roadhouse, Inc. - Common Stock",NASDAQ,N,N,TXRH,Nasdaq Trader Symbol Directory
TXT,Textron Inc. Common Stock,NYSE,N,N,TXT,Nasdaq Trader Symbol Directory
TY,Tri Continental Corporation Common Stock,NYSE,N,N,TY,Nasdaq Trader Symbol Directory
TYG,Tortoise Energy Infrastructure Corporation Common Stock,NYSE,N,N,TYG,Nasdaq Trader Symbol Directory
TYGO,"Tigo Energy, Inc. - Common Stock",NASDAQ,N,N,TYGO,Nasdaq Trader Symbol Directory
TYL,"Tyler Technologies, Inc. Common Stock",NYSE,N,N,TYL,Nasdaq Trader Symbol Directory
TYRA,"Tyra Biosciences, Inc. - Common Stock",NASDAQ,N,N,TYRA,Nasdaq Trader Symbol Directory
TZOO,Travelzoo - Common Stock,NASDAQ,N,N,TZOO,Nasdaq Trader Symbol Directory
U,Unity Software Inc. Common Stock,NYSE,N,N,U,Nasdaq Trader Symbol Directory
UA,"Under Armour, Inc. Class C Common Stock",NYSE,N,N,UA,Nasdaq Trader Symbol Directory
UAA,"Under Armour, Inc. Class A Common Stock",NYSE,N,N,UAA,Nasdaq Trader Symbol Directory
UAL,"United Airlines Holdings, Inc. - Common Stock",NASDAQ,N,N,UAL,Nasdaq Trader Symbol Directory
UAMY,United States Antimony Corporation Common Stock,NYSE,N,N,UAMY,Nasdaq Trader Symbol Directory
UAVS,"AgEagle Aerial Systems, Inc. Common Stock",NYSE American,N,N,UAVS,Nasdaq Trader Symbol Directory
UBCP,"United Bancorp, Inc. - Common Stock",NASDAQ,N,N,UBCP,Nasdaq Trader Symbol Directory
UBER,"Uber Technologies, Inc. Common Stock",NYSE,N,N,UBER,Nasdaq Trader Symbol Directory
UBS,UBS Group AG Registered Ordinary Shares,NYSE,N,N,UBS,Nasdaq Trader Symbol Directory
UBSI,"United Bankshares, Inc. - Common Stock",NASDAQ,N,N,UBSI,Nasdaq Trader Symbol Directory
UCAR,U Power Limited - Class A Ordinary Shares,NASDAQ,N,N,UCAR,Nasdaq Trader Symbol Directory
UCB,"United Community Banks, Inc. Common Stock",NYSE,N,N,UCB,Nasdaq Trader Symbol Directory
UCFI,CN Healthy Food Tech Group Corp. - Common Stock,NASDAQ,N,N,UCFI,Nasdaq Trader Symbol Directory
UCIB,"ETRACS UBS Bloomberg Constant Maturity Commodity Index (CMCI) Total Return ETN Series B due April 5, 2038",NYSE Arca,N,N,UCIB,Nasdaq Trader Symbol Directory
UCTT,"Ultra Clean Holdings, Inc. - Common Stock",NASDAQ,N,N,UCTT,Nasdaq Trader Symbol Directory
UDR,"UDR, Inc. Common Stock",NYSE,N,N,UDR,Nasdaq Trader Symbol Directory
UE,Urban Edge Properties Common Shares of Beneficial Interest,NYSE,N,N,UE,Nasdaq Trader Symbol Directory
UEC,Uranium Energy Corp. Common Stock,NYSE American,N,N,UEC,Nasdaq Trader Symbol Directory
UEIC,Universal Electronics Inc. - Common Stock,NASDAQ,N,N,UEIC,Nasdaq Trader Symbol Directory
UFCS,"United Fire Group, Inc - Common Stock",NASDAQ,N,N,UFCS,Nasdaq Trader Symbol Directory
UFG,Uni-Fuels Holdings Limited - Class A Ordinary Shares,NASDAQ,N,N,UFG,Nasdaq Trader Symbol Directory
UFI,"Unifi, Inc. New Common Stock",NYSE,N,N,UFI,Nasdaq Trader Symbol Directory
UFPI,"UFP Industries, Inc. - Common Stock",NASDAQ,N,N,UFPI,Nasdaq Trader Symbol Directory
UFPT,"UFP Technologies, Inc. - Common Stock",NASDAQ,N,N,UFPT,Nasdaq Trader Symbol Directory
UG,"United-Guardian, Inc. - Common Stock",NASDAQ,N,N,UG,Nasdaq Trader Symbol Directory
UGI,UGI Corporation Common Stock,NYSE,N,N,UGI,Nasdaq Trader Symbol Directory
UHAL,U-Haul Holding Company Common Stock,NYSE,N,N,UHAL,Nasdaq Trader Symbol Directory
UHAL.B,U-Haul Holding Company Series N Non-Voting Common Stock ,NYSE,N,N,UHAL_B,Nasdaq Trader Symbol Directory
UHS,"Universal Health Services, Inc. Common Stock",NYSE,N,N,UHS,Nasdaq Trader Symbol Directory
UHT,Universal Health Realty Income Trust Common Stock,NYSE,N,N,UHT,Nasdaq Trader Symbol Directory
UI,Ubiquiti Inc. Common Stock,NYSE,N,N,UI,Nasdaq Trader Symbol Directory
UIS,Unisys Corporation New Common Stock,NYSE,N,N,UIS,Nasdaq Trader Symbol Directory
UK,Ucommune International Ltd  - Class A Ordinary Shares,NASDAQ,N,N,UK,Nasdaq Trader Symbol Directory
ULBI,Ultralife Corporation - Common Stock,NASDAQ,N,N,ULBI,Nasdaq Trader Symbol Directory
ULCC,"Frontier Group Holdings, Inc. - Common Stock",NASDAQ,N,N,ULCC,Nasdaq Trader Symbol Directory
ULH,"Universal Logistics Holdings, Inc. - Common Stock",NASDAQ,N,N,ULH,Nasdaq Trader Symbol Directory
ULS,UL Solutions Inc. Class A Common Stock,NYSE,N,N,ULS,Nasdaq Trader Symbol Directory
ULTA,"Ulta Beauty, Inc. - Common Stock",NASDAQ,N,N,ULTA,Nasdaq Trader Symbol Directory
UMAC,"Unusual Machines, Inc. Common Stock",NYSE American,N,N,UMAC,Nasdaq Trader Symbol Directory
UMBF,UMB Financial Corporation - Common Stock,NASDAQ,N,N,UMBF,Nasdaq Trader Symbol Directory
UMC,United Microelectronics Corporation (NEW) Common Stock,NYSE,N,N,UMC,Nasdaq Trader Symbol Directory
UMH,"UMH Properties, Inc. Common Stock",NYSE,N,N,UMH,Nasdaq Trader Symbol Directory
UNB,"Union Bankshares, Inc. - Common Stock",NASDAQ,N,N,UNB,Nasdaq Trader Symbol Directory
UNCY,"Unicycive Therapeutics, Inc. - Common Stock",NASDAQ,N,N,UNCY,Nasdaq Trader Symbol Directory
UNF,Unifirst Corporation Common Stock,NYSE,N,N,UNF,Nasdaq Trader Symbol Directory
UNFI,"United Natural Foods, Inc. Common Stock",NYSE,N,N,UNFI,Nasdaq Trader Symbol Directory
UNH,UnitedHealth Group Incorporated Common Stock (DE),NYSE,N,N,UNH,Nasdaq Trader Symbol Directory
UNIT,Uniti Group Inc. - Common Stock,NASDAQ,N,N,UNIT,Nasdaq Trader Symbol Directory
UNM,Unum Group Common Stock,NYSE,N,N,UNM,Nasdaq Trader Symbol Directory
UNMA,Unum Group 6.250% Junior Subordinated Notes due 2058,NYSE,N,N,UNMA,Nasdaq Trader Symbol Directory
UNP,Union Pacific Corporation Common Stock,NYSE,N,N,UNP,Nasdaq Trader Symbol Directory
UNTY,"Unity Bancorp, Inc. - Common Stock",NASDAQ,N,N,UNTY,Nasdaq Trader Symbol Directory
UONE,"Urban One, Inc.  - Class A Common Stock",NASDAQ,N,N,UONE,Nasdaq Trader Symbol Directory
UONEK,"Urban One, Inc.  - Class D Common Stock",NASDAQ,N,N,UONEK,Nasdaq Trader Symbol Directory
UP,Wheels Up Experience Inc. Class A Common Stock,NYSE,N,N,UP,Nasdaq Trader Symbol Directory
UPB,"Upstream Bio, Inc. - Common Stock",NASDAQ,N,N,UPB,Nasdaq Trader Symbol Directory
UPBD,"Upbound Group, Inc. - Common Stock",NASDAQ,N,N,UPBD,Nasdaq Trader Symbol Directory
UPC,Universe Pharmaceuticals Inc - Class A Ordinary Shares,NASDAQ,N,N,UPC,Nasdaq Trader Symbol Directory
UPLD,"Upland Software, Inc. - Common Stock",NASDAQ,N,N,UPLD,Nasdaq Trader Symbol Directory
UPS,"United Parcel Service, Inc. Common Stock",NYSE,N,N,UPS,Nasdaq Trader Symbol Directory
UPST,"Upstart Holdings, Inc. - Common stock",NASDAQ,N,N,UPST,Nasdaq Trader Symbol Directory
UPWK,Upwork Inc. - Common Stock,NASDAQ,N,N,UPWK,Nasdaq Trader Symbol Directory
UPXI,"Upexi, Inc. - Common Stock",NASDAQ,N,N,UPXI,Nasdaq Trader Symbol Directory
URBN,"Urban Outfitters, Inc. - Common Stock",NASDAQ,N,N,URBN,Nasdaq Trader Symbol Directory
URG,Ur Energy Inc Common Shares (Canada),NYSE American,N,N,URG,Nasdaq Trader Symbol Directory
URGN,UroGen Pharma Ltd. - Ordinary Shares,NASDAQ,N,N,URGN,Nasdaq Trader Symbol Directory
URI,"United Rentals, Inc. Common Stock",NYSE,N,N,URI,Nasdaq Trader Symbol Directory
UROY,Uranium Royalty Corp. - Common Stock,NASDAQ,N,N,UROY,Nasdaq Trader Symbol Directory
USA,Liberty All-Star Equity Fund Common Stock,NYSE,N,N,USA,Nasdaq Trader Symbol Directory
USAR,"USA Rare Earth, Inc. - Common Stock",NASDAQ,N,N,USAR,Nasdaq Trader Symbol Directory
USAS,"Americas Gold and Silver Corporation Common Shares, no par value",NYSE American,N,N,USAS,Nasdaq Trader Symbol Directory
USAU,U.S. Gold Corp. - Common Stock,NASDAQ,N,N,USAU,Nasdaq Trader Symbol Directory
USB,U.S. Bancorp Common Stock,NYSE,N,N,USB,Nasdaq Trader Symbol Directory
USBC,"USBC, Inc. Common Stock",NYSE American,N,N,USBC,Nasdaq Trader Symbol Directory
USCB,"USCB Financial Holdings, Inc.  - Class A Common Stock",NASDAQ,N,N,USCB,Nasdaq Trader Symbol Directory
USDE,StablecoinX Inc. - Class A Common Stock,NASDAQ,N,N,USDE,Nasdaq Trader Symbol Directory
USEA,United Maritime Corporation - Common Stock,NASDAQ,N,N,USEA,Nasdaq Trader Symbol Directory
USFD,US Foods Holding Corp. Common Stock,NYSE,N,N,USFD,Nasdaq Trader Symbol Directory
USGO,U.S. GoldMining Inc. - Common stock,NASDAQ,N,N,USGO,Nasdaq Trader Symbol Directory
USIO,"Usio, Inc. - Common Stock",NASDAQ,N,N,USIO,Nasdaq Trader Symbol Directory
USLM,"United States Lime & Minerals, Inc. - Common Stock",NASDAQ,N,N,USLM,Nasdaq Trader Symbol Directory
USNA,"USANA Health Sciences, Inc. Common Stock",NYSE,N,N,USNA,Nasdaq Trader Symbol Directory
USPH,"U.S. Physical Therapy, Inc. Common Stock",NYSE,N,N,USPH,Nasdaq Trader Symbol Directory
UTF,"Cohen & Steers Infrastructure Fund, Inc Common Stock",NYSE,N,N,UTF,Nasdaq Trader Symbol Directory
UTG,Reaves Utility Income Fund Common Shares of Beneficial Interest,NYSE American,N,N,UTG,Nasdaq Trader Symbol Directory
UTHR,United Therapeutics Corporation - Common Stock,NASDAQ,N,N,UTHR,Nasdaq Trader Symbol Directory
UTI,Universal Technical Institute Inc Common Stock,NYSE,N,N,UTI,Nasdaq Trader Symbol Directory
UTL,UNITIL Corporation Common Stock,NYSE,N,N,UTL,Nasdaq Trader Symbol Directory
UTMD,"Utah Medical Products, Inc. - Common Stock",NASDAQ,N,N,UTMD,Nasdaq Trader Symbol Directory
UTSI,UTStarcom Holdings Corp - Ordinary Shares,NASDAQ,N,N,UTSI,Nasdaq Trader Symbol Directory
UTZ,Utz Brands Inc Class A Common Stock ,NYSE,N,N,UTZ,Nasdaq Trader Symbol Directory
UUU,"Universal Safety Products, Inc. Common Stock",NYSE American,N,N,UUU,Nasdaq Trader Symbol Directory
UUUU,Energy Fuels Inc Ordinary Shares (Canada),NYSE American,N,N,UUUU,Nasdaq Trader Symbol Directory
UVE,UNIVERSAL INSURANCE HOLDINGS INC Common Stock,NYSE,N,N,UVE,Nasdaq Trader Symbol Directory
UVSP,Univest Financial Corporation - Common Stock,NASDAQ,N,N,UVSP,Nasdaq Trader Symbol Directory
UVV,Universal Corporation Common Stock,NYSE,N,N,UVV,Nasdaq Trader Symbol Directory
UWMC,UWM Holdings Corporation Class A Common Stock,NYSE,N,N,UWMC,Nasdaq Trader Symbol Directory
UZD,"Array Digital Infrastructure, Inc. 6.250% Senior Notes due 2069",NYSE,N,N,UZD,Nasdaq Trader Symbol Directory
UZE,"Array Digital Infrastructure, Inc. 5.500% Senior Notes due 2070",NYSE,N,N,UZE,Nasdaq Trader Symbol Directory
UZF,"Array Digital Infrastructure, Inc. 5.500% Senior Notes due 2070",NYSE,N,N,UZF,Nasdaq Trader Symbol Directory
UZX,Linkage Global Inc - Class A Ordinary Shares,NASDAQ,N,N,UZX,Nasdaq Trader Symbol Directory
V,Visa Inc.,NYSE,N,N,V,Nasdaq Trader Symbol Directory
VABK,Virginia National Bankshares Corporation - Common Stock,NASDAQ,N,N,VABK,Nasdaq Trader Symbol Directory
VAC,Marriott Vacations Worldwide Corporation Common Stock,NYSE,N,N,VAC,Nasdaq Trader Symbol Directory
VAL,Valaris Limited Common Shares,NYSE,N,N,VAL,Nasdaq Trader Symbol Directory
VALU,"Value Line, Inc. - Common Stock",NASDAQ,N,N,VALU,Nasdaq Trader Symbol Directory
VANI,"Vivani Medical, Inc.  - Common Stock",NASDAQ,N,N,VANI,Nasdaq Trader Symbol Directory
VATE,INNOVATE Corp. Common Stock,NYSE,N,N,VATE,Nasdaq Trader Symbol Directory
VBF,Invesco Bond Fund Common Stock,NYSE,N,N,VBF,Nasdaq Trader Symbol Directory
VBIO,"Valion Bio, Inc. - Common stock",NASDAQ,N,N,VBIO,Nasdaq Trader Symbol Directory
VBNK,VersaBank - Common Shares,NASDAQ,N,N,VBNK,Nasdaq Trader Symbol Directory
VC,Visteon Corporation - Common Stock,NASDAQ,N,N,VC,Nasdaq Trader Symbol Directory
VCEL,Vericel Corporation - Common Stock,NASDAQ,N,N,VCEL,Nasdaq Trader Symbol Directory
VCIG,VCI Global Limited - Ordinary Share,NASDAQ,N,N,VCIG,Nasdaq Trader Symbol Directory
VCTR,"Victory Capital Holdings, Inc. - Common Stock",NASDAQ,N,N,VCTR,Nasdaq Trader Symbol Directory
VCV,Invesco California Value Municipal Income Trust Common Stock,NYSE,N,N,VCV,Nasdaq Trader Symbol Directory
VCX,"Fundrise Innovation Fund, LLC Common Shares of Limited Liability Company Interests",NYSE,N,N,VCX,Nasdaq Trader Symbol Directory
VCYT,"Veracyte, Inc. - Common Stock",NASDAQ,N,N,VCYT,Nasdaq Trader Symbol Directory
VECO,Veeco Instruments Inc. - Common Stock,NASDAQ,N,N,VECO,Nasdaq Trader Symbol Directory
VEEA,Veea Inc. - Common Stock,NASDAQ,N,N,VEEA,Nasdaq Trader Symbol Directory
VEEE,Twin Vee PowerCats Co. - Common Stock,NASDAQ,N,N,VEEE,Nasdaq Trader Symbol Directory
VEEV,Veeva Systems Inc. Class A Common Stock,NYSE,N,N,VEEV,Nasdaq Trader Symbol Directory
VEL,"Velocity Financial, Inc. Common Stock",NYSE,N,N,VEL,Nasdaq Trader Symbol Directory
VELO,"Velo3D, Inc. - Common stock",NASDAQ,N,N,VELO,Nasdaq Trader Symbol Directory
VENU,Venu Holding Corporation Common Stock,NYSE American,N,N,VENU,Nasdaq Trader Symbol Directory
VERA,"Vera Therapeutics, Inc. - Class A Common Stock",NASDAQ,N,N,VERA,Nasdaq Trader Symbol Directory
VERI,"Veritone, Inc. - Common Stock",NASDAQ,N,N,VERI,Nasdaq Trader Symbol Directory
VERU,Veru Inc. - Common Stock,NASDAQ,N,N,VERU,Nasdaq Trader Symbol Directory
VERX,"Vertex, Inc. - Class A Common Stock",NASDAQ,N,N,VERX,Nasdaq Trader Symbol Directory
VET,Vermilion Energy Inc. Common (Canada),NYSE,N,N,VET,Nasdaq Trader Symbol Directory
VFC,V.F. Corporation Common Stock,NYSE,N,N,VFC,Nasdaq Trader Symbol Directory
VFF,"Village Farms International, Inc. - Common Shares",NASDAQ,N,N,VFF,Nasdaq Trader Symbol Directory
VFS,VinFast Auto Ltd. - Ordinary Shares,NASDAQ,N,N,VFS,Nasdaq Trader Symbol Directory
VG,"Venture Global, Inc. Class A common stock",NYSE,N,N,VG,Nasdaq Trader Symbol Directory
VGAS,"Verde Clean Fuels, Inc. - Class A Common Stock",NASDAQ,N,N,VGAS,Nasdaq Trader Symbol Directory
VGI,Virtus Global Multi-Sector Income Fund Common Shares of Beneficial Interest,NYSE,N,N,VGI,Nasdaq Trader Symbol Directory
VGM,Invesco Trust for Investment Grade Municipals Common Stock (DE),NYSE,N,N,VGM,Nasdaq Trader Symbol Directory
VGNT,Versigent PLC Ordinary Shares,NYSE,N,N,VGNT,Nasdaq Trader Symbol Directory
VGZ,Vista Gold Corp Common Stock,NYSE American,N,N,VGZ,Nasdaq Trader Symbol Directory
VHC,VirnetX Holding Corp - Common Stock,NASDAQ,N,N,VHC,Nasdaq Trader Symbol Directory
VHCP,Vine Hill Capital Investment Corp. II - Class A Ordinary Shares,NASDAQ,N,N,VHCP,Nasdaq Trader Symbol Directory
VHI,"Valhi, Inc. Common Stock",NYSE,N,N,VHI,Nasdaq Trader Symbol Directory
VHUB,"VenHub Global, Inc. - Common Stock",NASDAQ,N,N,VHUB,Nasdaq Trader Symbol Directory
VIA,"Via Transportation, Inc. Class A Common Stock",NYSE,N,N,VIA,Nasdaq Trader Symbol Directory
VIAV,Viavi Solutions Inc. - Common Stock,NASDAQ,N,N,VIAV,Nasdaq Trader Symbol Directory
VICI,VICI Properties Inc. Common Stock,NYSE,N,N,VICI,Nasdaq Trader Symbol Directory
VICR,Vicor Corporation - Common Stock,NASDAQ,N,N,VICR,Nasdaq Trader Symbol Directory
VIDA,VIDA Global Inc. Class A Common Stock,NYSE American,N,N,VIDA,Nasdaq Trader Symbol Directory
VIK,Viking Holdings Ltd Ordinary Shares,NYSE,N,N,VIK,Nasdaq Trader Symbol Directory
VINP,Vinci Compass Investments Ltd. - Class A Common Shares,NASDAQ,N,N,VINP,Nasdaq Trader Symbol Directory
VIP,Vulcan Infrastructure and Power Inc. - Class A Common Stock,NASDAQ,N,N,VIP,Nasdaq Trader Symbol Directory
VIR,"Vir Biotechnology, Inc. - Common Stock",NASDAQ,N,N,VIR,Nasdaq Trader Symbol Directory
VIRC,Virco Manufacturing Corporation - Common Stock,NASDAQ,N,N,VIRC,Nasdaq Trader Symbol Directory
VIRT,"Virtu Financial, Inc. Class A Common Stock",NYSE,N,N,VIRT,Nasdaq Trader Symbol Directory
VISN,"Vistance Networks, Inc.  - Common Stock",NASDAQ,N,N,VISN,Nasdaq Trader Symbol Directory
VITL,"Vital Farms, Inc. - Common Stock",NASDAQ,N,N,VITL,Nasdaq Trader Symbol Directory
VIVK,"Vivakor, Inc. - Common Stock",NASDAQ,N,N,VIVK,Nasdaq Trader Symbol Directory
VIVO,VivoPower PLC - Class A Ordinary Shares,NASDAQ,N,N,VIVO,Nasdaq Trader Symbol Directory
VIVS,"VivoSim Labs, Inc. - Common Stock",NASDAQ,N,N,VIVS,Nasdaq Trader Symbol Directory
VKI,Invesco Advantage Municipal Income Trust II Common Shares of Beneficial Interest (DE),NYSE American,N,N,VKI,Nasdaq Trader Symbol Directory
VKQ,Invesco Municipal Trust Common Stock,NYSE,N,N,VKQ,Nasdaq Trader Symbol Directory
VKTX,"Viking Therapeutics, Inc. - Common Stock",NASDAQ,N,N,VKTX,Nasdaq Trader Symbol Directory
VLGEA,"Village Super Market, Inc. - Class A Common Stock",NASDAQ,N,N,VLGEA,Nasdaq Trader Symbol Directory
VLN,Valens Semiconductor Ltd. Ordinary Shares,NYSE,N,N,VLN,Nasdaq Trader Symbol Directory
VLO,Valero Energy Corporation Common Stock,NYSE,N,N,VLO,Nasdaq Trader Symbol Directory
VLOS,Velos Acquisition I Corp. - Class A Ordinary shares,NASDAQ,N,N,VLOS,Nasdaq Trader Symbol Directory
VLT,Invesco High Income Trust II,NYSE,N,N,VLT,Nasdaq Trader Symbol Directory
VLTO,Veralto Corp Common Stock ,NYSE,N,N,VLTO,Nasdaq Trader Symbol Directory
VLY,Valley National Bancorp - Common Stock,NASDAQ,N,N,VLY,Nasdaq Trader Symbol Directory
VMAR,Vision Marine Technologies Inc. - Common Shares,NASDAQ,N,N,VMAR,Nasdaq Trader Symbol Directory
VMC,Vulcan Materials Company (Holding Company) Common Stock,NYSE,N,N,VMC,Nasdaq Trader Symbol Directory
VMD,"Viemed Healthcare, Inc. - Common Shares",NASDAQ,N,N,VMD,Nasdaq Trader Symbol Directory
VMET,Versamet Royalties Corporation - Common Stock,NASDAQ,N,N,VMET,Nasdaq Trader Symbol Directory
VMI,"Valmont Industries, Inc. Common Stock",NYSE,N,N,VMI,Nasdaq Trader Symbol Directory
VMO,Invesco Municipal Opportunity Trust Common Stock,NYSE,N,N,VMO,Nasdaq Trader Symbol Directory
VMRK,Vivmark Residential Common Shares of Beneficial Interest,NYSE,N,N,VMRK,Nasdaq Trader Symbol Directory
VNCE,Vince Holding Corp. - Common Stock,NASDAQ,N,N,VNCE,Nasdaq Trader Symbol Directory
VNDA,Vanda Pharmaceuticals Inc. - Common Stock,NASDAQ,N,N,VNDA,Nasdaq Trader Symbol Directory
VNO,Vornado Realty Trust Common Stock,NYSE,N,N,VNO,Nasdaq Trader Symbol Directory
VNOM,"Viper Energy, Inc.  - Class A Common Stock",NASDAQ,N,N,VNOM,Nasdaq Trader Symbol Directory
VNRX,VolitionRX Limited Common Stock,NYSE American,N,N,VNRX,Nasdaq Trader Symbol Directory
VNT,Vontier Corporation Common Stock ,NYSE,N,N,VNT,Nasdaq Trader Symbol Directory
VNTG,Vantage Corp Class A Ordinary Shares,NYSE American,N,N,VNTG,Nasdaq Trader Symbol Directory
VOGX,Vogenx Inc - Common Stock,NASDAQ,N,N,VOGX,Nasdaq Trader Symbol Directory
VOR,Vor Biopharma Inc. - Common Stock,NASDAQ,N,N,VOR,Nasdaq Trader Symbol Directory
VOXR,Vox Royalty Corp. - common stock,NASDAQ,N,N,VOXR,Nasdaq Trader Symbol Directory
VOYA,"Voya Financial, Inc. Common Stock",NYSE,N,N,VOYA,Nasdaq Trader Symbol Directory
VOYG,"Voyager Technologies, Inc. Class A Common Stock",NYSE,N,N,VOYG,Nasdaq Trader Symbol Directory
VPG,"Vishay Precision Group, Inc. Common Stock",NYSE,N,N,VPG,Nasdaq Trader Symbol Directory
VPV,Invesco Pennsylvania Value Municipal Income Trust Common Stock (DE),NYSE,N,N,VPV,Nasdaq Trader Symbol Directory
VRA,"Vera Bradley, Inc. - Common Stock",NASDAQ,N,N,VRA,Nasdaq Trader Symbol Directory
VRAX,Virax Biolabs Group Limited - Ordinary Shares,NASDAQ,N,N,VRAX,Nasdaq Trader Symbol Directory
VRCA,Verrica Pharmaceuticals Inc. - Common Stock,NASDAQ,N,N,VRCA,Nasdaq Trader Symbol Directory
VRDN,"Viridian Therapeutics, Inc.  - Common Stock",NASDAQ,N,N,VRDN,Nasdaq Trader Symbol Directory
VREX,Varex Imaging Corporation - Common Stock,NASDAQ,N,N,VREX,Nasdaq Trader Symbol Directory
VRM,"Vroom, Inc. - Common Stock",NASDAQ,N,N,VRM,Nasdaq Trader Symbol Directory
VRME,"VerifyMe, Inc. - Common Stock",NASDAQ,N,N,VRME,Nasdaq Trader Symbol Directory
VRNS,"Varonis Systems, Inc. - Common Stock",NASDAQ,N,N,VRNS,Nasdaq Trader Symbol Directory
VRRM,Verra Mobility Corporation - Class A Common Stock,NASDAQ,N,N,VRRM,Nasdaq Trader Symbol Directory
VRSK,"Verisk Analytics, Inc. - Common Stock",NASDAQ,N,N,VRSK,Nasdaq Trader Symbol Directory
VRSN,"VeriSign, Inc. - Common Stock",NASDAQ,N,N,VRSN,Nasdaq Trader Symbol Directory
VRT,"Vertiv Holdings, LLC Class A Common Stock",NYSE,N,N,VRT,Nasdaq Trader Symbol Directory
VRTS,"Virtus Investment Partners, Inc. Common Stock",NYSE,N,N,VRTS,Nasdaq Trader Symbol Directory
VRTX,Vertex Pharmaceuticals Incorporated - Common Stock,NASDAQ,N,N,VRTX,Nasdaq Trader Symbol Directory
VRXA,Veraxa Biotech AG - Ordinary Shares,NASDAQ,N,N,VRXA,Nasdaq Trader Symbol Directory
VS,Versus Systems Inc. - Common Stock,NASDAQ,N,N,VS,Nasdaq Trader Symbol Directory
VSAT,"ViaSat, Inc. - Common Stock",NASDAQ,N,N,VSAT,Nasdaq Trader Symbol Directory
VSEC,VSE Corporation - Common Stock,NASDAQ,N,N,VSEC,Nasdaq Trader Symbol Directory
VSH,"Vishay Intertechnology, Inc. Common Stock",NYSE,N,N,VSH,Nasdaq Trader Symbol Directory
VSME,VS Media Holdings Limited - Class A Ordinary Shares,NASDAQ,N,N,VSME,Nasdaq Trader Symbol Directory
VSNT,"Versant Media Group, Inc. - Class A Common Stock",NASDAQ,N,N,VSNT,Nasdaq Trader Symbol Directory
VST,Vistra Corp. Common Stock,NYSE,N,N,VST,Nasdaq Trader Symbol Directory
VSTM,"Verastem, Inc. - Common Stock",NASDAQ,N,N,VSTM,Nasdaq Trader Symbol Directory
VSTS,Vestis Corporation Common Stock,NYSE,N,N,VSTS,Nasdaq Trader Symbol Directory
VSXY,Victorias Secret & Co. Common Stock ,NYSE,N,N,VSXY,Nasdaq Trader Symbol Directory
VTAK,"Catheter Precision, Inc. Common Stock",NYSE American,N,N,VTAK,Nasdaq Trader Symbol Directory
VTEX,VTEX Class A Common Shares,NYSE,N,N,VTEX,Nasdaq Trader Symbol Directory
VTGN,"Vistagen Therapeutics, Inc. - Common Stock",NASDAQ,N,N,VTGN,Nasdaq Trader Symbol Directory
VTIX,Virtuix Holdings Inc. - Class A Common Stock,NASDAQ,N,N,VTIX,Nasdaq Trader Symbol Directory
VTN,Invesco Trust for Investment Grade New York Municipals Common Stock,NYSE,N,N,VTN,Nasdaq Trader Symbol Directory
VTOL,"Bristow Group, Inc. Common Stock",NYSE,N,N,VTOL,Nasdaq Trader Symbol Directory
VTR,"Ventas, Inc. Common Stock",NYSE,N,N,VTR,Nasdaq Trader Symbol Directory
VTRS,Viatris Inc. - Common Stock,NASDAQ,N,N,VTRS,Nasdaq Trader Symbol Directory
VTS,"Vitesse Energy, Inc. Common Stock",NYSE,N,N,VTS,Nasdaq Trader Symbol Directory
VTSI,"VirTra, Inc. - Common Stock",NASDAQ,N,N,VTSI,Nasdaq Trader Symbol Directory
VTVT,vTv Therapeutics Inc. - Class A Common Stock,NASDAQ,N,N,VTVT,Nasdaq Trader Symbol Directory
VUZI,Vuzix Corporation  - Common Stock,NASDAQ,N,N,VUZI,Nasdaq Trader Symbol Directory
VVOS,"Vivos Therapeutics, Inc. - Common Stock",NASDAQ,N,N,VVOS,Nasdaq Trader Symbol Directory
VVR,Invesco Senior Income Trust Common Stock (DE),NYSE,N,N,VVR,Nasdaq Trader Symbol Directory
VVV,Valvoline Inc. Common Stock,NYSE,N,N,VVV,Nasdaq Trader Symbol Directory
VVX,"V2X, Inc. Common Stock",NYSE,N,N,VVX,Nasdaq Trader Symbol Directory
VWAV,"VisionWave Holdings, Inc. - Common Stock",NASDAQ,N,N,VWAV,Nasdaq Trader Symbol Directory
VXX,iPath Series B S&P 500 VIX Short-Term Futures ETN,Cboe,N,N,VXX,Nasdaq Trader Symbol Directory
VXZ,iPath Series B S&P 500 VIX Mid-Term Futures ETN,Cboe,N,N,VXZ,Nasdaq Trader Symbol Directory
VYGR,"Voyager Therapeutics, Inc. - Common Stock",NASDAQ,N,N,VYGR,Nasdaq Trader Symbol Directory
VYX,NCR Voyix Corporation Common Stock,NYSE,N,N,VYX,Nasdaq Trader Symbol Directory
VZ,Verizon Communications Inc. Common Stock,NYSE,N,N,VZ,Nasdaq Trader Symbol Directory
VZLA,Vizsla Silver Corp. Common Shares,NYSE American,N,N,VZLA,Nasdaq Trader Symbol Directory
W,Wayfair Inc. Class A Common Stock,NYSE,N,N,W,Nasdaq Trader Symbol Directory
WAB,Westinghouse Air Brake Technologies Corporation Common Stock,NYSE,N,N,WAB,Nasdaq Trader Symbol Directory
WABC,Westamerica Bancorporation - Common Stock,NASDAQ,N,N,WABC,Nasdaq Trader Symbol Directory
WAFD,"WaFd, Inc. - Common Stock",NASDAQ,N,N,WAFD,Nasdaq Trader Symbol Directory
WAFU,Wah Fu Education Group Limited - Ordinary Shares,NASDAQ,N,N,WAFU,Nasdaq Trader Symbol Directory
WAL,Western Alliance Bancorporation Common Stock (DE),NYSE,N,N,WAL,Nasdaq Trader Symbol Directory
WALD,Waldencast plc - Class A Ordinary Share,NASDAQ,N,N,WALD,Nasdaq Trader Symbol Directory
WASH,"Washington Trust Bancorp, Inc. - Common Stock",NASDAQ,N,N,WASH,Nasdaq Trader Symbol Directory
WAT,Waters Corporation Common Stock,NYSE,N,N,WAT,Nasdaq Trader Symbol Directory
WATR,Air Water Ventures Limited - Ordinary Shares,NASDAQ,N,N,WATR,Nasdaq Trader Symbol Directory
WATT,Energous Corporation - Common Stock,NASDAQ,N,N,WATT,Nasdaq Trader Symbol Directory
WAY,Waystar Holding Corp. - Common Stock,NASDAQ,N,N,WAY,Nasdaq Trader Symbol Directory
WBD,"Warner Bros. Discovery, Inc. - Series A Common Stock",NASDAQ,N,N,WBD,Nasdaq Trader Symbol Directory
WBI,WaterBridge Infrastructure LLC Class A Shares Representing Limited Liability Company Interests,NYSE,N,N,WBI,Nasdaq Trader Symbol Directory
WBTN,WEBTOON Entertainment Inc. - Common stock,NASDAQ,N,N,WBTN,Nasdaq Trader Symbol Directory
WBUY,WEBUY GLOBAL LTD. - Class A Ordinary Shares,NASDAQ,N,N,WBUY,Nasdaq Trader Symbol Directory
WBX,Wallbox N.V. Class A Ordinary Shares,NYSE,N,N,WBX,Nasdaq Trader Symbol Directory
WCC,"WESCO International, Inc. Common Stock",NYSE,N,N,WCC,Nasdaq Trader Symbol Directory
WCN,"Waste Connections, Inc. Common Shares",NYSE,N,N,WCN,Nasdaq Trader Symbol Directory
WCT,Wellchange Holdings Company Limited - Class A Ordinary shares,NASDAQ,N,N,WCT,Nasdaq Trader Symbol Directory
WD,"Walker & Dunlop, Inc Common Stock",NYSE,N,N,WD,Nasdaq Trader Symbol Directory
WDAY,"Workday, Inc. - Class A Common Stock",NASDAQ,N,N,WDAY,Nasdaq Trader Symbol Directory
WDC,Western Digital Corporation - Common Stock,NASDAQ,N,N,WDC,Nasdaq Trader Symbol Directory
WDFC,WD-40 Company - Common Stock,NASDAQ,N,N,WDFC,Nasdaq Trader Symbol Directory
WDI,Western Asset Diversified Income Fund Common Shares of Beneficial Interest,NYSE,N,N,WDI,Nasdaq Trader Symbol Directory
WEA,Western Asset Bond Fund Share of Beneficial Interest,NYSE,N,N,WEA,Nasdaq Trader Symbol Directory
WEAV,"Weave Communications, Inc. Common Stock",NYSE,N,N,WEAV,Nasdaq Trader Symbol Directory
WEC,"WEC Energy Group, Inc. Common Stock",NYSE,N,N,WEC,Nasdaq Trader Symbol Directory
WELL,Welltower Inc. Common Stock,NYSE,N,N,WELL,Nasdaq Trader Symbol Directory
WEN,Wendy's Company (The) - Common Stock,NASDAQ,N,N,WEN,Nasdaq Trader Symbol Directory
WENC,West Enclave Merger Corp. Ordinary Shares,NYSE,N,N,WENC,Nasdaq Trader Symbol Directory
WERN,"Werner Enterprises, Inc. - Common Stock",NASDAQ,N,N,WERN,Nasdaq Trader Symbol Directory
WEST,Westrock Coffee Company - Common Stock,NASDAQ,N,N,WEST,Nasdaq Trader Symbol Directory
WETH,Wetouch Technology Inc. - Common Stock,NASDAQ,N,N,WETH,Nasdaq Trader Symbol Directory
WETO,Wetour Robotics Limited - Ordinary Shares,NASDAQ,N,N,WETO,Nasdaq Trader Symbol Directory
WEX,WEX Inc. common stock,NYSE,N,N,WEX,Nasdaq Trader Symbol Directory
WEYS,"Weyco Group, Inc. - Common Stock",NASDAQ,N,N,WEYS,Nasdaq Trader Symbol Directory
WFC,Wells Fargo & Company Common Stock,NYSE,N,N,WFC,Nasdaq Trader Symbol Directory
WFCF,"Where Food Comes From, Inc. - Common Stock",NASDAQ,N,N,WFCF,Nasdaq Trader Symbol Directory
WFF,WF Holding Limited - Ordinary Shares,NASDAQ,N,N,WFF,Nasdaq Trader Symbol Directory
WFG,West Fraser Timber Co. Ltd Common stock,NYSE,N,N,WFG,Nasdaq Trader Symbol Directory
WFRD,Weatherford International plc - Ordinary shares,NASDAQ,N,N,WFRD,Nasdaq Trader Symbol Directory
WGO,"Winnebago Industries, Inc. Common Stock",NYSE,N,N,WGO,Nasdaq Trader Symbol Directory
WGS,GeneDx Holdings Corp. - Class A Common Stock,NASDAQ,N,N,WGS,Nasdaq Trader Symbol Directory
WH,"Wyndham Hotels & Resorts, Inc. Common Stock ",NYSE,N,N,WH,Nasdaq Trader Symbol Directory
WHD,"Cactus, Inc. Class A Common Stock",NYSE,N,N,WHD,Nasdaq Trader Symbol Directory
WHF,"WhiteHorse Finance, Inc. - Closed End Fund",NASDAQ,N,N,WHF,Nasdaq Trader Symbol Directory
WHFCL,"WhiteHorse Finance, Inc. - 7.875% Notes due 2028",NASDAQ,N,N,WHFCL,Nasdaq Trader Symbol Directory
WHG,Westwood Holdings Group Inc Common Stock,NYSE,N,N,WHG,Nasdaq Trader Symbol Directory
WHK,WhiteHawk Minerals Corp Class A Common Stock,NYSE,N,N,WHK,Nasdaq Trader Symbol Directory
WHLR,"Wheeler Real Estate Investment Trust, Inc. - Common Stock",NASDAQ,N,N,WHLR,Nasdaq Trader Symbol Directory
WHLRL,"Wheeler Real Estate Investment Trust, Inc. - 7.00% Senior Subordinated Convertible Notes Due 2031",NASDAQ,N,N,WHLRL,Nasdaq Trader Symbol Directory
WHR,Whirlpool Corporation Common Stock,NYSE,N,N,WHR,Nasdaq Trader Symbol Directory
WHWK,"Whitehawk Therapeutics, Inc. - Common Stock",NASDAQ,N,N,WHWK,Nasdaq Trader Symbol Directory
WIA,Western Asset Inflation-Linked Income Fund,NYSE,N,N,WIA,Nasdaq Trader Symbol Directory
WILC,"G. Willi-Food International,  Ltd. - Ordinary Shares",NASDAQ,N,N,WILC,Nasdaq Trader Symbol Directory
WIMI,WiMi Hologram Cloud Inc. - Class B Ordinary Shares,NASDAQ,N,N,WIMI,Nasdaq Trader Symbol Directory
WINA,Winmark Corporation - Common Stock,NASDAQ,N,N,WINA,Nasdaq Trader Symbol Directory
WING,Wingstop Inc. - Common Stock,NASDAQ,N,N,WING,Nasdaq Trader Symbol Directory
WIT,Wipro Limited Common Stock,NYSE,N,N,WIT,Nasdaq Trader Symbol Directory
WIW,Western Asset Inflation-Linked Opportunities & Income Fund,NYSE,N,N,WIW,Nasdaq Trader Symbol Directory
WIX,Wix.com Ltd. - Ordinary Shares,NASDAQ,N,N,WIX,Nasdaq Trader Symbol Directory
WK,Workiva Inc. Class A Common Stock,NYSE,N,N,WK,Nasdaq Trader Symbol Directory
WKC,World Kinect Corporation Common Stock,NYSE,N,N,WKC,Nasdaq Trader Symbol Directory
WKHS,"Workhorse Group, Inc. - Common Stock",NASDAQ,N,N,WKHS,Nasdaq Trader Symbol Directory
WKSP,"Worksport, Ltd. - Common Stock",NASDAQ,N,N,WKSP,Nasdaq Trader Symbol Directory
WLCO,Wilco 63 Corporation - Class A Ordinary Shares,NASDAQ,N,N,WLCO,Nasdaq Trader Symbol Directory
WLDN,"Willdan Group, Inc. - Common Stock",NASDAQ,N,N,WLDN,Nasdaq Trader Symbol Directory
WLDS,Wearable Devices Ltd. - Ordinary Share,NASDAQ,N,N,WLDS,Nasdaq Trader Symbol Directory
WLFC,Willis Lease Finance Corporation - Common Stock,NASDAQ,N,N,WLFC,Nasdaq Trader Symbol Directory
WLK,Westlake Corporation Common Stock,NYSE,N,N,WLK,Nasdaq Trader Symbol Directory
WLTH,Wealthfront Corporation - Common Stock,NASDAQ,N,N,WLTH,Nasdaq Trader Symbol Directory
WLY,"John Wiley & Sons, Inc. Common Stock",NYSE,N,N,WLY,Nasdaq Trader Symbol Directory
WLYB,"John Wiley & Sons, Inc. Common Stock",NYSE,N,N,WLYB,Nasdaq Trader Symbol Directory
WM,"Waste Management, Inc. Common Stock",NYSE,N,N,WM,Nasdaq Trader Symbol Directory
WMB,"Williams Companies, Inc. (The) Common Stock",NYSE,N,N,WMB,Nasdaq Trader Symbol Directory
WMG,Warner Music Group Corp. - Class A Common Stock,NASDAQ,N,N,WMG,Nasdaq Trader Symbol Directory
WMK,"Weis Markets, Inc. Common Stock",NYSE,N,N,WMK,Nasdaq Trader Symbol Directory
WMS,"Advanced Drainage Systems, Inc. Common Stock",NYSE,N,N,WMS,Nasdaq Trader Symbol Directory
WMT,Walmart Inc. - Common Stock,NASDAQ,N,N,WMT,Nasdaq Trader Symbol Directory
WNC,Wabash National Corporation Common Stock,NYSE,N,N,WNC,Nasdaq Trader Symbol Directory
WNEB,"Western New England Bancorp, Inc. - Common Stock",NASDAQ,N,N,WNEB,Nasdaq Trader Symbol Directory
WNW,Meiwu Technology Company Limited - Ordinary Shares,NASDAQ,N,N,WNW,Nasdaq Trader Symbol Directory
WOK,WORK Medical Technology Group LTD - Class A Ordinary Shares,NASDAQ,N,N,WOK,Nasdaq Trader Symbol Directory
WOLF,"Wolfspeed, Inc. Common Stock New",NYSE,N,N,WOLF,Nasdaq Trader Symbol Directory
WOOF,"Petco Health and Wellness Company, Inc. - Class A Common Stock",NASDAQ,N,N,WOOF,Nasdaq Trader Symbol Directory
WOR,"Worthington Enterprises, Inc. Common Shares",NYSE,N,N,WOR,Nasdaq Trader Symbol Directory
WPC,W. P. Carey Inc. REIT,NYSE,N,N,WPC,Nasdaq Trader Symbol Directory
WPM,Wheaton Precious Metals Corp Common Shares (Canada),NYSE,N,N,WPM,Nasdaq Trader Symbol Directory
WPRT,Westport Fuel Systems Inc - Common Shares,NASDAQ,N,N,WPRT,Nasdaq Trader Symbol Directory
WRAP,"Wrap Technologies, Inc. - Common Stock",NASDAQ,N,N,WRAP,Nasdaq Trader Symbol Directory
WRB,W.R. Berkley Corporation Common Stock,NYSE,N,N,WRB,Nasdaq Trader Symbol Directory
WRBY,Warby Parker Inc. Class A Common Stock,NYSE,N,N,WRBY,Nasdaq Trader Symbol Directory
WRLD,World Acceptance Corporation - Common Stock,NASDAQ,N,N,WRLD,Nasdaq Trader Symbol Directory
WRN,Western Copper and Gold Corporation Common Stock,NYSE American,N,N,WRN,Nasdaq Trader Symbol Directory
WS,"Worthington Steel, Inc. Common Shares",NYSE,N,N,WS,Nasdaq Trader Symbol Directory
WSBC,"WesBanco, Inc. - Common Stock",NASDAQ,N,N,WSBC,Nasdaq Trader Symbol Directory
WSBF,"Waterstone Financial, Inc. - Common Stock",NASDAQ,N,N,WSBF,Nasdaq Trader Symbol Directory
WSBK,"Winchester Bancorp, Inc. - Common Stock",NASDAQ,N,N,WSBK,Nasdaq Trader Symbol Directory
WSC,WillScot Holdings Corporation - Class A Common Stock,NASDAQ,N,N,WSC,Nasdaq Trader Symbol Directory
WSE,Wise Group plc - Class A Ordinary Shares,NASDAQ,N,N,WSE,Nasdaq Trader Symbol Directory
WSFS,WSFS Financial Corporation - Common Stock,NASDAQ,N,N,WSFS,Nasdaq Trader Symbol Directory
WSHP,WeShop Holdings Limited - Class A Ordinary Shares,NASDAQ,N,N,WSHP,Nasdaq Trader Symbol Directory
WSM,"Williams-Sonoma, Inc. Common Stock (DE)",NYSE,N,N,WSM,Nasdaq Trader Symbol Directory
WSO,"Watsco, Inc. Common Stock",NYSE,N,N,WSO,Nasdaq Trader Symbol Directory
WSO.B,"Watsco, Inc. Class B Common Stock",NYSE,N,N,WSO_B,Nasdaq Trader Symbol Directory
WST,"West Pharmaceutical Services, Inc. Common Stock",NYSE,N,N,WST,Nasdaq Trader Symbol Directory
WT,"WisdomTree, Inc. Common Stock",NYSE,N,N,WT,Nasdaq Trader Symbol Directory
WTBA,West Bancorporation - Common Stock,NASDAQ,N,N,WTBA,Nasdaq Trader Symbol Directory
WTF,Waton Financial Limited - Ordinary Shares,NASDAQ,N,N,WTF,Nasdaq Trader Symbol Directory
WTFC,Wintrust Financial Corporation - Common Stock,NASDAQ,N,N,WTFC,Nasdaq Trader Symbol Directory
WTI,"W&T Offshore, Inc. Common Stock",NYSE,N,N,WTI,Nasdaq Trader Symbol Directory
WTM,"White Mountains Insurance Group, Ltd. Common Stock",NYSE,N,N,WTM,Nasdaq Trader Symbol Directory
WTRG,"Essential Utilities, Inc. Common Stock",NYSE,N,N,WTRG,Nasdaq Trader Symbol Directory
WTS,"Watts Water Technologies, Inc. Class A Common Stock",NYSE,N,N,WTS,Nasdaq Trader Symbol Directory
WTTR,"Select Water Solutions, Inc. Class A common stock",NYSE,N,N,WTTR,Nasdaq Trader Symbol Directory
WTW,Willis Towers Watson Public Limited Company - Ordinary Shares,NASDAQ,N,N,WTW,Nasdaq Trader Symbol Directory
WU,Western Union Company (The) Common Stock,NYSE,N,N,WU,Nasdaq Trader Symbol Directory
WULF,TeraWulf Inc. - Common Stock,NASDAQ,N,N,WULF,Nasdaq Trader Symbol Directory
WVE,"Wave Life Sciences, Inc. - Common Stock",NASDAQ,N,N,WVE,Nasdaq Trader Symbol Directory
WVVI,"Willamette Valley Vineyards, Inc. - Common Stock",NASDAQ,N,N,WVVI,Nasdaq Trader Symbol Directory
WW,"WW International, Inc.  - Common Stock",NASDAQ,N,N,WW,Nasdaq Trader Symbol Directory
WWD,"Woodward, Inc. - Common Stock",NASDAQ,N,N,WWD,Nasdaq Trader Symbol Directory
WWR,"Westwater Resources, Inc. Common Stock",NYSE American,N,N,WWR,Nasdaq Trader Symbol Directory
WWW,"Wolverine World Wide, Inc. Common Stock",NYSE,N,N,WWW,Nasdaq Trader Symbol Directory
WXM,WF International Limited - Ordinary Shares,NASDAQ,N,N,WXM,Nasdaq Trader Symbol Directory
WY,Weyerhaeuser Company Common Stock,NYSE,N,N,WY,Nasdaq Trader Symbol Directory
WYFI,"WhiteFiber, Inc. - Ordinary Shares",NASDAQ,N,N,WYFI,Nasdaq Trader Symbol Directory
WYNN,"Wynn Resorts, Limited - Common Stock",NASDAQ,N,N,WYNN,Nasdaq Trader Symbol Directory
WYY,WidePoint Corporation Common Stock,NYSE American,N,N,WYY,Nasdaq Trader Symbol Directory
XAIR,"Beyond Air, Inc. - Common Stock",NASDAQ,N,N,XAIR,Nasdaq Trader Symbol Directory
XBIO,"Xenetic Biosciences, Inc. - Common Stock",NASDAQ,N,N,XBIO,Nasdaq Trader Symbol Directory
XBIT,XBiotech Inc. - Common Stock,NASDAQ,N,N,XBIT,Nasdaq Trader Symbol Directory
XBP,"XBP Global Holdings, Inc. - Common Stock",NASDAQ,N,N,XBP,Nasdaq Trader Symbol Directory
XCH,XCHG Limited - ADS,NASDAQ,N,N,XCH,Nasdaq Trader Symbol Directory
XCUR,"Exicure, Inc. - Common Stock",NASDAQ,N,N,XCUR,Nasdaq Trader Symbol Directory
XE,"X-Energy, Inc. - Class A Common Stock",NASDAQ,N,N,XE,Nasdaq Trader Symbol Directory
XEL,Xcel Energy Inc. - Common Stock,NASDAQ,N,N,XEL,Nasdaq Trader Symbol Directory
XELB,"Xcel Brands, Inc - Common Stock",NASDAQ,N,N,XELB,Nasdaq Trader Symbol Directory
XELLL,"Xcel Energy Inc. - 6.25% Junior Subordinated Notes, Series due 2085",NASDAQ,N,N,XELLL,Nasdaq Trader Symbol Directory
XENE,Xenon Pharmaceuticals Inc. - Common Shares,NASDAQ,N,N,XENE,Nasdaq Trader Symbol Directory
XERS,"Xeris Biopharma Holdings, Inc. - Common Stock",NASDAQ,N,N,XERS,Nasdaq Trader Symbol Directory
XFLH,XFLH Capital Corporation Ordinary Shares,NYSE,N,N,XFLH,Nasdaq Trader Symbol Directory
XFLT,XAI Floating Rate & Alternative Income Trust Common Shares of Beneficial Interest,NYSE,N,N,XFLT,Nasdaq Trader Symbol Directory
XFOR,"X4 Pharmaceuticals, Inc. - Common Stock",NASDAQ,N,N,XFOR,Nasdaq Trader Symbol Directory
XGN,Exagen Inc. - Common Stock,NASDAQ,N,N,XGN,Nasdaq Trader Symbol Directory
XHLD,"TEN Holdings, Inc. - Common Stock",NASDAQ,N,N,XHLD,Nasdaq Trader Symbol Directory
XHR,"Xenia Hotels & Resorts, Inc. Common Stock",NYSE,N,N,XHR,Nasdaq Trader Symbol Directory
XLO,"Xilio Therapeutics, Inc. - Common Stock",NASDAQ,N,N,XLO,Nasdaq Trader Symbol Directory
XMAX,"XMAX, Inc. - Common Stock",NASDAQ,N,N,XMAX,Nasdaq Trader Symbol Directory
XMTR,"Xometry, Inc. - Class A Common Stock",NASDAQ,N,N,XMTR,Nasdaq Trader Symbol Directory
XNCR,"Xencor, Inc. - Common Stock",NASDAQ,N,N,XNCR,Nasdaq Trader Symbol Directory
XNDU,Xanadu Quantum Technologies Limited - Class B Subordinate Voting Shares,NASDAQ,N,N,XNDU,Nasdaq Trader Symbol Directory
XOM,ExxonMobil Holdings Corporation Common Stock,NYSE,N,N,XOM,Nasdaq Trader Symbol Directory
XOS,"Xos, Inc. - Common Stock",NASDAQ,N,N,XOS,Nasdaq Trader Symbol Directory
XP,XP Inc. - Class A Common Stock,NASDAQ,N,N,XP,Nasdaq Trader Symbol Directory
XPEL,"XPEL, Inc. - Common Stock",NASDAQ,N,N,XPEL,Nasdaq Trader Symbol Directory
XPER,Xperi Inc. Common Stock ,NYSE,N,N,XPER,Nasdaq Trader Symbol Directory
XPL,Solitario Resources Corp. Common Stock,NYSE American,N,N,XPL,Nasdaq Trader Symbol Directory
XPO,"XPO, Inc. Common Stock",NYSE,N,N,XPO,Nasdaq Trader Symbol Directory
XPOF,"Xponential Fitness, Inc. Class A Common Stock",NYSE,N,N,XPOF,Nasdaq Trader Symbol Directory
XPON,Expion360 Inc. - Common Stock,NASDAQ,N,N,XPON,Nasdaq Trader Symbol Directory
XPRO,Expro Ltd Ordinary Shares,NYSE,N,N,XPRO,Nasdaq Trader Symbol Directory
XRAY,DENTSPLY SIRONA Inc. - Common Stock,NASDAQ,N,N,XRAY,Nasdaq Trader Symbol Directory
XRN,Chiron Real Estate Inc. Common Stock,NYSE,N,N,XRN,Nasdaq Trader Symbol Directory
XRTX,XORTX Therapeutics Inc. - Common Shares,NASDAQ,N,N,XRTX,Nasdaq Trader Symbol Directory
XRX,Xerox Holdings Corporation - Common Stock,NASDAQ,N,N,XRX,Nasdaq Trader Symbol Directory
XSLL,Xsolla SPAC 1 - Class A Ordinary Shares,NASDAQ,N,N,XSLL,Nasdaq Trader Symbol Directory
XTIA,"XTI Aerospace, Inc. Common Stock  - Common Stock",NASDAQ,N,N,XTIA,Nasdaq Trader Symbol Directory
XTNT,"Xtant Medical Holdings, Inc. Common Stock",NYSE American,N,N,XTNT,Nasdaq Trader Symbol Directory
XWEL,"XWELL, Inc. - Common Stock",NASDAQ,N,N,XWEL,Nasdaq Trader Symbol Directory
XXI,"Twenty One Capital, Inc. Class A Common Stock",NYSE,N,N,XXI,Nasdaq Trader Symbol Directory
XXII,"22nd Century Group, Inc - Common Stock",NASDAQ,N,N,XXII,Nasdaq Trader Symbol Directory
XYL,Xylem Inc. Common Stock New,NYSE,N,N,XYL,Nasdaq Trader Symbol Directory
XYZ,"Block, Inc. Class A Common Stock,",NYSE,N,N,XYZ,Nasdaq Trader Symbol Directory
XZO,"Exzeo Group, Inc. Common Stock",NYSE,N,N,XZO,Nasdaq Trader Symbol Directory
YAAS,Youxin Technology Ltd - Class A Ordinary shares,NASDAQ,N,N,YAAS,Nasdaq Trader Symbol Directory
YARW,"Yarrow Bioscience, Inc. - Common Stock",NASDAQ,N,N,YARW,Nasdaq Trader Symbol Directory
YCBD,"cbdMD, Inc. Common Stock",NYSE American,N,N,YCBD,Nasdaq Trader Symbol Directory
YDDL,One and One Green Technologies. INC - Class A Ordinary Shares,NASDAQ,N,N,YDDL,Nasdaq Trader Symbol Directory
YDES,YD Bio Limited - Ordinary Shares,NASDAQ,N,N,YDES,Nasdaq Trader Symbol Directory
YDKG,Yueda Digital Holding - Class A Ordinary Share,NASDAQ,N,N,YDKG,Nasdaq Trader Symbol Directory
YELP,Yelp Inc. Common Stock,NYSE,N,N,YELP,Nasdaq Trader Symbol Directory
YETI,"YETI Holdings, Inc. Common Stock",NYSE,N,N,YETI,Nasdaq Trader Symbol Directory
YEXT,"Yext, Inc. Common Stock",NYSE,N,N,YEXT,Nasdaq Trader Symbol Directory
YHC,LQR House Inc. - Common Stock,NASDAQ,N,N,YHC,Nasdaq Trader Symbol Directory
YHGJ,Yunhong Green CTI Ltd. - Common Stock,NASDAQ,N,N,YHGJ,Nasdaq Trader Symbol Directory
YHNA,YHN Acquisition I Limited - Ordinary Shares,NASDAQ,N,N,YHNA,Nasdaq Trader Symbol Directory
YIBO,Planet Image International Limited - Class A Ordinary Shares,NASDAQ,N,N,YIBO,Nasdaq Trader Symbol Directory
YICC,Yorkville International Capital Corp. - Class A Ordinary Shares,NASDAQ,N,N,YICC,Nasdaq Trader Symbol Directory
YJ,Yunji Inc. - American Depository Shares,NASDAQ,N,N,YJ,Nasdaq Trader Symbol Directory
YMAT,"J-Star Holding Co., Ltd. - Class A Ordinary Shares",NASDAQ,N,N,YMAT,Nasdaq Trader Symbol Directory
YORW,The York Water Company - Common Stock,NASDAQ,N,N,YORW,Nasdaq Trader Symbol Directory
YOU,"Clear Secure, Inc. Class A Common Stock",NYSE,N,N,YOU,Nasdaq Trader Symbol Directory
YSS,York Space Systems Inc. Common Stock,NYSE,N,N,YSS,Nasdaq Trader Symbol Directory
YSWY,"Yesway, Inc. - Class A Common Stock",NASDAQ,N,N,YSWY,Nasdaq Trader Symbol Directory
YSXT,"YSX Tech. Co., Ltd  - Class A Ordinary Shares",NASDAQ,N,N,YSXT,Nasdaq Trader Symbol Directory
YTRA,"Yatra Online, Inc. - Ordinary Shares",NASDAQ,N,N,YTRA,Nasdaq Trader Symbol Directory
YUM,"Yum! Brands, Inc.",NYSE,N,N,YUM,Nasdaq Trader Symbol Directory
YUMC,"Yum China Holdings, Inc. Common Stock",NYSE,N,N,YUMC,Nasdaq Trader Symbol Directory
YXT,YXT.COM GROUP HOLDING LIMITED - American Depository Shares,NASDAQ,N,N,YXT,Nasdaq Trader Symbol Directory
YYAI,AiRWA Inc. - Common Stock,NASDAQ,N,N,YYAI,Nasdaq Trader Symbol Directory
YYGH,YY Group Holding Limited - Class A Ordinary Shares,NASDAQ,N,N,YYGH,Nasdaq Trader Symbol Directory
Z,"Zillow Group, Inc. - Class C Capital Stock",NASDAQ,N,N,Z,Nasdaq Trader Symbol Directory
ZBAO,Zhibao Technology Inc. - Class A Ordinary Shares,NASDAQ,N,N,ZBAO,Nasdaq Trader Symbol Directory
ZBH,"Zimmer Biomet Holdings, Inc. Common Stock",NYSE,N,N,ZBH,Nasdaq Trader Symbol Directory
ZBIO,"Zenas BioPharma, Inc. - Common Stock",NASDAQ,N,N,ZBIO,Nasdaq Trader Symbol Directory
ZBRA,Zebra Technologies Corporation - Class A Common Stock,NASDAQ,N,N,ZBRA,Nasdaq Trader Symbol Directory
ZCMD,Zhongchao Inc. - Class A Ordinary Shares,NASDAQ,N,N,ZCMD,Nasdaq Trader Symbol Directory
ZD,"Ziff Davis, Inc. - Common Stock",NASDAQ,N,N,ZD,Nasdaq Trader Symbol Directory
ZDAI,"DirectBooking Technology Co., Ltd. - Class A Ordinary Shares",NASDAQ,N,N,ZDAI,Nasdaq Trader Symbol Directory
ZDGE,"Zedge, Inc. Class B Common Stock ",NYSE American,N,N,ZDGE,Nasdaq Trader Symbol Directory
ZENA,"ZenaTech, Inc. - Common Stock",NASDAQ,N,N,ZENA,Nasdaq Trader Symbol Directory
ZEO,Zeo Energy Corporation - Class A Common Stock,NASDAQ,N,N,ZEO,Nasdaq Trader Symbol Directory
ZETA,Zeta Global Holdings Corp. Class A Common Stock,NYSE,N,N,ZETA,Nasdaq Trader Symbol Directory
ZG,"Zillow Group, Inc. - Class A Common Stock",NASDAQ,N,N,ZG,Nasdaq Trader Symbol Directory
ZGN,Ermenegildo Zegna N.V. Ordinary Shares,NYSE,N,N,ZGN,Nasdaq Trader Symbol Directory
ZIM,ZIM Integrated Shipping Services Ltd. Ordinary Shares,NYSE,N,N,ZIM,Nasdaq Trader Symbol Directory
ZION,Zions Bancorporation N.A. - Common Stock,NASDAQ,N,N,ZION,Nasdaq Trader Symbol Directory
ZIP,"ZipRecruiter, Inc. Class A Common Stock",NYSE,N,N,ZIP,Nasdaq Trader Symbol Directory
ZJK,"ZJK Industrial Co., Ltd. - Class A Ordinary Shares",NASDAQ,N,N,ZJK,Nasdaq Trader Symbol Directory
ZJYL,JIN MEDICAL INTERNATIONAL LTD. - Class A Ordinary Shares,NASDAQ,N,N,ZJYL,Nasdaq Trader Symbol Directory
ZKIN,"ZK International Group Co., Ltd - Ordinary Share",NASDAQ,N,N,ZKIN,Nasdaq Trader Symbol Directory
ZM,"Zoom Communications, Inc. - Class A Common Stock",NASDAQ,N,N,ZM,Nasdaq Trader Symbol Directory
ZNB,Zeta Network Group - Class A Ordinary Shares,NASDAQ,N,N,ZNB,Nasdaq Trader Symbol Directory
ZNTL,"Zentalis Pharmaceuticals, Inc. - common stock",NASDAQ,N,N,ZNTL,Nasdaq Trader Symbol Directory
ZONE,CleanCore Solutions Inc. Class B Common Stock,NYSE American,N,N,ZONE,Nasdaq Trader Symbol Directory
ZOOZ,ZOOZ Strategy Ltd. - Ordinary Shares,NASDAQ,N,N,ZOOZ,Nasdaq Trader Symbol Directory
ZS,"Zscaler, Inc. - Common Stock",NASDAQ,N,N,ZS,Nasdaq Trader Symbol Directory
ZSQR,Z Squared Inc. - Common Stock,NASDAQ,N,N,ZSQR,Nasdaq Trader Symbol Directory
ZSTK,ZeroStack Corp. - Common Stock,NASDAQ,N,N,ZSTK,Nasdaq Trader Symbol Directory
ZTEK,Zentek Ltd. - common stock,NASDAQ,N,N,ZTEK,Nasdaq Trader Symbol Directory
ZTG,Zenta Group Company Limited - Class A Ordinary Shares,NASDAQ,N,N,ZTG,Nasdaq Trader Symbol Directory
ZTR,Virtus Total Return Fund Inc.,NYSE,N,N,ZTR,Nasdaq Trader Symbol Directory
ZTS,Zoetis Inc. Class A Common Stock,NYSE,N,N,ZTS,Nasdaq Trader Symbol Directory
ZUMZ,Zumiez Inc. - Common Stock,NASDAQ,N,N,ZUMZ,Nasdaq Trader Symbol Directory
ZURA,Zura Bio Limited - Class A Ordinary shares,NASDAQ,N,N,ZURA,Nasdaq Trader Symbol Directory
ZVIA,Zevia PBC Class A Common Stock,NYSE,N,N,ZVIA,Nasdaq Trader Symbol Directory
ZVRA,"Zevra Therapeutics, Inc.  - Common Stock",NASDAQ,N,N,ZVRA,Nasdaq Trader Symbol Directory
ZWS,Zurn Elkay Water Solutions Corporation Common Stock,NYSE,N,N,ZWS,Nasdaq Trader Symbol Directory
ZYBT,Zhengye Biotechnology Holding Limited - Class A Ordinary Shares,NASDAQ,N,N,ZYBT,Nasdaq Trader Symbol Directory
ZYME,Zymeworks Inc. - Common Stock,NASDAQ,N,N,ZYME,Nasdaq Trader Symbol Directory
